WARNING:app.server:SSLContext.set_ciphersuites недоступен Ч используютс€ дефолтные TLS 1.3 cipher suites OpenSSL
INFO:app.server:mTLS выключен: провер€етс€ только серверный сертификат
INFO:app.server:TLS готов: min_version=1.2, ciphers(TLS\u22641.2)=9 шт., ciphers(TLS 1.3)=по умолчанию
INFO:app.server:SSLContext передан в uvicorn
INFO:     Started server process [10220]
INFO:     Waiting for application startup.
INFO:     Application startup complete.
INFO:     Uvicorn running on https://192.168.1.103:8010 (Press CTRL+C to quit)
INFO:     192.168.1.103:51548 - "POST /api/v1/auth/login HTTP/1.1" 200 OK
INFO:     192.168.1.103:51548 - "GET /api/v1/auth/me HTTP/1.1" 200 OK
INFO:httpx:HTTP Request: GET https://127.0.0.1:5000/api/state "HTTP/1.1 200 OK"
INFO:httpx:HTTP Request: GET https://localhost:8000/ "HTTP/1.1 404 Not Found"
INFO:httpx:HTTP Request: GET http://localhost:8080/health "HTTP/1.1 200 OK"
ERROR:    Unhandled exception on /api/v1/admin/system/info
Traceback (most recent call last):
  File "C:\Users\Everrain\AppData\Local\Programs\Python\Python311\Lib\site-packages\starlette\middleware\errors.py", line 164, in __call__
    await self.app(scope, receive, _send)
  File "C:\Users\Everrain\AppData\Local\Programs\Python\Python311\Lib\contextlib.py", line 222, in __aexit__
    await self.gen.athrow(typ, value, traceback)
  File "C:\Users\Everrain\AppData\Local\Programs\Python\Python311\Lib\site-packages\starlette\_utils.py", line 93, in create_collapsing_task_group
    raise exc from exc.__cause__ or context
  File "C:\Users\Everrain\AppData\Local\Programs\Python\Python311\Lib\site-packages\starlette\_utils.py", line 86, in create_collapsing_task_group
    yield tg
  File "C:\Users\Everrain\AppData\Local\Programs\Python\Python311\Lib\site-packages\starlette\middleware\base.py", line 193, in __call__
    response = await self.dispatch_func(request, call_next)
               ^^^^^^^^^^^^^^^^^^^^^^^^^^^^^^^^^^^^^^^^^^^^
  File "D:\repos\112\Simulator112\serv-112\backend\app\main.py", line 289, in _request_context_middleware
    response = await call_next(request)
               ^^^^^^^^^^^^^^^^^^^^^^^^
  File "C:\Users\Everrain\AppData\Local\Programs\Python\Python311\Lib\site-packages\starlette\middleware\base.py", line 168, in call_next
    raise app_exc from app_exc.__cause__ or app_exc.__context__
  File "C:\Users\Everrain\AppData\Local\Programs\Python\Python311\Lib\site-packages\starlette\middleware\base.py", line 144, in coro
    await self.app(scope, receive_or_disconnect, send_no_error)
  File "C:\Users\Everrain\AppData\Local\Programs\Python\Python311\Lib\site-packages\starlette\middleware\cors.py", line 88, in __call__
    await self.app(scope, receive, send)
  File "C:\Users\Everrain\AppData\Local\Programs\Python\Python311\Lib\site-packages\starlette\middleware\exceptions.py", line 63, in __call__
    await wrap_app_handling_exceptions(self.app, conn)(scope, receive, send)
  File "C:\Users\Everrain\AppData\Local\Programs\Python\Python311\Lib\site-packages\starlette\_exception_handler.py", line 53, in wrapped_app
    raise exc
  File "C:\Users\Everrain\AppData\Local\Programs\Python\Python311\Lib\site-packages\starlette\_exception_handler.py", line 42, in wrapped_app
    await app(scope, receive, sender)
  File "C:\Users\Everrain\AppData\Local\Programs\Python\Python311\Lib\site-packages\fastapi\middleware\asyncexitstack.py", line 18, in __call__
    await self.app(scope, receive, send)
  File "C:\Users\Everrain\AppData\Local\Programs\Python\Python311\Lib\site-packages\starlette\routing.py", line 670, in __call__
    await self.middleware_stack(scope, receive, send)
  File "C:\Users\Everrain\AppData\Local\Programs\Python\Python311\Lib\site-packages\fastapi\routing.py", line 2734, in app
    await route.handle(scope, receive, send)
  File "C:\Users\Everrain\AppData\Local\Programs\Python\Python311\Lib\site-packages\fastapi\routing.py", line 1780, in handle
    await self.original_router.handle(scope, receive, send)
  File "C:\Users\Everrain\AppData\Local\Programs\Python\Python311\Lib\site-packages\fastapi\routing.py", line 2789, in handle
    await included_router._handle_selected(scope, receive, send)
  File "C:\Users\Everrain\AppData\Local\Programs\Python\Python311\Lib\site-packages\fastapi\routing.py", line 1791, in _handle_selected
    await route.handle(scope, receive, send)
  File "C:\Users\Everrain\AppData\Local\Programs\Python\Python311\Lib\site-packages\fastapi\routing.py", line 1780, in handle
    await self.original_router.handle(scope, receive, send)
  File "C:\Users\Everrain\AppData\Local\Programs\Python\Python311\Lib\site-packages\fastapi\routing.py", line 2789, in handle
    await included_router._handle_selected(scope, receive, send)
  File "C:\Users\Everrain\AppData\Local\Programs\Python\Python311\Lib\site-packages\fastapi\routing.py", line 1800, in _handle_selected
    await original_route.handle(scope, receive, send)
  File "C:\Users\Everrain\AppData\Local\Programs\Python\Python311\Lib\site-packages\fastapi\routing.py", line 1279, in handle
    await app(scope, receive, send)
  File "C:\Users\Everrain\AppData\Local\Programs\Python\Python311\Lib\site-packages\fastapi\routing.py", line 158, in app
    await wrap_app_handling_exceptions(app, request)(scope, receive, send)
  File "C:\Users\Everrain\AppData\Local\Programs\Python\Python311\Lib\site-packages\starlette\_exception_handler.py", line 53, in wrapped_app
    raise exc
  File "C:\Users\Everrain\AppData\Local\Programs\Python\Python311\Lib\site-packages\starlette\_exception_handler.py", line 42, in wrapped_app
    await app(scope, receive, sender)
  File "C:\Users\Everrain\AppData\Local\Programs\Python\Python311\Lib\contextlib.py", line 222, in __aexit__
    await self.gen.athrow(typ, value, traceback)
  File "C:\Users\Everrain\AppData\Local\Programs\Python\Python311\Lib\contextlib.py", line 222, in __aexit__
    await self.gen.athrow(typ, value, traceback)
  File "D:\repos\112\Simulator112\serv-112\backend\app\database.py", line 119, in unit_of_work
    yield session
  File "D:\repos\112\Simulator112\serv-112\backend\app\database.py", line 135, in get_session
    yield session
  File "C:\Users\Everrain\AppData\Local\Programs\Python\Python311\Lib\site-packages\fastapi\routing.py", line 144, in app
    response = await f(request)
               ^^^^^^^^^^^^^^^^
  File "C:\Users\Everrain\AppData\Local\Programs\Python\Python311\Lib\site-packages\fastapi\routing.py", line 727, in app
    content = await serialize_response(
              ^^^^^^^^^^^^^^^^^^^^^^^^^
  File "C:\Users\Everrain\AppData\Local\Programs\Python\Python311\Lib\site-packages\fastapi\routing.py", line 324, in serialize_response
    raise ResponseValidationError(
fastapi.exceptions.ResponseValidationError: 1 validation error:
  {'type': 'model_attributes_type', 'loc': ('response',), 'msg': 'Input should be a valid dictionary or object to extract fields from', 'input': None}

  File "D:\repos\112\Simulator112\serv-112\backend\app\api\v1\admin.py", line 61, in system_info
    GET /api/v1/admin/system/info
INFO:     192.168.1.103:51548 - "GET /api/v1/admin/system/info HTTP/1.1" 500 Internal Server Error
ERROR:    Exception in ASGI application
Traceback (most recent call last):
  File "C:\Users\Everrain\AppData\Local\Programs\Python\Python311\Lib\site-packages\uvicorn\protocols\http\httptools_impl.py", line 422, in run_asgi
    result = await app(  # type: ignore[func-returns-value]
             ^^^^^^^^^^^^^^^^^^^^^^^^^^^^^^^^^^^^^^^^^^^^^^
  File "C:\Users\Everrain\AppData\Local\Programs\Python\Python311\Lib\site-packages\fastapi\applications.py", line 1163, in __call__
    await super().__call__(scope, receive, send)
  File "C:\Users\Everrain\AppData\Local\Programs\Python\Python311\Lib\site-packages\starlette\applications.py", line 96, in __call__
    await self.middleware_stack(scope, receive, send)
  File "C:\Users\Everrain\AppData\Local\Programs\Python\Python311\Lib\site-packages\starlette\middleware\errors.py", line 186, in __call__
    raise exc
  File "C:\Users\Everrain\AppData\Local\Programs\Python\Python311\Lib\site-packages\starlette\middleware\errors.py", line 164, in __call__
    await self.app(scope, receive, _send)
  File "C:\Users\Everrain\AppData\Local\Programs\Python\Python311\Lib\contextlib.py", line 222, in __aexit__
    await self.gen.athrow(typ, value, traceback)
  File "C:\Users\Everrain\AppData\Local\Programs\Python\Python311\Lib\site-packages\starlette\_utils.py", line 93, in create_collapsing_task_group
    raise exc from exc.__cause__ or context
  File "C:\Users\Everrain\AppData\Local\Programs\Python\Python311\Lib\site-packages\starlette\_utils.py", line 86, in create_collapsing_task_group
    yield tg
  File "C:\Users\Everrain\AppData\Local\Programs\Python\Python311\Lib\site-packages\starlette\middleware\base.py", line 193, in __call__
    response = await self.dispatch_func(request, call_next)
               ^^^^^^^^^^^^^^^^^^^^^^^^^^^^^^^^^^^^^^^^^^^^
  File "D:\repos\112\Simulator112\serv-112\backend\app\main.py", line 289, in _request_context_middleware
    response = await call_next(request)
               ^^^^^^^^^^^^^^^^^^^^^^^^
  File "C:\Users\Everrain\AppData\Local\Programs\Python\Python311\Lib\site-packages\starlette\middleware\base.py", line 168, in call_next
    raise app_exc from app_exc.__cause__ or app_exc.__context__
  File "C:\Users\Everrain\AppData\Local\Programs\Python\Python311\Lib\site-packages\starlette\middleware\base.py", line 144, in coro
    await self.app(scope, receive_or_disconnect, send_no_error)
  File "C:\Users\Everrain\AppData\Local\Programs\Python\Python311\Lib\site-packages\starlette\middleware\cors.py", line 88, in __call__
    await self.app(scope, receive, send)
  File "C:\Users\Everrain\AppData\Local\Programs\Python\Python311\Lib\site-packages\starlette\middleware\exceptions.py", line 63, in __call__
    await wrap_app_handling_exceptions(self.app, conn)(scope, receive, send)
  File "C:\Users\Everrain\AppData\Local\Programs\Python\Python311\Lib\site-packages\starlette\_exception_handler.py", line 53, in wrapped_app
    raise exc
  File "C:\Users\Everrain\AppData\Local\Programs\Python\Python311\Lib\site-packages\starlette\_exception_handler.py", line 42, in wrapped_app
    await app(scope, receive, sender)
  File "C:\Users\Everrain\AppData\Local\Programs\Python\Python311\Lib\site-packages\fastapi\middleware\asyncexitstack.py", line 18, in __call__
    await self.app(scope, receive, send)
  File "C:\Users\Everrain\AppData\Local\Programs\Python\Python311\Lib\site-packages\starlette\routing.py", line 670, in __call__
    await self.middleware_stack(scope, receive, send)
  File "C:\Users\Everrain\AppData\Local\Programs\Python\Python311\Lib\site-packages\fastapi\routing.py", line 2734, in app
    await route.handle(scope, receive, send)
  File "C:\Users\Everrain\AppData\Local\Programs\Python\Python311\Lib\site-packages\fastapi\routing.py", line 1780, in handle
    await self.original_router.handle(scope, receive, send)
  File "C:\Users\Everrain\AppData\Local\Programs\Python\Python311\Lib\site-packages\fastapi\routing.py", line 2789, in handle
    await included_router._handle_selected(scope, receive, send)
  File "C:\Users\Everrain\AppData\Local\Programs\Python\Python311\Lib\site-packages\fastapi\routing.py", line 1791, in _handle_selected
    await route.handle(scope, receive, send)
  File "C:\Users\Everrain\AppData\Local\Programs\Python\Python311\Lib\site-packages\fastapi\routing.py", line 1780, in handle
    await self.original_router.handle(scope, receive, send)
  File "C:\Users\Everrain\AppData\Local\Programs\Python\Python311\Lib\site-packages\fastapi\routing.py", line 2789, in handle
    await included_router._handle_selected(scope, receive, send)
  File "C:\Users\Everrain\AppData\Local\Programs\Python\Python311\Lib\site-packages\fastapi\routing.py", line 1800, in _handle_selected
    await original_route.handle(scope, receive, send)
  File "C:\Users\Everrain\AppData\Local\Programs\Python\Python311\Lib\site-packages\fastapi\routing.py", line 1279, in handle
    await app(scope, receive, send)
  File "C:\Users\Everrain\AppData\Local\Programs\Python\Python311\Lib\site-packages\fastapi\routing.py", line 158, in app
    await wrap_app_handling_exceptions(app, request)(scope, receive, send)
  File "C:\Users\Everrain\AppData\Local\Programs\Python\Python311\Lib\site-packages\starlette\_exception_handler.py", line 53, in wrapped_app
    raise exc
  File "C:\Users\Everrain\AppData\Local\Programs\Python\Python311\Lib\site-packages\starlette\_exception_handler.py", line 42, in wrapped_app
    await app(scope, receive, sender)
  File "C:\Users\Everrain\AppData\Local\Programs\Python\Python311\Lib\contextlib.py", line 222, in __aexit__
    await self.gen.athrow(typ, value, traceback)
  File "C:\Users\Everrain\AppData\Local\Programs\Python\Python311\Lib\contextlib.py", line 222, in __aexit__
    await self.gen.athrow(typ, value, traceback)
  File "D:\repos\112\Simulator112\serv-112\backend\app\database.py", line 119, in unit_of_work
    yield session
  File "D:\repos\112\Simulator112\serv-112\backend\app\database.py", line 135, in get_session
    yield session
  File "C:\Users\Everrain\AppData\Local\Programs\Python\Python311\Lib\site-packages\fastapi\routing.py", line 144, in app
    response = await f(request)
               ^^^^^^^^^^^^^^^^
  File "C:\Users\Everrain\AppData\Local\Programs\Python\Python311\Lib\site-packages\fastapi\routing.py", line 727, in app
    content = await serialize_response(
              ^^^^^^^^^^^^^^^^^^^^^^^^^
  File "C:\Users\Everrain\AppData\Local\Programs\Python\Python311\Lib\site-packages\fastapi\routing.py", line 324, in serialize_response
    raise ResponseValidationError(
fastapi.exceptions.ResponseValidationError: 1 validation error:
  {'type': 'model_attributes_type', 'loc': ('response',), 'msg': 'Input should be a valid dictionary or object to extract fields from', 'input': None}

  File "D:\repos\112\Simulator112\serv-112\backend\app\api\v1\admin.py", line 61, in system_info
    GET /api/v1/admin/system/info
INFO:httpx:HTTP Request: GET https://127.0.0.1:5000/api/state "HTTP/1.1 200 OK"
INFO:httpx:HTTP Request: GET https://localhost:8000/ "HTTP/1.1 404 Not Found"
INFO:httpx:HTTP Request: GET http://localhost:8080/health "HTTP/1.1 200 OK"
ERROR:    Unhandled exception on /api/v1/admin/system/info
Traceback (most recent call last):
  File "C:\Users\Everrain\AppData\Local\Programs\Python\Python311\Lib\site-packages\starlette\middleware\errors.py", line 164, in __call__
    await self.app(scope, receive, _send)
  File "C:\Users\Everrain\AppData\Local\Programs\Python\Python311\Lib\contextlib.py", line 222, in __aexit__
    await self.gen.athrow(typ, value, traceback)
  File "C:\Users\Everrain\AppData\Local\Programs\Python\Python311\Lib\site-packages\starlette\_utils.py", line 93, in create_collapsing_task_group
    raise exc from exc.__cause__ or context
  File "C:\Users\Everrain\AppData\Local\Programs\Python\Python311\Lib\site-packages\starlette\_utils.py", line 86, in create_collapsing_task_group
    yield tg
  File "C:\Users\Everrain\AppData\Local\Programs\Python\Python311\Lib\site-packages\starlette\middleware\base.py", line 193, in __call__
    response = await self.dispatch_func(request, call_next)
               ^^^^^^^^^^^^^^^^^^^^^^^^^^^^^^^^^^^^^^^^^^^^
  File "D:\repos\112\Simulator112\serv-112\backend\app\main.py", line 289, in _request_context_middleware
    response = await call_next(request)
               ^^^^^^^^^^^^^^^^^^^^^^^^
  File "C:\Users\Everrain\AppData\Local\Programs\Python\Python311\Lib\site-packages\starlette\middleware\base.py", line 168, in call_next
    raise app_exc from app_exc.__cause__ or app_exc.__context__
  File "C:\Users\Everrain\AppData\Local\Programs\Python\Python311\Lib\site-packages\starlette\middleware\base.py", line 144, in coro
    await self.app(scope, receive_or_disconnect, send_no_error)
  File "C:\Users\Everrain\AppData\Local\Programs\Python\Python311\Lib\site-packages\starlette\middleware\cors.py", line 88, in __call__
    await self.app(scope, receive, send)
  File "C:\Users\Everrain\AppData\Local\Programs\Python\Python311\Lib\site-packages\starlette\middleware\exceptions.py", line 63, in __call__
    await wrap_app_handling_exceptions(self.app, conn)(scope, receive, send)
  File "C:\Users\Everrain\AppData\Local\Programs\Python\Python311\Lib\site-packages\starlette\_exception_handler.py", line 53, in wrapped_app
    raise exc
  File "C:\Users\Everrain\AppData\Local\Programs\Python\Python311\Lib\site-packages\starlette\_exception_handler.py", line 42, in wrapped_app
    await app(scope, receive, sender)
  File "C:\Users\Everrain\AppData\Local\Programs\Python\Python311\Lib\site-packages\fastapi\middleware\asyncexitstack.py", line 18, in __call__
    await self.app(scope, receive, send)
  File "C:\Users\Everrain\AppData\Local\Programs\Python\Python311\Lib\site-packages\starlette\routing.py", line 670, in __call__
    await self.middleware_stack(scope, receive, send)
  File "C:\Users\Everrain\AppData\Local\Programs\Python\Python311\Lib\site-packages\fastapi\routing.py", line 2734, in app
    await route.handle(scope, receive, send)
  File "C:\Users\Everrain\AppData\Local\Programs\Python\Python311\Lib\site-packages\fastapi\routing.py", line 1780, in handle
    await self.original_router.handle(scope, receive, send)
  File "C:\Users\Everrain\AppData\Local\Programs\Python\Python311\Lib\site-packages\fastapi\routing.py", line 2789, in handle
    await included_router._handle_selected(scope, receive, send)
  File "C:\Users\Everrain\AppData\Local\Programs\Python\Python311\Lib\site-packages\fastapi\routing.py", line 1791, in _handle_selected
    await route.handle(scope, receive, send)
  File "C:\Users\Everrain\AppData\Local\Programs\Python\Python311\Lib\site-packages\fastapi\routing.py", line 1780, in handle
    await self.original_router.handle(scope, receive, send)
  File "C:\Users\Everrain\AppData\Local\Programs\Python\Python311\Lib\site-packages\fastapi\routing.py", line 2789, in handle
    await included_router._handle_selected(scope, receive, send)
  File "C:\Users\Everrain\AppData\Local\Programs\Python\Python311\Lib\site-packages\fastapi\routing.py", line 1800, in _handle_selected
    await original_route.handle(scope, receive, send)
  File "C:\Users\Everrain\AppData\Local\Programs\Python\Python311\Lib\site-packages\fastapi\routing.py", line 1279, in handle
    await app(scope, receive, send)
  File "C:\Users\Everrain\AppData\Local\Programs\Python\Python311\Lib\site-packages\fastapi\routing.py", line 158, in app
    await wrap_app_handling_exceptions(app, request)(scope, receive, send)
  File "C:\Users\Everrain\AppData\Local\Programs\Python\Python311\Lib\site-packages\starlette\_exception_handler.py", line 53, in wrapped_app
    raise exc
  File "C:\Users\Everrain\AppData\Local\Programs\Python\Python311\Lib\site-packages\starlette\_exception_handler.py", line 42, in wrapped_app
    await app(scope, receive, sender)
  File "C:\Users\Everrain\AppData\Local\Programs\Python\Python311\Lib\contextlib.py", line 222, in __aexit__
    await self.gen.athrow(typ, value, traceback)
  File "C:\Users\Everrain\AppData\Local\Programs\Python\Python311\Lib\contextlib.py", line 222, in __aexit__
    await self.gen.athrow(typ, value, traceback)
  File "D:\repos\112\Simulator112\serv-112\backend\app\database.py", line 119, in unit_of_work
    yield session
  File "D:\repos\112\Simulator112\serv-112\backend\app\database.py", line 135, in get_session
    yield session
  File "C:\Users\Everrain\AppData\Local\Programs\Python\Python311\Lib\site-packages\fastapi\routing.py", line 144, in app
    response = await f(request)
               ^^^^^^^^^^^^^^^^
  File "C:\Users\Everrain\AppData\Local\Programs\Python\Python311\Lib\site-packages\fastapi\routing.py", line 727, in app
    content = await serialize_response(
              ^^^^^^^^^^^^^^^^^^^^^^^^^
  File "C:\Users\Everrain\AppData\Local\Programs\Python\Python311\Lib\site-packages\fastapi\routing.py", line 324, in serialize_response
    raise ResponseValidationError(
fastapi.exceptions.ResponseValidationError: 1 validation error:
  {'type': 'model_attributes_type', 'loc': ('response',), 'msg': 'Input should be a valid dictionary or object to extract fields from', 'input': None}

  File "D:\repos\112\Simulator112\serv-112\backend\app\api\v1\admin.py", line 61, in system_info
    GET /api/v1/admin/system/info
INFO:     192.168.1.103:51568 - "GET /api/v1/admin/system/info HTTP/1.1" 500 Internal Server Error
ERROR:    Exception in ASGI application
Traceback (most recent call last):
  File "C:\Users\Everrain\AppData\Local\Programs\Python\Python311\Lib\site-packages\uvicorn\protocols\http\httptools_impl.py", line 422, in run_asgi
    result = await app(  # type: ignore[func-returns-value]
             ^^^^^^^^^^^^^^^^^^^^^^^^^^^^^^^^^^^^^^^^^^^^^^
  File "C:\Users\Everrain\AppData\Local\Programs\Python\Python311\Lib\site-packages\fastapi\applications.py", line 1163, in __call__
    await super().__call__(scope, receive, send)
  File "C:\Users\Everrain\AppData\Local\Programs\Python\Python311\Lib\site-packages\starlette\applications.py", line 96, in __call__
    await self.middleware_stack(scope, receive, send)
  File "C:\Users\Everrain\AppData\Local\Programs\Python\Python311\Lib\site-packages\starlette\middleware\errors.py", line 186, in __call__
    raise exc
  File "C:\Users\Everrain\AppData\Local\Programs\Python\Python311\Lib\site-packages\starlette\middleware\errors.py", line 164, in __call__
    await self.app(scope, receive, _send)
  File "C:\Users\Everrain\AppData\Local\Programs\Python\Python311\Lib\contextlib.py", line 222, in __aexit__
    await self.gen.athrow(typ, value, traceback)
  File "C:\Users\Everrain\AppData\Local\Programs\Python\Python311\Lib\site-packages\starlette\_utils.py", line 93, in create_collapsing_task_group
    raise exc from exc.__cause__ or context
  File "C:\Users\Everrain\AppData\Local\Programs\Python\Python311\Lib\site-packages\starlette\_utils.py", line 86, in create_collapsing_task_group
    yield tg
  File "C:\Users\Everrain\AppData\Local\Programs\Python\Python311\Lib\site-packages\starlette\middleware\base.py", line 193, in __call__
    response = await self.dispatch_func(request, call_next)
               ^^^^^^^^^^^^^^^^^^^^^^^^^^^^^^^^^^^^^^^^^^^^
  File "D:\repos\112\Simulator112\serv-112\backend\app\main.py", line 289, in _request_context_middleware
    response = await call_next(request)
               ^^^^^^^^^^^^^^^^^^^^^^^^
  File "C:\Users\Everrain\AppData\Local\Programs\Python\Python311\Lib\site-packages\starlette\middleware\base.py", line 168, in call_next
    raise app_exc from app_exc.__cause__ or app_exc.__context__
  File "C:\Users\Everrain\AppData\Local\Programs\Python\Python311\Lib\site-packages\starlette\middleware\base.py", line 144, in coro
    await self.app(scope, receive_or_disconnect, send_no_error)
  File "C:\Users\Everrain\AppData\Local\Programs\Python\Python311\Lib\site-packages\starlette\middleware\cors.py", line 88, in __call__
    await self.app(scope, receive, send)
  File "C:\Users\Everrain\AppData\Local\Programs\Python\Python311\Lib\site-packages\starlette\middleware\exceptions.py", line 63, in __call__
    await wrap_app_handling_exceptions(self.app, conn)(scope, receive, send)
  File "C:\Users\Everrain\AppData\Local\Programs\Python\Python311\Lib\site-packages\starlette\_exception_handler.py", line 53, in wrapped_app
    raise exc
  File "C:\Users\Everrain\AppData\Local\Programs\Python\Python311\Lib\site-packages\starlette\_exception_handler.py", line 42, in wrapped_app
    await app(scope, receive, sender)
  File "C:\Users\Everrain\AppData\Local\Programs\Python\Python311\Lib\site-packages\fastapi\middleware\asyncexitstack.py", line 18, in __call__
    await self.app(scope, receive, send)
  File "C:\Users\Everrain\AppData\Local\Programs\Python\Python311\Lib\site-packages\starlette\routing.py", line 670, in __call__
    await self.middleware_stack(scope, receive, send)
  File "C:\Users\Everrain\AppData\Local\Programs\Python\Python311\Lib\site-packages\fastapi\routing.py", line 2734, in app
    await route.handle(scope, receive, send)
  File "C:\Users\Everrain\AppData\Local\Programs\Python\Python311\Lib\site-packages\fastapi\routing.py", line 1780, in handle
    await self.original_router.handle(scope, receive, send)
  File "C:\Users\Everrain\AppData\Local\Programs\Python\Python311\Lib\site-packages\fastapi\routing.py", line 2789, in handle
    await included_router._handle_selected(scope, receive, send)
  File "C:\Users\Everrain\AppData\Local\Programs\Python\Python311\Lib\site-packages\fastapi\routing.py", line 1791, in _handle_selected
    await route.handle(scope, receive, send)
  File "C:\Users\Everrain\AppData\Local\Programs\Python\Python311\Lib\site-packages\fastapi\routing.py", line 1780, in handle
    await self.original_router.handle(scope, receive, send)
  File "C:\Users\Everrain\AppData\Local\Programs\Python\Python311\Lib\site-packages\fastapi\routing.py", line 2789, in handle
    await included_router._handle_selected(scope, receive, send)
  File "C:\Users\Everrain\AppData\Local\Programs\Python\Python311\Lib\site-packages\fastapi\routing.py", line 1800, in _handle_selected
    await original_route.handle(scope, receive, send)
  File "C:\Users\Everrain\AppData\Local\Programs\Python\Python311\Lib\site-packages\fastapi\routing.py", line 1279, in handle
    await app(scope, receive, send)
  File "C:\Users\Everrain\AppData\Local\Programs\Python\Python311\Lib\site-packages\fastapi\routing.py", line 158, in app
    await wrap_app_handling_exceptions(app, request)(scope, receive, send)
  File "C:\Users\Everrain\AppData\Local\Programs\Python\Python311\Lib\site-packages\starlette\_exception_handler.py", line 53, in wrapped_app
    raise exc
  File "C:\Users\Everrain\AppData\Local\Programs\Python\Python311\Lib\site-packages\starlette\_exception_handler.py", line 42, in wrapped_app
    await app(scope, receive, sender)
  File "C:\Users\Everrain\AppData\Local\Programs\Python\Python311\Lib\contextlib.py", line 222, in __aexit__
    await self.gen.athrow(typ, value, traceback)
  File "C:\Users\Everrain\AppData\Local\Programs\Python\Python311\Lib\contextlib.py", line 222, in __aexit__
    await self.gen.athrow(typ, value, traceback)
  File "D:\repos\112\Simulator112\serv-112\backend\app\database.py", line 119, in unit_of_work
    yield session
  File "D:\repos\112\Simulator112\serv-112\backend\app\database.py", line 135, in get_session
    yield session
  File "C:\Users\Everrain\AppData\Local\Programs\Python\Python311\Lib\site-packages\fastapi\routing.py", line 144, in app
    response = await f(request)
               ^^^^^^^^^^^^^^^^
  File "C:\Users\Everrain\AppData\Local\Programs\Python\Python311\Lib\site-packages\fastapi\routing.py", line 727, in app
    content = await serialize_response(
              ^^^^^^^^^^^^^^^^^^^^^^^^^
  File "C:\Users\Everrain\AppData\Local\Programs\Python\Python311\Lib\site-packages\fastapi\routing.py", line 324, in serialize_response
    raise ResponseValidationError(
fastapi.exceptions.ResponseValidationError: 1 validation error:
  {'type': 'model_attributes_type', 'loc': ('response',), 'msg': 'Input should be a valid dictionary or object to extract fields from', 'input': None}

  File "D:\repos\112\Simulator112\serv-112\backend\app\api\v1\admin.py", line 61, in system_info
    GET /api/v1/admin/system/info
INFO:httpx:HTTP Request: GET https://127.0.0.1:5000/api/state "HTTP/1.1 200 OK"
INFO:httpx:HTTP Request: GET https://localhost:8000/ "HTTP/1.1 404 Not Found"
INFO:httpx:HTTP Request: GET http://localhost:8080/health "HTTP/1.1 200 OK"
ERROR:    Unhandled exception on /api/v1/admin/system/info
Traceback (most recent call last):
  File "C:\Users\Everrain\AppData\Local\Programs\Python\Python311\Lib\site-packages\starlette\middleware\errors.py", line 164, in __call__
    await self.app(scope, receive, _send)
  File "C:\Users\Everrain\AppData\Local\Programs\Python\Python311\Lib\contextlib.py", line 222, in __aexit__
    await self.gen.athrow(typ, value, traceback)
  File "C:\Users\Everrain\AppData\Local\Programs\Python\Python311\Lib\site-packages\starlette\_utils.py", line 93, in create_collapsing_task_group
    raise exc from exc.__cause__ or context
  File "C:\Users\Everrain\AppData\Local\Programs\Python\Python311\Lib\site-packages\starlette\_utils.py", line 86, in create_collapsing_task_group
    yield tg
  File "C:\Users\Everrain\AppData\Local\Programs\Python\Python311\Lib\site-packages\starlette\middleware\base.py", line 193, in __call__
    response = await self.dispatch_func(request, call_next)
               ^^^^^^^^^^^^^^^^^^^^^^^^^^^^^^^^^^^^^^^^^^^^
  File "D:\repos\112\Simulator112\serv-112\backend\app\main.py", line 289, in _request_context_middleware
    response = await call_next(request)
               ^^^^^^^^^^^^^^^^^^^^^^^^
  File "C:\Users\Everrain\AppData\Local\Programs\Python\Python311\Lib\site-packages\starlette\middleware\base.py", line 168, in call_next
    raise app_exc from app_exc.__cause__ or app_exc.__context__
  File "C:\Users\Everrain\AppData\Local\Programs\Python\Python311\Lib\site-packages\starlette\middleware\base.py", line 144, in coro
    await self.app(scope, receive_or_disconnect, send_no_error)
  File "C:\Users\Everrain\AppData\Local\Programs\Python\Python311\Lib\site-packages\starlette\middleware\cors.py", line 88, in __call__
    await self.app(scope, receive, send)
  File "C:\Users\Everrain\AppData\Local\Programs\Python\Python311\Lib\site-packages\starlette\middleware\exceptions.py", line 63, in __call__
    await wrap_app_handling_exceptions(self.app, conn)(scope, receive, send)
  File "C:\Users\Everrain\AppData\Local\Programs\Python\Python311\Lib\site-packages\starlette\_exception_handler.py", line 53, in wrapped_app
    raise exc
  File "C:\Users\Everrain\AppData\Local\Programs\Python\Python311\Lib\site-packages\starlette\_exception_handler.py", line 42, in wrapped_app
    await app(scope, receive, sender)
  File "C:\Users\Everrain\AppData\Local\Programs\Python\Python311\Lib\site-packages\fastapi\middleware\asyncexitstack.py", line 18, in __call__
    await self.app(scope, receive, send)
  File "C:\Users\Everrain\AppData\Local\Programs\Python\Python311\Lib\site-packages\starlette\routing.py", line 670, in __call__
    await self.middleware_stack(scope, receive, send)
  File "C:\Users\Everrain\AppData\Local\Programs\Python\Python311\Lib\site-packages\fastapi\routing.py", line 2734, in app
    await route.handle(scope, receive, send)
  File "C:\Users\Everrain\AppData\Local\Programs\Python\Python311\Lib\site-packages\fastapi\routing.py", line 1780, in handle
    await self.original_router.handle(scope, receive, send)
  File "C:\Users\Everrain\AppData\Local\Programs\Python\Python311\Lib\site-packages\fastapi\routing.py", line 2789, in handle
    await included_router._handle_selected(scope, receive, send)
  File "C:\Users\Everrain\AppData\Local\Programs\Python\Python311\Lib\site-packages\fastapi\routing.py", line 1791, in _handle_selected
    await route.handle(scope, receive, send)
  File "C:\Users\Everrain\AppData\Local\Programs\Python\Python311\Lib\site-packages\fastapi\routing.py", line 1780, in handle
    await self.original_router.handle(scope, receive, send)
  File "C:\Users\Everrain\AppData\Local\Programs\Python\Python311\Lib\site-packages\fastapi\routing.py", line 2789, in handle
    await included_router._handle_selected(scope, receive, send)
  File "C:\Users\Everrain\AppData\Local\Programs\Python\Python311\Lib\site-packages\fastapi\routing.py", line 1800, in _handle_selected
    await original_route.handle(scope, receive, send)
  File "C:\Users\Everrain\AppData\Local\Programs\Python\Python311\Lib\site-packages\fastapi\routing.py", line 1279, in handle
    await app(scope, receive, send)
  File "C:\Users\Everrain\AppData\Local\Programs\Python\Python311\Lib\site-packages\fastapi\routing.py", line 158, in app
    await wrap_app_handling_exceptions(app, request)(scope, receive, send)
  File "C:\Users\Everrain\AppData\Local\Programs\Python\Python311\Lib\site-packages\starlette\_exception_handler.py", line 53, in wrapped_app
    raise exc
  File "C:\Users\Everrain\AppData\Local\Programs\Python\Python311\Lib\site-packages\starlette\_exception_handler.py", line 42, in wrapped_app
    await app(scope, receive, sender)
  File "C:\Users\Everrain\AppData\Local\Programs\Python\Python311\Lib\contextlib.py", line 222, in __aexit__
    await self.gen.athrow(typ, value, traceback)
  File "C:\Users\Everrain\AppData\Local\Programs\Python\Python311\Lib\contextlib.py", line 222, in __aexit__
    await self.gen.athrow(typ, value, traceback)
  File "D:\repos\112\Simulator112\serv-112\backend\app\database.py", line 119, in unit_of_work
    yield session
  File "D:\repos\112\Simulator112\serv-112\backend\app\database.py", line 135, in get_session
    yield session
  File "C:\Users\Everrain\AppData\Local\Programs\Python\Python311\Lib\site-packages\fastapi\routing.py", line 144, in app
    response = await f(request)
               ^^^^^^^^^^^^^^^^
  File "C:\Users\Everrain\AppData\Local\Programs\Python\Python311\Lib\site-packages\fastapi\routing.py", line 727, in app
    content = await serialize_response(
              ^^^^^^^^^^^^^^^^^^^^^^^^^
  File "C:\Users\Everrain\AppData\Local\Programs\Python\Python311\Lib\site-packages\fastapi\routing.py", line 324, in serialize_response
    raise ResponseValidationError(
fastapi.exceptions.ResponseValidationError: 1 validation error:
  {'type': 'model_attributes_type', 'loc': ('response',), 'msg': 'Input should be a valid dictionary or object to extract fields from', 'input': None}

  File "D:\repos\112\Simulator112\serv-112\backend\app\api\v1\admin.py", line 61, in system_info
    GET /api/v1/admin/system/info
INFO:     192.168.1.103:51576 - "GET /api/v1/admin/system/info HTTP/1.1" 500 Internal Server Error
ERROR:    Exception in ASGI application
Traceback (most recent call last):
  File "C:\Users\Everrain\AppData\Local\Programs\Python\Python311\Lib\site-packages\uvicorn\protocols\http\httptools_impl.py", line 422, in run_asgi
    result = await app(  # type: ignore[func-returns-value]
             ^^^^^^^^^^^^^^^^^^^^^^^^^^^^^^^^^^^^^^^^^^^^^^
  File "C:\Users\Everrain\AppData\Local\Programs\Python\Python311\Lib\site-packages\fastapi\applications.py", line 1163, in __call__
    await super().__call__(scope, receive, send)
  File "C:\Users\Everrain\AppData\Local\Programs\Python\Python311\Lib\site-packages\starlette\applications.py", line 96, in __call__
    await self.middleware_stack(scope, receive, send)
  File "C:\Users\Everrain\AppData\Local\Programs\Python\Python311\Lib\site-packages\starlette\middleware\errors.py", line 186, in __call__
    raise exc
  File "C:\Users\Everrain\AppData\Local\Programs\Python\Python311\Lib\site-packages\starlette\middleware\errors.py", line 164, in __call__
    await self.app(scope, receive, _send)
  File "C:\Users\Everrain\AppData\Local\Programs\Python\Python311\Lib\contextlib.py", line 222, in __aexit__
    await self.gen.athrow(typ, value, traceback)
  File "C:\Users\Everrain\AppData\Local\Programs\Python\Python311\Lib\site-packages\starlette\_utils.py", line 93, in create_collapsing_task_group
    raise exc from exc.__cause__ or context
  File "C:\Users\Everrain\AppData\Local\Programs\Python\Python311\Lib\site-packages\starlette\_utils.py", line 86, in create_collapsing_task_group
    yield tg
  File "C:\Users\Everrain\AppData\Local\Programs\Python\Python311\Lib\site-packages\starlette\middleware\base.py", line 193, in __call__
    response = await self.dispatch_func(request, call_next)
               ^^^^^^^^^^^^^^^^^^^^^^^^^^^^^^^^^^^^^^^^^^^^
  File "D:\repos\112\Simulator112\serv-112\backend\app\main.py", line 289, in _request_context_middleware
    response = await call_next(request)
               ^^^^^^^^^^^^^^^^^^^^^^^^
  File "C:\Users\Everrain\AppData\Local\Programs\Python\Python311\Lib\site-packages\starlette\middleware\base.py", line 168, in call_next
    raise app_exc from app_exc.__cause__ or app_exc.__context__
  File "C:\Users\Everrain\AppData\Local\Programs\Python\Python311\Lib\site-packages\starlette\middleware\base.py", line 144, in coro
    await self.app(scope, receive_or_disconnect, send_no_error)
  File "C:\Users\Everrain\AppData\Local\Programs\Python\Python311\Lib\site-packages\starlette\middleware\cors.py", line 88, in __call__
    await self.app(scope, receive, send)
  File "C:\Users\Everrain\AppData\Local\Programs\Python\Python311\Lib\site-packages\starlette\middleware\exceptions.py", line 63, in __call__
    await wrap_app_handling_exceptions(self.app, conn)(scope, receive, send)
  File "C:\Users\Everrain\AppData\Local\Programs\Python\Python311\Lib\site-packages\starlette\_exception_handler.py", line 53, in wrapped_app
    raise exc
  File "C:\Users\Everrain\AppData\Local\Programs\Python\Python311\Lib\site-packages\starlette\_exception_handler.py", line 42, in wrapped_app
    await app(scope, receive, sender)
  File "C:\Users\Everrain\AppData\Local\Programs\Python\Python311\Lib\site-packages\fastapi\middleware\asyncexitstack.py", line 18, in __call__
    await self.app(scope, receive, send)
  File "C:\Users\Everrain\AppData\Local\Programs\Python\Python311\Lib\site-packages\starlette\routing.py", line 670, in __call__
    await self.middleware_stack(scope, receive, send)
  File "C:\Users\Everrain\AppData\Local\Programs\Python\Python311\Lib\site-packages\fastapi\routing.py", line 2734, in app
    await route.handle(scope, receive, send)
  File "C:\Users\Everrain\AppData\Local\Programs\Python\Python311\Lib\site-packages\fastapi\routing.py", line 1780, in handle
    await self.original_router.handle(scope, receive, send)
  File "C:\Users\Everrain\AppData\Local\Programs\Python\Python311\Lib\site-packages\fastapi\routing.py", line 2789, in handle
    await included_router._handle_selected(scope, receive, send)
  File "C:\Users\Everrain\AppData\Local\Programs\Python\Python311\Lib\site-packages\fastapi\routing.py", line 1791, in _handle_selected
    await route.handle(scope, receive, send)
  File "C:\Users\Everrain\AppData\Local\Programs\Python\Python311\Lib\site-packages\fastapi\routing.py", line 1780, in handle
    await self.original_router.handle(scope, receive, send)
  File "C:\Users\Everrain\AppData\Local\Programs\Python\Python311\Lib\site-packages\fastapi\routing.py", line 2789, in handle
    await included_router._handle_selected(scope, receive, send)
  File "C:\Users\Everrain\AppData\Local\Programs\Python\Python311\Lib\site-packages\fastapi\routing.py", line 1800, in _handle_selected
    await original_route.handle(scope, receive, send)
  File "C:\Users\Everrain\AppData\Local\Programs\Python\Python311\Lib\site-packages\fastapi\routing.py", line 1279, in handle
    await app(scope, receive, send)
  File "C:\Users\Everrain\AppData\Local\Programs\Python\Python311\Lib\site-packages\fastapi\routing.py", line 158, in app
    await wrap_app_handling_exceptions(app, request)(scope, receive, send)
  File "C:\Users\Everrain\AppData\Local\Programs\Python\Python311\Lib\site-packages\starlette\_exception_handler.py", line 53, in wrapped_app
    raise exc
  File "C:\Users\Everrain\AppData\Local\Programs\Python\Python311\Lib\site-packages\starlette\_exception_handler.py", line 42, in wrapped_app
    await app(scope, receive, sender)
  File "C:\Users\Everrain\AppData\Local\Programs\Python\Python311\Lib\contextlib.py", line 222, in __aexit__
    await self.gen.athrow(typ, value, traceback)
  File "C:\Users\Everrain\AppData\Local\Programs\Python\Python311\Lib\contextlib.py", line 222, in __aexit__
    await self.gen.athrow(typ, value, traceback)
  File "D:\repos\112\Simulator112\serv-112\backend\app\database.py", line 119, in unit_of_work
    yield session
  File "D:\repos\112\Simulator112\serv-112\backend\app\database.py", line 135, in get_session
    yield session
  File "C:\Users\Everrain\AppData\Local\Programs\Python\Python311\Lib\site-packages\fastapi\routing.py", line 144, in app
    response = await f(request)
               ^^^^^^^^^^^^^^^^
  File "C:\Users\Everrain\AppData\Local\Programs\Python\Python311\Lib\site-packages\fastapi\routing.py", line 727, in app
    content = await serialize_response(
              ^^^^^^^^^^^^^^^^^^^^^^^^^
  File "C:\Users\Everrain\AppData\Local\Programs\Python\Python311\Lib\site-packages\fastapi\routing.py", line 324, in serialize_response
    raise ResponseValidationError(
fastapi.exceptions.ResponseValidationError: 1 validation error:
  {'type': 'model_attributes_type', 'loc': ('response',), 'msg': 'Input should be a valid dictionary or object to extract fields from', 'input': None}

  File "D:\repos\112\Simulator112\serv-112\backend\app\api\v1\admin.py", line 61, in system_info
    GET /api/v1/admin/system/info
INFO:httpx:HTTP Request: GET https://127.0.0.1:5000/api/state "HTTP/1.1 200 OK"
INFO:httpx:HTTP Request: GET https://localhost:8000/ "HTTP/1.1 404 Not Found"
INFO:httpx:HTTP Request: GET http://localhost:8080/health "HTTP/1.1 200 OK"
ERROR:    Unhandled exception on /api/v1/admin/system/info
Traceback (most recent call last):
  File "C:\Users\Everrain\AppData\Local\Programs\Python\Python311\Lib\site-packages\starlette\middleware\errors.py", line 164, in __call__
    await self.app(scope, receive, _send)
  File "C:\Users\Everrain\AppData\Local\Programs\Python\Python311\Lib\contextlib.py", line 222, in __aexit__
    await self.gen.athrow(typ, value, traceback)
  File "C:\Users\Everrain\AppData\Local\Programs\Python\Python311\Lib\site-packages\starlette\_utils.py", line 93, in create_collapsing_task_group
    raise exc from exc.__cause__ or context
  File "C:\Users\Everrain\AppData\Local\Programs\Python\Python311\Lib\site-packages\starlette\_utils.py", line 86, in create_collapsing_task_group
    yield tg
  File "C:\Users\Everrain\AppData\Local\Programs\Python\Python311\Lib\site-packages\starlette\middleware\base.py", line 193, in __call__
    response = await self.dispatch_func(request, call_next)
               ^^^^^^^^^^^^^^^^^^^^^^^^^^^^^^^^^^^^^^^^^^^^
  File "D:\repos\112\Simulator112\serv-112\backend\app\main.py", line 289, in _request_context_middleware
    response = await call_next(request)
               ^^^^^^^^^^^^^^^^^^^^^^^^
  File "C:\Users\Everrain\AppData\Local\Programs\Python\Python311\Lib\site-packages\starlette\middleware\base.py", line 168, in call_next
    raise app_exc from app_exc.__cause__ or app_exc.__context__
  File "C:\Users\Everrain\AppData\Local\Programs\Python\Python311\Lib\site-packages\starlette\middleware\base.py", line 144, in coro
    await self.app(scope, receive_or_disconnect, send_no_error)
  File "C:\Users\Everrain\AppData\Local\Programs\Python\Python311\Lib\site-packages\starlette\middleware\cors.py", line 88, in __call__
    await self.app(scope, receive, send)
  File "C:\Users\Everrain\AppData\Local\Programs\Python\Python311\Lib\site-packages\starlette\middleware\exceptions.py", line 63, in __call__
    await wrap_app_handling_exceptions(self.app, conn)(scope, receive, send)
  File "C:\Users\Everrain\AppData\Local\Programs\Python\Python311\Lib\site-packages\starlette\_exception_handler.py", line 53, in wrapped_app
    raise exc
  File "C:\Users\Everrain\AppData\Local\Programs\Python\Python311\Lib\site-packages\starlette\_exception_handler.py", line 42, in wrapped_app
    await app(scope, receive, sender)
  File "C:\Users\Everrain\AppData\Local\Programs\Python\Python311\Lib\site-packages\fastapi\middleware\asyncexitstack.py", line 18, in __call__
    await self.app(scope, receive, send)
  File "C:\Users\Everrain\AppData\Local\Programs\Python\Python311\Lib\site-packages\starlette\routing.py", line 670, in __call__
    await self.middleware_stack(scope, receive, send)
  File "C:\Users\Everrain\AppData\Local\Programs\Python\Python311\Lib\site-packages\fastapi\routing.py", line 2734, in app
    await route.handle(scope, receive, send)
  File "C:\Users\Everrain\AppData\Local\Programs\Python\Python311\Lib\site-packages\fastapi\routing.py", line 1780, in handle
    await self.original_router.handle(scope, receive, send)
  File "C:\Users\Everrain\AppData\Local\Programs\Python\Python311\Lib\site-packages\fastapi\routing.py", line 2789, in handle
    await included_router._handle_selected(scope, receive, send)
  File "C:\Users\Everrain\AppData\Local\Programs\Python\Python311\Lib\site-packages\fastapi\routing.py", line 1791, in _handle_selected
    await route.handle(scope, receive, send)
  File "C:\Users\Everrain\AppData\Local\Programs\Python\Python311\Lib\site-packages\fastapi\routing.py", line 1780, in handle
    await self.original_router.handle(scope, receive, send)
  File "C:\Users\Everrain\AppData\Local\Programs\Python\Python311\Lib\site-packages\fastapi\routing.py", line 2789, in handle
    await included_router._handle_selected(scope, receive, send)
  File "C:\Users\Everrain\AppData\Local\Programs\Python\Python311\Lib\site-packages\fastapi\routing.py", line 1800, in _handle_selected
    await original_route.handle(scope, receive, send)
  File "C:\Users\Everrain\AppData\Local\Programs\Python\Python311\Lib\site-packages\fastapi\routing.py", line 1279, in handle
    await app(scope, receive, send)
  File "C:\Users\Everrain\AppData\Local\Programs\Python\Python311\Lib\site-packages\fastapi\routing.py", line 158, in app
    await wrap_app_handling_exceptions(app, request)(scope, receive, send)
  File "C:\Users\Everrain\AppData\Local\Programs\Python\Python311\Lib\site-packages\starlette\_exception_handler.py", line 53, in wrapped_app
    raise exc
  File "C:\Users\Everrain\AppData\Local\Programs\Python\Python311\Lib\site-packages\starlette\_exception_handler.py", line 42, in wrapped_app
    await app(scope, receive, sender)
  File "C:\Users\Everrain\AppData\Local\Programs\Python\Python311\Lib\contextlib.py", line 222, in __aexit__
    await self.gen.athrow(typ, value, traceback)
  File "C:\Users\Everrain\AppData\Local\Programs\Python\Python311\Lib\contextlib.py", line 222, in __aexit__
    await self.gen.athrow(typ, value, traceback)
  File "D:\repos\112\Simulator112\serv-112\backend\app\database.py", line 119, in unit_of_work
    yield session
  File "D:\repos\112\Simulator112\serv-112\backend\app\database.py", line 135, in get_session
    yield session
  File "C:\Users\Everrain\AppData\Local\Programs\Python\Python311\Lib\site-packages\fastapi\routing.py", line 144, in app
    response = await f(request)
               ^^^^^^^^^^^^^^^^
  File "C:\Users\Everrain\AppData\Local\Programs\Python\Python311\Lib\site-packages\fastapi\routing.py", line 727, in app
    content = await serialize_response(
              ^^^^^^^^^^^^^^^^^^^^^^^^^
  File "C:\Users\Everrain\AppData\Local\Programs\Python\Python311\Lib\site-packages\fastapi\routing.py", line 324, in serialize_response
    raise ResponseValidationError(
fastapi.exceptions.ResponseValidationError: 1 validation error:
  {'type': 'model_attributes_type', 'loc': ('response',), 'msg': 'Input should be a valid dictionary or object to extract fields from', 'input': None}

  File "D:\repos\112\Simulator112\serv-112\backend\app\api\v1\admin.py", line 61, in system_info
    GET /api/v1/admin/system/info
INFO:     192.168.1.103:51582 - "GET /api/v1/admin/system/info HTTP/1.1" 500 Internal Server Error
ERROR:    Exception in ASGI application
Traceback (most recent call last):
  File "C:\Users\Everrain\AppData\Local\Programs\Python\Python311\Lib\site-packages\uvicorn\protocols\http\httptools_impl.py", line 422, in run_asgi
    result = await app(  # type: ignore[func-returns-value]
             ^^^^^^^^^^^^^^^^^^^^^^^^^^^^^^^^^^^^^^^^^^^^^^
  File "C:\Users\Everrain\AppData\Local\Programs\Python\Python311\Lib\site-packages\fastapi\applications.py", line 1163, in __call__
    await super().__call__(scope, receive, send)
  File "C:\Users\Everrain\AppData\Local\Programs\Python\Python311\Lib\site-packages\starlette\applications.py", line 96, in __call__
    await self.middleware_stack(scope, receive, send)
  File "C:\Users\Everrain\AppData\Local\Programs\Python\Python311\Lib\site-packages\starlette\middleware\errors.py", line 186, in __call__
    raise exc
  File "C:\Users\Everrain\AppData\Local\Programs\Python\Python311\Lib\site-packages\starlette\middleware\errors.py", line 164, in __call__
    await self.app(scope, receive, _send)
  File "C:\Users\Everrain\AppData\Local\Programs\Python\Python311\Lib\contextlib.py", line 222, in __aexit__
    await self.gen.athrow(typ, value, traceback)
  File "C:\Users\Everrain\AppData\Local\Programs\Python\Python311\Lib\site-packages\starlette\_utils.py", line 93, in create_collapsing_task_group
    raise exc from exc.__cause__ or context
  File "C:\Users\Everrain\AppData\Local\Programs\Python\Python311\Lib\site-packages\starlette\_utils.py", line 86, in create_collapsing_task_group
    yield tg
  File "C:\Users\Everrain\AppData\Local\Programs\Python\Python311\Lib\site-packages\starlette\middleware\base.py", line 193, in __call__
    response = await self.dispatch_func(request, call_next)
               ^^^^^^^^^^^^^^^^^^^^^^^^^^^^^^^^^^^^^^^^^^^^
  File "D:\repos\112\Simulator112\serv-112\backend\app\main.py", line 289, in _request_context_middleware
    response = await call_next(request)
               ^^^^^^^^^^^^^^^^^^^^^^^^
  File "C:\Users\Everrain\AppData\Local\Programs\Python\Python311\Lib\site-packages\starlette\middleware\base.py", line 168, in call_next
    raise app_exc from app_exc.__cause__ or app_exc.__context__
  File "C:\Users\Everrain\AppData\Local\Programs\Python\Python311\Lib\site-packages\starlette\middleware\base.py", line 144, in coro
    await self.app(scope, receive_or_disconnect, send_no_error)
  File "C:\Users\Everrain\AppData\Local\Programs\Python\Python311\Lib\site-packages\starlette\middleware\cors.py", line 88, in __call__
    await self.app(scope, receive, send)
  File "C:\Users\Everrain\AppData\Local\Programs\Python\Python311\Lib\site-packages\starlette\middleware\exceptions.py", line 63, in __call__
    await wrap_app_handling_exceptions(self.app, conn)(scope, receive, send)
  File "C:\Users\Everrain\AppData\Local\Programs\Python\Python311\Lib\site-packages\starlette\_exception_handler.py", line 53, in wrapped_app
    raise exc
  File "C:\Users\Everrain\AppData\Local\Programs\Python\Python311\Lib\site-packages\starlette\_exception_handler.py", line 42, in wrapped_app
    await app(scope, receive, sender)
  File "C:\Users\Everrain\AppData\Local\Programs\Python\Python311\Lib\site-packages\fastapi\middleware\asyncexitstack.py", line 18, in __call__
    await self.app(scope, receive, send)
  File "C:\Users\Everrain\AppData\Local\Programs\Python\Python311\Lib\site-packages\starlette\routing.py", line 670, in __call__
    await self.middleware_stack(scope, receive, send)
  File "C:\Users\Everrain\AppData\Local\Programs\Python\Python311\Lib\site-packages\fastapi\routing.py", line 2734, in app
    await route.handle(scope, receive, send)
  File "C:\Users\Everrain\AppData\Local\Programs\Python\Python311\Lib\site-packages\fastapi\routing.py", line 1780, in handle
    await self.original_router.handle(scope, receive, send)
  File "C:\Users\Everrain\AppData\Local\Programs\Python\Python311\Lib\site-packages\fastapi\routing.py", line 2789, in handle
    await included_router._handle_selected(scope, receive, send)
  File "C:\Users\Everrain\AppData\Local\Programs\Python\Python311\Lib\site-packages\fastapi\routing.py", line 1791, in _handle_selected
    await route.handle(scope, receive, send)
  File "C:\Users\Everrain\AppData\Local\Programs\Python\Python311\Lib\site-packages\fastapi\routing.py", line 1780, in handle
    await self.original_router.handle(scope, receive, send)
  File "C:\Users\Everrain\AppData\Local\Programs\Python\Python311\Lib\site-packages\fastapi\routing.py", line 2789, in handle
    await included_router._handle_selected(scope, receive, send)
  File "C:\Users\Everrain\AppData\Local\Programs\Python\Python311\Lib\site-packages\fastapi\routing.py", line 1800, in _handle_selected
    await original_route.handle(scope, receive, send)
  File "C:\Users\Everrain\AppData\Local\Programs\Python\Python311\Lib\site-packages\fastapi\routing.py", line 1279, in handle
    await app(scope, receive, send)
  File "C:\Users\Everrain\AppData\Local\Programs\Python\Python311\Lib\site-packages\fastapi\routing.py", line 158, in app
    await wrap_app_handling_exceptions(app, request)(scope, receive, send)
  File "C:\Users\Everrain\AppData\Local\Programs\Python\Python311\Lib\site-packages\starlette\_exception_handler.py", line 53, in wrapped_app
    raise exc
  File "C:\Users\Everrain\AppData\Local\Programs\Python\Python311\Lib\site-packages\starlette\_exception_handler.py", line 42, in wrapped_app
    await app(scope, receive, sender)
  File "C:\Users\Everrain\AppData\Local\Programs\Python\Python311\Lib\contextlib.py", line 222, in __aexit__
    await self.gen.athrow(typ, value, traceback)
  File "C:\Users\Everrain\AppData\Local\Programs\Python\Python311\Lib\contextlib.py", line 222, in __aexit__
    await self.gen.athrow(typ, value, traceback)
  File "D:\repos\112\Simulator112\serv-112\backend\app\database.py", line 119, in unit_of_work
    yield session
  File "D:\repos\112\Simulator112\serv-112\backend\app\database.py", line 135, in get_session
    yield session
  File "C:\Users\Everrain\AppData\Local\Programs\Python\Python311\Lib\site-packages\fastapi\routing.py", line 144, in app
    response = await f(request)
               ^^^^^^^^^^^^^^^^
  File "C:\Users\Everrain\AppData\Local\Programs\Python\Python311\Lib\site-packages\fastapi\routing.py", line 727, in app
    content = await serialize_response(
              ^^^^^^^^^^^^^^^^^^^^^^^^^
  File "C:\Users\Everrain\AppData\Local\Programs\Python\Python311\Lib\site-packages\fastapi\routing.py", line 324, in serialize_response
    raise ResponseValidationError(
fastapi.exceptions.ResponseValidationError: 1 validation error:
  {'type': 'model_attributes_type', 'loc': ('response',), 'msg': 'Input should be a valid dictionary or object to extract fields from', 'input': None}

  File "D:\repos\112\Simulator112\serv-112\backend\app\api\v1\admin.py", line 61, in system_info
    GET /api/v1/admin/system/info
INFO:httpx:HTTP Request: GET https://127.0.0.1:5000/api/state "HTTP/1.1 200 OK"
INFO:httpx:HTTP Request: GET https://localhost:8000/ "HTTP/1.1 404 Not Found"
INFO:httpx:HTTP Request: GET http://localhost:8080/health "HTTP/1.1 200 OK"
ERROR:    Unhandled exception on /api/v1/admin/system/info
Traceback (most recent call last):
  File "C:\Users\Everrain\AppData\Local\Programs\Python\Python311\Lib\site-packages\starlette\middleware\errors.py", line 164, in __call__
    await self.app(scope, receive, _send)
  File "C:\Users\Everrain\AppData\Local\Programs\Python\Python311\Lib\contextlib.py", line 222, in __aexit__
    await self.gen.athrow(typ, value, traceback)
  File "C:\Users\Everrain\AppData\Local\Programs\Python\Python311\Lib\site-packages\starlette\_utils.py", line 93, in create_collapsing_task_group
    raise exc from exc.__cause__ or context
  File "C:\Users\Everrain\AppData\Local\Programs\Python\Python311\Lib\site-packages\starlette\_utils.py", line 86, in create_collapsing_task_group
    yield tg
  File "C:\Users\Everrain\AppData\Local\Programs\Python\Python311\Lib\site-packages\starlette\middleware\base.py", line 193, in __call__
    response = await self.dispatch_func(request, call_next)
               ^^^^^^^^^^^^^^^^^^^^^^^^^^^^^^^^^^^^^^^^^^^^
  File "D:\repos\112\Simulator112\serv-112\backend\app\main.py", line 289, in _request_context_middleware
    response = await call_next(request)
               ^^^^^^^^^^^^^^^^^^^^^^^^
  File "C:\Users\Everrain\AppData\Local\Programs\Python\Python311\Lib\site-packages\starlette\middleware\base.py", line 168, in call_next
    raise app_exc from app_exc.__cause__ or app_exc.__context__
  File "C:\Users\Everrain\AppData\Local\Programs\Python\Python311\Lib\site-packages\starlette\middleware\base.py", line 144, in coro
    await self.app(scope, receive_or_disconnect, send_no_error)
  File "C:\Users\Everrain\AppData\Local\Programs\Python\Python311\Lib\site-packages\starlette\middleware\cors.py", line 88, in __call__
    await self.app(scope, receive, send)
  File "C:\Users\Everrain\AppData\Local\Programs\Python\Python311\Lib\site-packages\starlette\middleware\exceptions.py", line 63, in __call__
    await wrap_app_handling_exceptions(self.app, conn)(scope, receive, send)
  File "C:\Users\Everrain\AppData\Local\Programs\Python\Python311\Lib\site-packages\starlette\_exception_handler.py", line 53, in wrapped_app
    raise exc
  File "C:\Users\Everrain\AppData\Local\Programs\Python\Python311\Lib\site-packages\starlette\_exception_handler.py", line 42, in wrapped_app
    await app(scope, receive, sender)
  File "C:\Users\Everrain\AppData\Local\Programs\Python\Python311\Lib\site-packages\fastapi\middleware\asyncexitstack.py", line 18, in __call__
    await self.app(scope, receive, send)
  File "C:\Users\Everrain\AppData\Local\Programs\Python\Python311\Lib\site-packages\starlette\routing.py", line 670, in __call__
    await self.middleware_stack(scope, receive, send)
  File "C:\Users\Everrain\AppData\Local\Programs\Python\Python311\Lib\site-packages\fastapi\routing.py", line 2734, in app
    await route.handle(scope, receive, send)
  File "C:\Users\Everrain\AppData\Local\Programs\Python\Python311\Lib\site-packages\fastapi\routing.py", line 1780, in handle
    await self.original_router.handle(scope, receive, send)
  File "C:\Users\Everrain\AppData\Local\Programs\Python\Python311\Lib\site-packages\fastapi\routing.py", line 2789, in handle
    await included_router._handle_selected(scope, receive, send)
  File "C:\Users\Everrain\AppData\Local\Programs\Python\Python311\Lib\site-packages\fastapi\routing.py", line 1791, in _handle_selected
    await route.handle(scope, receive, send)
  File "C:\Users\Everrain\AppData\Local\Programs\Python\Python311\Lib\site-packages\fastapi\routing.py", line 1780, in handle
    await self.original_router.handle(scope, receive, send)
  File "C:\Users\Everrain\AppData\Local\Programs\Python\Python311\Lib\site-packages\fastapi\routing.py", line 2789, in handle
    await included_router._handle_selected(scope, receive, send)
  File "C:\Users\Everrain\AppData\Local\Programs\Python\Python311\Lib\site-packages\fastapi\routing.py", line 1800, in _handle_selected
    await original_route.handle(scope, receive, send)
  File "C:\Users\Everrain\AppData\Local\Programs\Python\Python311\Lib\site-packages\fastapi\routing.py", line 1279, in handle
    await app(scope, receive, send)
  File "C:\Users\Everrain\AppData\Local\Programs\Python\Python311\Lib\site-packages\fastapi\routing.py", line 158, in app
    await wrap_app_handling_exceptions(app, request)(scope, receive, send)
  File "C:\Users\Everrain\AppData\Local\Programs\Python\Python311\Lib\site-packages\starlette\_exception_handler.py", line 53, in wrapped_app
    raise exc
  File "C:\Users\Everrain\AppData\Local\Programs\Python\Python311\Lib\site-packages\starlette\_exception_handler.py", line 42, in wrapped_app
    await app(scope, receive, sender)
  File "C:\Users\Everrain\AppData\Local\Programs\Python\Python311\Lib\contextlib.py", line 222, in __aexit__
    await self.gen.athrow(typ, value, traceback)
  File "C:\Users\Everrain\AppData\Local\Programs\Python\Python311\Lib\contextlib.py", line 222, in __aexit__
    await self.gen.athrow(typ, value, traceback)
  File "D:\repos\112\Simulator112\serv-112\backend\app\database.py", line 119, in unit_of_work
    yield session
  File "D:\repos\112\Simulator112\serv-112\backend\app\database.py", line 135, in get_session
    yield session
  File "C:\Users\Everrain\AppData\Local\Programs\Python\Python311\Lib\site-packages\fastapi\routing.py", line 144, in app
    response = await f(request)
               ^^^^^^^^^^^^^^^^
  File "C:\Users\Everrain\AppData\Local\Programs\Python\Python311\Lib\site-packages\fastapi\routing.py", line 727, in app
    content = await serialize_response(
              ^^^^^^^^^^^^^^^^^^^^^^^^^
  File "C:\Users\Everrain\AppData\Local\Programs\Python\Python311\Lib\site-packages\fastapi\routing.py", line 324, in serialize_response
    raise ResponseValidationError(
fastapi.exceptions.ResponseValidationError: 1 validation error:
  {'type': 'model_attributes_type', 'loc': ('response',), 'msg': 'Input should be a valid dictionary or object to extract fields from', 'input': None}

  File "D:\repos\112\Simulator112\serv-112\backend\app\api\v1\admin.py", line 61, in system_info
    GET /api/v1/admin/system/info
INFO:     192.168.1.103:51588 - "GET /api/v1/admin/system/info HTTP/1.1" 500 Internal Server Error
ERROR:    Exception in ASGI application
Traceback (most recent call last):
  File "C:\Users\Everrain\AppData\Local\Programs\Python\Python311\Lib\site-packages\uvicorn\protocols\http\httptools_impl.py", line 422, in run_asgi
    result = await app(  # type: ignore[func-returns-value]
             ^^^^^^^^^^^^^^^^^^^^^^^^^^^^^^^^^^^^^^^^^^^^^^
  File "C:\Users\Everrain\AppData\Local\Programs\Python\Python311\Lib\site-packages\fastapi\applications.py", line 1163, in __call__
    await super().__call__(scope, receive, send)
  File "C:\Users\Everrain\AppData\Local\Programs\Python\Python311\Lib\site-packages\starlette\applications.py", line 96, in __call__
    await self.middleware_stack(scope, receive, send)
  File "C:\Users\Everrain\AppData\Local\Programs\Python\Python311\Lib\site-packages\starlette\middleware\errors.py", line 186, in __call__
    raise exc
  File "C:\Users\Everrain\AppData\Local\Programs\Python\Python311\Lib\site-packages\starlette\middleware\errors.py", line 164, in __call__
    await self.app(scope, receive, _send)
  File "C:\Users\Everrain\AppData\Local\Programs\Python\Python311\Lib\contextlib.py", line 222, in __aexit__
    await self.gen.athrow(typ, value, traceback)
  File "C:\Users\Everrain\AppData\Local\Programs\Python\Python311\Lib\site-packages\starlette\_utils.py", line 93, in create_collapsing_task_group
    raise exc from exc.__cause__ or context
  File "C:\Users\Everrain\AppData\Local\Programs\Python\Python311\Lib\site-packages\starlette\_utils.py", line 86, in create_collapsing_task_group
    yield tg
  File "C:\Users\Everrain\AppData\Local\Programs\Python\Python311\Lib\site-packages\starlette\middleware\base.py", line 193, in __call__
    response = await self.dispatch_func(request, call_next)
               ^^^^^^^^^^^^^^^^^^^^^^^^^^^^^^^^^^^^^^^^^^^^
  File "D:\repos\112\Simulator112\serv-112\backend\app\main.py", line 289, in _request_context_middleware
    response = await call_next(request)
               ^^^^^^^^^^^^^^^^^^^^^^^^
  File "C:\Users\Everrain\AppData\Local\Programs\Python\Python311\Lib\site-packages\starlette\middleware\base.py", line 168, in call_next
    raise app_exc from app_exc.__cause__ or app_exc.__context__
  File "C:\Users\Everrain\AppData\Local\Programs\Python\Python311\Lib\site-packages\starlette\middleware\base.py", line 144, in coro
    await self.app(scope, receive_or_disconnect, send_no_error)
  File "C:\Users\Everrain\AppData\Local\Programs\Python\Python311\Lib\site-packages\starlette\middleware\cors.py", line 88, in __call__
    await self.app(scope, receive, send)
  File "C:\Users\Everrain\AppData\Local\Programs\Python\Python311\Lib\site-packages\starlette\middleware\exceptions.py", line 63, in __call__
    await wrap_app_handling_exceptions(self.app, conn)(scope, receive, send)
  File "C:\Users\Everrain\AppData\Local\Programs\Python\Python311\Lib\site-packages\starlette\_exception_handler.py", line 53, in wrapped_app
    raise exc
  File "C:\Users\Everrain\AppData\Local\Programs\Python\Python311\Lib\site-packages\starlette\_exception_handler.py", line 42, in wrapped_app
    await app(scope, receive, sender)
  File "C:\Users\Everrain\AppData\Local\Programs\Python\Python311\Lib\site-packages\fastapi\middleware\asyncexitstack.py", line 18, in __call__
    await self.app(scope, receive, send)
  File "C:\Users\Everrain\AppData\Local\Programs\Python\Python311\Lib\site-packages\starlette\routing.py", line 670, in __call__
    await self.middleware_stack(scope, receive, send)
  File "C:\Users\Everrain\AppData\Local\Programs\Python\Python311\Lib\site-packages\fastapi\routing.py", line 2734, in app
    await route.handle(scope, receive, send)
  File "C:\Users\Everrain\AppData\Local\Programs\Python\Python311\Lib\site-packages\fastapi\routing.py", line 1780, in handle
    await self.original_router.handle(scope, receive, send)
  File "C:\Users\Everrain\AppData\Local\Programs\Python\Python311\Lib\site-packages\fastapi\routing.py", line 2789, in handle
    await included_router._handle_selected(scope, receive, send)
  File "C:\Users\Everrain\AppData\Local\Programs\Python\Python311\Lib\site-packages\fastapi\routing.py", line 1791, in _handle_selected
    await route.handle(scope, receive, send)
  File "C:\Users\Everrain\AppData\Local\Programs\Python\Python311\Lib\site-packages\fastapi\routing.py", line 1780, in handle
    await self.original_router.handle(scope, receive, send)
  File "C:\Users\Everrain\AppData\Local\Programs\Python\Python311\Lib\site-packages\fastapi\routing.py", line 2789, in handle
    await included_router._handle_selected(scope, receive, send)
  File "C:\Users\Everrain\AppData\Local\Programs\Python\Python311\Lib\site-packages\fastapi\routing.py", line 1800, in _handle_selected
    await original_route.handle(scope, receive, send)
  File "C:\Users\Everrain\AppData\Local\Programs\Python\Python311\Lib\site-packages\fastapi\routing.py", line 1279, in handle
    await app(scope, receive, send)
  File "C:\Users\Everrain\AppData\Local\Programs\Python\Python311\Lib\site-packages\fastapi\routing.py", line 158, in app
    await wrap_app_handling_exceptions(app, request)(scope, receive, send)
  File "C:\Users\Everrain\AppData\Local\Programs\Python\Python311\Lib\site-packages\starlette\_exception_handler.py", line 53, in wrapped_app
    raise exc
  File "C:\Users\Everrain\AppData\Local\Programs\Python\Python311\Lib\site-packages\starlette\_exception_handler.py", line 42, in wrapped_app
    await app(scope, receive, sender)
  File "C:\Users\Everrain\AppData\Local\Programs\Python\Python311\Lib\contextlib.py", line 222, in __aexit__
    await self.gen.athrow(typ, value, traceback)
  File "C:\Users\Everrain\AppData\Local\Programs\Python\Python311\Lib\contextlib.py", line 222, in __aexit__
    await self.gen.athrow(typ, value, traceback)
  File "D:\repos\112\Simulator112\serv-112\backend\app\database.py", line 119, in unit_of_work
    yield session
  File "D:\repos\112\Simulator112\serv-112\backend\app\database.py", line 135, in get_session
    yield session
  File "C:\Users\Everrain\AppData\Local\Programs\Python\Python311\Lib\site-packages\fastapi\routing.py", line 144, in app
    response = await f(request)
               ^^^^^^^^^^^^^^^^
  File "C:\Users\Everrain\AppData\Local\Programs\Python\Python311\Lib\site-packages\fastapi\routing.py", line 727, in app
    content = await serialize_response(
              ^^^^^^^^^^^^^^^^^^^^^^^^^
  File "C:\Users\Everrain\AppData\Local\Programs\Python\Python311\Lib\site-packages\fastapi\routing.py", line 324, in serialize_response
    raise ResponseValidationError(
fastapi.exceptions.ResponseValidationError: 1 validation error:
  {'type': 'model_attributes_type', 'loc': ('response',), 'msg': 'Input should be a valid dictionary or object to extract fields from', 'input': None}

  File "D:\repos\112\Simulator112\serv-112\backend\app\api\v1\admin.py", line 61, in system_info
    GET /api/v1/admin/system/info
INFO:httpx:HTTP Request: GET https://127.0.0.1:5000/api/state "HTTP/1.1 200 OK"
INFO:httpx:HTTP Request: GET https://localhost:8000/ "HTTP/1.1 404 Not Found"
INFO:httpx:HTTP Request: GET http://localhost:8080/health "HTTP/1.1 200 OK"
ERROR:    Unhandled exception on /api/v1/admin/system/info
Traceback (most recent call last):
  File "C:\Users\Everrain\AppData\Local\Programs\Python\Python311\Lib\site-packages\starlette\middleware\errors.py", line 164, in __call__
    await self.app(scope, receive, _send)
  File "C:\Users\Everrain\AppData\Local\Programs\Python\Python311\Lib\contextlib.py", line 222, in __aexit__
    await self.gen.athrow(typ, value, traceback)
  File "C:\Users\Everrain\AppData\Local\Programs\Python\Python311\Lib\site-packages\starlette\_utils.py", line 93, in create_collapsing_task_group
    raise exc from exc.__cause__ or context
  File "C:\Users\Everrain\AppData\Local\Programs\Python\Python311\Lib\site-packages\starlette\_utils.py", line 86, in create_collapsing_task_group
    yield tg
  File "C:\Users\Everrain\AppData\Local\Programs\Python\Python311\Lib\site-packages\starlette\middleware\base.py", line 193, in __call__
    response = await self.dispatch_func(request, call_next)
               ^^^^^^^^^^^^^^^^^^^^^^^^^^^^^^^^^^^^^^^^^^^^
  File "D:\repos\112\Simulator112\serv-112\backend\app\main.py", line 289, in _request_context_middleware
    response = await call_next(request)
               ^^^^^^^^^^^^^^^^^^^^^^^^
  File "C:\Users\Everrain\AppData\Local\Programs\Python\Python311\Lib\site-packages\starlette\middleware\base.py", line 168, in call_next
    raise app_exc from app_exc.__cause__ or app_exc.__context__
  File "C:\Users\Everrain\AppData\Local\Programs\Python\Python311\Lib\site-packages\starlette\middleware\base.py", line 144, in coro
    await self.app(scope, receive_or_disconnect, send_no_error)
  File "C:\Users\Everrain\AppData\Local\Programs\Python\Python311\Lib\site-packages\starlette\middleware\cors.py", line 88, in __call__
    await self.app(scope, receive, send)
  File "C:\Users\Everrain\AppData\Local\Programs\Python\Python311\Lib\site-packages\starlette\middleware\exceptions.py", line 63, in __call__
    await wrap_app_handling_exceptions(self.app, conn)(scope, receive, send)
  File "C:\Users\Everrain\AppData\Local\Programs\Python\Python311\Lib\site-packages\starlette\_exception_handler.py", line 53, in wrapped_app
    raise exc
  File "C:\Users\Everrain\AppData\Local\Programs\Python\Python311\Lib\site-packages\starlette\_exception_handler.py", line 42, in wrapped_app
    await app(scope, receive, sender)
  File "C:\Users\Everrain\AppData\Local\Programs\Python\Python311\Lib\site-packages\fastapi\middleware\asyncexitstack.py", line 18, in __call__
    await self.app(scope, receive, send)
  File "C:\Users\Everrain\AppData\Local\Programs\Python\Python311\Lib\site-packages\starlette\routing.py", line 670, in __call__
    await self.middleware_stack(scope, receive, send)
  File "C:\Users\Everrain\AppData\Local\Programs\Python\Python311\Lib\site-packages\fastapi\routing.py", line 2734, in app
    await route.handle(scope, receive, send)
  File "C:\Users\Everrain\AppData\Local\Programs\Python\Python311\Lib\site-packages\fastapi\routing.py", line 1780, in handle
    await self.original_router.handle(scope, receive, send)
  File "C:\Users\Everrain\AppData\Local\Programs\Python\Python311\Lib\site-packages\fastapi\routing.py", line 2789, in handle
    await included_router._handle_selected(scope, receive, send)
  File "C:\Users\Everrain\AppData\Local\Programs\Python\Python311\Lib\site-packages\fastapi\routing.py", line 1791, in _handle_selected
    await route.handle(scope, receive, send)
  File "C:\Users\Everrain\AppData\Local\Programs\Python\Python311\Lib\site-packages\fastapi\routing.py", line 1780, in handle
    await self.original_router.handle(scope, receive, send)
  File "C:\Users\Everrain\AppData\Local\Programs\Python\Python311\Lib\site-packages\fastapi\routing.py", line 2789, in handle
    await included_router._handle_selected(scope, receive, send)
  File "C:\Users\Everrain\AppData\Local\Programs\Python\Python311\Lib\site-packages\fastapi\routing.py", line 1800, in _handle_selected
    await original_route.handle(scope, receive, send)
  File "C:\Users\Everrain\AppData\Local\Programs\Python\Python311\Lib\site-packages\fastapi\routing.py", line 1279, in handle
    await app(scope, receive, send)
  File "C:\Users\Everrain\AppData\Local\Programs\Python\Python311\Lib\site-packages\fastapi\routing.py", line 158, in app
    await wrap_app_handling_exceptions(app, request)(scope, receive, send)
  File "C:\Users\Everrain\AppData\Local\Programs\Python\Python311\Lib\site-packages\starlette\_exception_handler.py", line 53, in wrapped_app
    raise exc
  File "C:\Users\Everrain\AppData\Local\Programs\Python\Python311\Lib\site-packages\starlette\_exception_handler.py", line 42, in wrapped_app
    await app(scope, receive, sender)
  File "C:\Users\Everrain\AppData\Local\Programs\Python\Python311\Lib\contextlib.py", line 222, in __aexit__
    await self.gen.athrow(typ, value, traceback)
  File "C:\Users\Everrain\AppData\Local\Programs\Python\Python311\Lib\contextlib.py", line 222, in __aexit__
    await self.gen.athrow(typ, value, traceback)
  File "D:\repos\112\Simulator112\serv-112\backend\app\database.py", line 119, in unit_of_work
    yield session
  File "D:\repos\112\Simulator112\serv-112\backend\app\database.py", line 135, in get_session
    yield session
  File "C:\Users\Everrain\AppData\Local\Programs\Python\Python311\Lib\site-packages\fastapi\routing.py", line 144, in app
    response = await f(request)
               ^^^^^^^^^^^^^^^^
  File "C:\Users\Everrain\AppData\Local\Programs\Python\Python311\Lib\site-packages\fastapi\routing.py", line 727, in app
    content = await serialize_response(
              ^^^^^^^^^^^^^^^^^^^^^^^^^
  File "C:\Users\Everrain\AppData\Local\Programs\Python\Python311\Lib\site-packages\fastapi\routing.py", line 324, in serialize_response
    raise ResponseValidationError(
fastapi.exceptions.ResponseValidationError: 1 validation error:
  {'type': 'model_attributes_type', 'loc': ('response',), 'msg': 'Input should be a valid dictionary or object to extract fields from', 'input': None}

  File "D:\repos\112\Simulator112\serv-112\backend\app\api\v1\admin.py", line 61, in system_info
    GET /api/v1/admin/system/info
INFO:     192.168.1.103:51595 - "GET /api/v1/admin/system/info HTTP/1.1" 500 Internal Server Error
ERROR:    Exception in ASGI application
Traceback (most recent call last):
  File "C:\Users\Everrain\AppData\Local\Programs\Python\Python311\Lib\site-packages\uvicorn\protocols\http\httptools_impl.py", line 422, in run_asgi
    result = await app(  # type: ignore[func-returns-value]
             ^^^^^^^^^^^^^^^^^^^^^^^^^^^^^^^^^^^^^^^^^^^^^^
  File "C:\Users\Everrain\AppData\Local\Programs\Python\Python311\Lib\site-packages\fastapi\applications.py", line 1163, in __call__
    await super().__call__(scope, receive, send)
  File "C:\Users\Everrain\AppData\Local\Programs\Python\Python311\Lib\site-packages\starlette\applications.py", line 96, in __call__
    await self.middleware_stack(scope, receive, send)
  File "C:\Users\Everrain\AppData\Local\Programs\Python\Python311\Lib\site-packages\starlette\middleware\errors.py", line 186, in __call__
    raise exc
  File "C:\Users\Everrain\AppData\Local\Programs\Python\Python311\Lib\site-packages\starlette\middleware\errors.py", line 164, in __call__
    await self.app(scope, receive, _send)
  File "C:\Users\Everrain\AppData\Local\Programs\Python\Python311\Lib\contextlib.py", line 222, in __aexit__
    await self.gen.athrow(typ, value, traceback)
  File "C:\Users\Everrain\AppData\Local\Programs\Python\Python311\Lib\site-packages\starlette\_utils.py", line 93, in create_collapsing_task_group
    raise exc from exc.__cause__ or context
  File "C:\Users\Everrain\AppData\Local\Programs\Python\Python311\Lib\site-packages\starlette\_utils.py", line 86, in create_collapsing_task_group
    yield tg
  File "C:\Users\Everrain\AppData\Local\Programs\Python\Python311\Lib\site-packages\starlette\middleware\base.py", line 193, in __call__
    response = await self.dispatch_func(request, call_next)
               ^^^^^^^^^^^^^^^^^^^^^^^^^^^^^^^^^^^^^^^^^^^^
  File "D:\repos\112\Simulator112\serv-112\backend\app\main.py", line 289, in _request_context_middleware
    response = await call_next(request)
               ^^^^^^^^^^^^^^^^^^^^^^^^
  File "C:\Users\Everrain\AppData\Local\Programs\Python\Python311\Lib\site-packages\starlette\middleware\base.py", line 168, in call_next
    raise app_exc from app_exc.__cause__ or app_exc.__context__
  File "C:\Users\Everrain\AppData\Local\Programs\Python\Python311\Lib\site-packages\starlette\middleware\base.py", line 144, in coro
    await self.app(scope, receive_or_disconnect, send_no_error)
  File "C:\Users\Everrain\AppData\Local\Programs\Python\Python311\Lib\site-packages\starlette\middleware\cors.py", line 88, in __call__
    await self.app(scope, receive, send)
  File "C:\Users\Everrain\AppData\Local\Programs\Python\Python311\Lib\site-packages\starlette\middleware\exceptions.py", line 63, in __call__
    await wrap_app_handling_exceptions(self.app, conn)(scope, receive, send)
  File "C:\Users\Everrain\AppData\Local\Programs\Python\Python311\Lib\site-packages\starlette\_exception_handler.py", line 53, in wrapped_app
    raise exc
  File "C:\Users\Everrain\AppData\Local\Programs\Python\Python311\Lib\site-packages\starlette\_exception_handler.py", line 42, in wrapped_app
    await app(scope, receive, sender)
  File "C:\Users\Everrain\AppData\Local\Programs\Python\Python311\Lib\site-packages\fastapi\middleware\asyncexitstack.py", line 18, in __call__
    await self.app(scope, receive, send)
  File "C:\Users\Everrain\AppData\Local\Programs\Python\Python311\Lib\site-packages\starlette\routing.py", line 670, in __call__
    await self.middleware_stack(scope, receive, send)
  File "C:\Users\Everrain\AppData\Local\Programs\Python\Python311\Lib\site-packages\fastapi\routing.py", line 2734, in app
    await route.handle(scope, receive, send)
  File "C:\Users\Everrain\AppData\Local\Programs\Python\Python311\Lib\site-packages\fastapi\routing.py", line 1780, in handle
    await self.original_router.handle(scope, receive, send)
  File "C:\Users\Everrain\AppData\Local\Programs\Python\Python311\Lib\site-packages\fastapi\routing.py", line 2789, in handle
    await included_router._handle_selected(scope, receive, send)
  File "C:\Users\Everrain\AppData\Local\Programs\Python\Python311\Lib\site-packages\fastapi\routing.py", line 1791, in _handle_selected
    await route.handle(scope, receive, send)
  File "C:\Users\Everrain\AppData\Local\Programs\Python\Python311\Lib\site-packages\fastapi\routing.py", line 1780, in handle
    await self.original_router.handle(scope, receive, send)
  File "C:\Users\Everrain\AppData\Local\Programs\Python\Python311\Lib\site-packages\fastapi\routing.py", line 2789, in handle
    await included_router._handle_selected(scope, receive, send)
  File "C:\Users\Everrain\AppData\Local\Programs\Python\Python311\Lib\site-packages\fastapi\routing.py", line 1800, in _handle_selected
    await original_route.handle(scope, receive, send)
  File "C:\Users\Everrain\AppData\Local\Programs\Python\Python311\Lib\site-packages\fastapi\routing.py", line 1279, in handle
    await app(scope, receive, send)
  File "C:\Users\Everrain\AppData\Local\Programs\Python\Python311\Lib\site-packages\fastapi\routing.py", line 158, in app
    await wrap_app_handling_exceptions(app, request)(scope, receive, send)
  File "C:\Users\Everrain\AppData\Local\Programs\Python\Python311\Lib\site-packages\starlette\_exception_handler.py", line 53, in wrapped_app
    raise exc
  File "C:\Users\Everrain\AppData\Local\Programs\Python\Python311\Lib\site-packages\starlette\_exception_handler.py", line 42, in wrapped_app
    await app(scope, receive, sender)
  File "C:\Users\Everrain\AppData\Local\Programs\Python\Python311\Lib\contextlib.py", line 222, in __aexit__
    await self.gen.athrow(typ, value, traceback)
  File "C:\Users\Everrain\AppData\Local\Programs\Python\Python311\Lib\contextlib.py", line 222, in __aexit__
    await self.gen.athrow(typ, value, traceback)
  File "D:\repos\112\Simulator112\serv-112\backend\app\database.py", line 119, in unit_of_work
    yield session
  File "D:\repos\112\Simulator112\serv-112\backend\app\database.py", line 135, in get_session
    yield session
  File "C:\Users\Everrain\AppData\Local\Programs\Python\Python311\Lib\site-packages\fastapi\routing.py", line 144, in app
    response = await f(request)
               ^^^^^^^^^^^^^^^^
  File "C:\Users\Everrain\AppData\Local\Programs\Python\Python311\Lib\site-packages\fastapi\routing.py", line 727, in app
    content = await serialize_response(
              ^^^^^^^^^^^^^^^^^^^^^^^^^
  File "C:\Users\Everrain\AppData\Local\Programs\Python\Python311\Lib\site-packages\fastapi\routing.py", line 324, in serialize_response
    raise ResponseValidationError(
fastapi.exceptions.ResponseValidationError: 1 validation error:
  {'type': 'model_attributes_type', 'loc': ('response',), 'msg': 'Input should be a valid dictionary or object to extract fields from', 'input': None}

  File "D:\repos\112\Simulator112\serv-112\backend\app\api\v1\admin.py", line 61, in system_info
    GET /api/v1/admin/system/info
INFO:httpx:HTTP Request: GET https://127.0.0.1:5000/api/state "HTTP/1.1 200 OK"
INFO:httpx:HTTP Request: GET https://localhost:8000/ "HTTP/1.1 404 Not Found"
INFO:httpx:HTTP Request: GET http://localhost:8080/health "HTTP/1.1 200 OK"
ERROR:    Unhandled exception on /api/v1/admin/system/info
Traceback (most recent call last):
  File "C:\Users\Everrain\AppData\Local\Programs\Python\Python311\Lib\site-packages\starlette\middleware\errors.py", line 164, in __call__
    await self.app(scope, receive, _send)
  File "C:\Users\Everrain\AppData\Local\Programs\Python\Python311\Lib\contextlib.py", line 222, in __aexit__
    await self.gen.athrow(typ, value, traceback)
  File "C:\Users\Everrain\AppData\Local\Programs\Python\Python311\Lib\site-packages\starlette\_utils.py", line 93, in create_collapsing_task_group
    raise exc from exc.__cause__ or context
  File "C:\Users\Everrain\AppData\Local\Programs\Python\Python311\Lib\site-packages\starlette\_utils.py", line 86, in create_collapsing_task_group
    yield tg
  File "C:\Users\Everrain\AppData\Local\Programs\Python\Python311\Lib\site-packages\starlette\middleware\base.py", line 193, in __call__
    response = await self.dispatch_func(request, call_next)
               ^^^^^^^^^^^^^^^^^^^^^^^^^^^^^^^^^^^^^^^^^^^^
  File "D:\repos\112\Simulator112\serv-112\backend\app\main.py", line 289, in _request_context_middleware
    response = await call_next(request)
               ^^^^^^^^^^^^^^^^^^^^^^^^
  File "C:\Users\Everrain\AppData\Local\Programs\Python\Python311\Lib\site-packages\starlette\middleware\base.py", line 168, in call_next
    raise app_exc from app_exc.__cause__ or app_exc.__context__
  File "C:\Users\Everrain\AppData\Local\Programs\Python\Python311\Lib\site-packages\starlette\middleware\base.py", line 144, in coro
    await self.app(scope, receive_or_disconnect, send_no_error)
  File "C:\Users\Everrain\AppData\Local\Programs\Python\Python311\Lib\site-packages\starlette\middleware\cors.py", line 88, in __call__
    await self.app(scope, receive, send)
  File "C:\Users\Everrain\AppData\Local\Programs\Python\Python311\Lib\site-packages\starlette\middleware\exceptions.py", line 63, in __call__
    await wrap_app_handling_exceptions(self.app, conn)(scope, receive, send)
  File "C:\Users\Everrain\AppData\Local\Programs\Python\Python311\Lib\site-packages\starlette\_exception_handler.py", line 53, in wrapped_app
    raise exc
  File "C:\Users\Everrain\AppData\Local\Programs\Python\Python311\Lib\site-packages\starlette\_exception_handler.py", line 42, in wrapped_app
    await app(scope, receive, sender)
  File "C:\Users\Everrain\AppData\Local\Programs\Python\Python311\Lib\site-packages\fastapi\middleware\asyncexitstack.py", line 18, in __call__
    await self.app(scope, receive, send)
  File "C:\Users\Everrain\AppData\Local\Programs\Python\Python311\Lib\site-packages\starlette\routing.py", line 670, in __call__
    await self.middleware_stack(scope, receive, send)
  File "C:\Users\Everrain\AppData\Local\Programs\Python\Python311\Lib\site-packages\fastapi\routing.py", line 2734, in app
    await route.handle(scope, receive, send)
  File "C:\Users\Everrain\AppData\Local\Programs\Python\Python311\Lib\site-packages\fastapi\routing.py", line 1780, in handle
    await self.original_router.handle(scope, receive, send)
  File "C:\Users\Everrain\AppData\Local\Programs\Python\Python311\Lib\site-packages\fastapi\routing.py", line 2789, in handle
    await included_router._handle_selected(scope, receive, send)
  File "C:\Users\Everrain\AppData\Local\Programs\Python\Python311\Lib\site-packages\fastapi\routing.py", line 1791, in _handle_selected
    await route.handle(scope, receive, send)
  File "C:\Users\Everrain\AppData\Local\Programs\Python\Python311\Lib\site-packages\fastapi\routing.py", line 1780, in handle
    await self.original_router.handle(scope, receive, send)
  File "C:\Users\Everrain\AppData\Local\Programs\Python\Python311\Lib\site-packages\fastapi\routing.py", line 2789, in handle
    await included_router._handle_selected(scope, receive, send)
  File "C:\Users\Everrain\AppData\Local\Programs\Python\Python311\Lib\site-packages\fastapi\routing.py", line 1800, in _handle_selected
    await original_route.handle(scope, receive, send)
  File "C:\Users\Everrain\AppData\Local\Programs\Python\Python311\Lib\site-packages\fastapi\routing.py", line 1279, in handle
    await app(scope, receive, send)
  File "C:\Users\Everrain\AppData\Local\Programs\Python\Python311\Lib\site-packages\fastapi\routing.py", line 158, in app
    await wrap_app_handling_exceptions(app, request)(scope, receive, send)
  File "C:\Users\Everrain\AppData\Local\Programs\Python\Python311\Lib\site-packages\starlette\_exception_handler.py", line 53, in wrapped_app
    raise exc
  File "C:\Users\Everrain\AppData\Local\Programs\Python\Python311\Lib\site-packages\starlette\_exception_handler.py", line 42, in wrapped_app
    await app(scope, receive, sender)
  File "C:\Users\Everrain\AppData\Local\Programs\Python\Python311\Lib\contextlib.py", line 222, in __aexit__
    await self.gen.athrow(typ, value, traceback)
  File "C:\Users\Everrain\AppData\Local\Programs\Python\Python311\Lib\contextlib.py", line 222, in __aexit__
    await self.gen.athrow(typ, value, traceback)
  File "D:\repos\112\Simulator112\serv-112\backend\app\database.py", line 119, in unit_of_work
    yield session
  File "D:\repos\112\Simulator112\serv-112\backend\app\database.py", line 135, in get_session
    yield session
  File "C:\Users\Everrain\AppData\Local\Programs\Python\Python311\Lib\site-packages\fastapi\routing.py", line 144, in app
    response = await f(request)
               ^^^^^^^^^^^^^^^^
  File "C:\Users\Everrain\AppData\Local\Programs\Python\Python311\Lib\site-packages\fastapi\routing.py", line 727, in app
    content = await serialize_response(
              ^^^^^^^^^^^^^^^^^^^^^^^^^
  File "C:\Users\Everrain\AppData\Local\Programs\Python\Python311\Lib\site-packages\fastapi\routing.py", line 324, in serialize_response
    raise ResponseValidationError(
fastapi.exceptions.ResponseValidationError: 1 validation error:
  {'type': 'model_attributes_type', 'loc': ('response',), 'msg': 'Input should be a valid dictionary or object to extract fields from', 'input': None}

  File "D:\repos\112\Simulator112\serv-112\backend\app\api\v1\admin.py", line 61, in system_info
    GET /api/v1/admin/system/info
INFO:     192.168.1.103:51601 - "GET /api/v1/admin/system/info HTTP/1.1" 500 Internal Server Error
ERROR:    Exception in ASGI application
Traceback (most recent call last):
  File "C:\Users\Everrain\AppData\Local\Programs\Python\Python311\Lib\site-packages\uvicorn\protocols\http\httptools_impl.py", line 422, in run_asgi
    result = await app(  # type: ignore[func-returns-value]
             ^^^^^^^^^^^^^^^^^^^^^^^^^^^^^^^^^^^^^^^^^^^^^^
  File "C:\Users\Everrain\AppData\Local\Programs\Python\Python311\Lib\site-packages\fastapi\applications.py", line 1163, in __call__
    await super().__call__(scope, receive, send)
  File "C:\Users\Everrain\AppData\Local\Programs\Python\Python311\Lib\site-packages\starlette\applications.py", line 96, in __call__
    await self.middleware_stack(scope, receive, send)
  File "C:\Users\Everrain\AppData\Local\Programs\Python\Python311\Lib\site-packages\starlette\middleware\errors.py", line 186, in __call__
    raise exc
  File "C:\Users\Everrain\AppData\Local\Programs\Python\Python311\Lib\site-packages\starlette\middleware\errors.py", line 164, in __call__
    await self.app(scope, receive, _send)
  File "C:\Users\Everrain\AppData\Local\Programs\Python\Python311\Lib\contextlib.py", line 222, in __aexit__
    await self.gen.athrow(typ, value, traceback)
  File "C:\Users\Everrain\AppData\Local\Programs\Python\Python311\Lib\site-packages\starlette\_utils.py", line 93, in create_collapsing_task_group
    raise exc from exc.__cause__ or context
  File "C:\Users\Everrain\AppData\Local\Programs\Python\Python311\Lib\site-packages\starlette\_utils.py", line 86, in create_collapsing_task_group
    yield tg
  File "C:\Users\Everrain\AppData\Local\Programs\Python\Python311\Lib\site-packages\starlette\middleware\base.py", line 193, in __call__
    response = await self.dispatch_func(request, call_next)
               ^^^^^^^^^^^^^^^^^^^^^^^^^^^^^^^^^^^^^^^^^^^^
  File "D:\repos\112\Simulator112\serv-112\backend\app\main.py", line 289, in _request_context_middleware
    response = await call_next(request)
               ^^^^^^^^^^^^^^^^^^^^^^^^
  File "C:\Users\Everrain\AppData\Local\Programs\Python\Python311\Lib\site-packages\starlette\middleware\base.py", line 168, in call_next
    raise app_exc from app_exc.__cause__ or app_exc.__context__
  File "C:\Users\Everrain\AppData\Local\Programs\Python\Python311\Lib\site-packages\starlette\middleware\base.py", line 144, in coro
    await self.app(scope, receive_or_disconnect, send_no_error)
  File "C:\Users\Everrain\AppData\Local\Programs\Python\Python311\Lib\site-packages\starlette\middleware\cors.py", line 88, in __call__
    await self.app(scope, receive, send)
  File "C:\Users\Everrain\AppData\Local\Programs\Python\Python311\Lib\site-packages\starlette\middleware\exceptions.py", line 63, in __call__
    await wrap_app_handling_exceptions(self.app, conn)(scope, receive, send)
  File "C:\Users\Everrain\AppData\Local\Programs\Python\Python311\Lib\site-packages\starlette\_exception_handler.py", line 53, in wrapped_app
    raise exc
  File "C:\Users\Everrain\AppData\Local\Programs\Python\Python311\Lib\site-packages\starlette\_exception_handler.py", line 42, in wrapped_app
    await app(scope, receive, sender)
  File "C:\Users\Everrain\AppData\Local\Programs\Python\Python311\Lib\site-packages\fastapi\middleware\asyncexitstack.py", line 18, in __call__
    await self.app(scope, receive, send)
  File "C:\Users\Everrain\AppData\Local\Programs\Python\Python311\Lib\site-packages\starlette\routing.py", line 670, in __call__
    await self.middleware_stack(scope, receive, send)
  File "C:\Users\Everrain\AppData\Local\Programs\Python\Python311\Lib\site-packages\fastapi\routing.py", line 2734, in app
    await route.handle(scope, receive, send)
  File "C:\Users\Everrain\AppData\Local\Programs\Python\Python311\Lib\site-packages\fastapi\routing.py", line 1780, in handle
    await self.original_router.handle(scope, receive, send)
  File "C:\Users\Everrain\AppData\Local\Programs\Python\Python311\Lib\site-packages\fastapi\routing.py", line 2789, in handle
    await included_router._handle_selected(scope, receive, send)
  File "C:\Users\Everrain\AppData\Local\Programs\Python\Python311\Lib\site-packages\fastapi\routing.py", line 1791, in _handle_selected
    await route.handle(scope, receive, send)
  File "C:\Users\Everrain\AppData\Local\Programs\Python\Python311\Lib\site-packages\fastapi\routing.py", line 1780, in handle
    await self.original_router.handle(scope, receive, send)
  File "C:\Users\Everrain\AppData\Local\Programs\Python\Python311\Lib\site-packages\fastapi\routing.py", line 2789, in handle
    await included_router._handle_selected(scope, receive, send)
  File "C:\Users\Everrain\AppData\Local\Programs\Python\Python311\Lib\site-packages\fastapi\routing.py", line 1800, in _handle_selected
    await original_route.handle(scope, receive, send)
  File "C:\Users\Everrain\AppData\Local\Programs\Python\Python311\Lib\site-packages\fastapi\routing.py", line 1279, in handle
    await app(scope, receive, send)
  File "C:\Users\Everrain\AppData\Local\Programs\Python\Python311\Lib\site-packages\fastapi\routing.py", line 158, in app
    await wrap_app_handling_exceptions(app, request)(scope, receive, send)
  File "C:\Users\Everrain\AppData\Local\Programs\Python\Python311\Lib\site-packages\starlette\_exception_handler.py", line 53, in wrapped_app
    raise exc
  File "C:\Users\Everrain\AppData\Local\Programs\Python\Python311\Lib\site-packages\starlette\_exception_handler.py", line 42, in wrapped_app
    await app(scope, receive, sender)
  File "C:\Users\Everrain\AppData\Local\Programs\Python\Python311\Lib\contextlib.py", line 222, in __aexit__
    await self.gen.athrow(typ, value, traceback)
  File "C:\Users\Everrain\AppData\Local\Programs\Python\Python311\Lib\contextlib.py", line 222, in __aexit__
    await self.gen.athrow(typ, value, traceback)
  File "D:\repos\112\Simulator112\serv-112\backend\app\database.py", line 119, in unit_of_work
    yield session
  File "D:\repos\112\Simulator112\serv-112\backend\app\database.py", line 135, in get_session
    yield session
  File "C:\Users\Everrain\AppData\Local\Programs\Python\Python311\Lib\site-packages\fastapi\routing.py", line 144, in app
    response = await f(request)
               ^^^^^^^^^^^^^^^^
  File "C:\Users\Everrain\AppData\Local\Programs\Python\Python311\Lib\site-packages\fastapi\routing.py", line 727, in app
    content = await serialize_response(
              ^^^^^^^^^^^^^^^^^^^^^^^^^
  File "C:\Users\Everrain\AppData\Local\Programs\Python\Python311\Lib\site-packages\fastapi\routing.py", line 324, in serialize_response
    raise ResponseValidationError(
fastapi.exceptions.ResponseValidationError: 1 validation error:
  {'type': 'model_attributes_type', 'loc': ('response',), 'msg': 'Input should be a valid dictionary or object to extract fields from', 'input': None}

  File "D:\repos\112\Simulator112\serv-112\backend\app\api\v1\admin.py", line 61, in system_info
    GET /api/v1/admin/system/info
INFO:httpx:HTTP Request: GET https://127.0.0.1:5000/api/state "HTTP/1.1 200 OK"
INFO:httpx:HTTP Request: GET https://localhost:8000/ "HTTP/1.1 404 Not Found"
INFO:httpx:HTTP Request: GET http://localhost:8080/health "HTTP/1.1 200 OK"
ERROR:    Unhandled exception on /api/v1/admin/system/info
Traceback (most recent call last):
  File "C:\Users\Everrain\AppData\Local\Programs\Python\Python311\Lib\site-packages\starlette\middleware\errors.py", line 164, in __call__
    await self.app(scope, receive, _send)
  File "C:\Users\Everrain\AppData\Local\Programs\Python\Python311\Lib\contextlib.py", line 222, in __aexit__
    await self.gen.athrow(typ, value, traceback)
  File "C:\Users\Everrain\AppData\Local\Programs\Python\Python311\Lib\site-packages\starlette\_utils.py", line 93, in create_collapsing_task_group
    raise exc from exc.__cause__ or context
  File "C:\Users\Everrain\AppData\Local\Programs\Python\Python311\Lib\site-packages\starlette\_utils.py", line 86, in create_collapsing_task_group
    yield tg
  File "C:\Users\Everrain\AppData\Local\Programs\Python\Python311\Lib\site-packages\starlette\middleware\base.py", line 193, in __call__
    response = await self.dispatch_func(request, call_next)
               ^^^^^^^^^^^^^^^^^^^^^^^^^^^^^^^^^^^^^^^^^^^^
  File "D:\repos\112\Simulator112\serv-112\backend\app\main.py", line 289, in _request_context_middleware
    response = await call_next(request)
               ^^^^^^^^^^^^^^^^^^^^^^^^
  File "C:\Users\Everrain\AppData\Local\Programs\Python\Python311\Lib\site-packages\starlette\middleware\base.py", line 168, in call_next
    raise app_exc from app_exc.__cause__ or app_exc.__context__
  File "C:\Users\Everrain\AppData\Local\Programs\Python\Python311\Lib\site-packages\starlette\middleware\base.py", line 144, in coro
    await self.app(scope, receive_or_disconnect, send_no_error)
  File "C:\Users\Everrain\AppData\Local\Programs\Python\Python311\Lib\site-packages\starlette\middleware\cors.py", line 88, in __call__
    await self.app(scope, receive, send)
  File "C:\Users\Everrain\AppData\Local\Programs\Python\Python311\Lib\site-packages\starlette\middleware\exceptions.py", line 63, in __call__
    await wrap_app_handling_exceptions(self.app, conn)(scope, receive, send)
  File "C:\Users\Everrain\AppData\Local\Programs\Python\Python311\Lib\site-packages\starlette\_exception_handler.py", line 53, in wrapped_app
    raise exc
  File "C:\Users\Everrain\AppData\Local\Programs\Python\Python311\Lib\site-packages\starlette\_exception_handler.py", line 42, in wrapped_app
    await app(scope, receive, sender)
  File "C:\Users\Everrain\AppData\Local\Programs\Python\Python311\Lib\site-packages\fastapi\middleware\asyncexitstack.py", line 18, in __call__
    await self.app(scope, receive, send)
  File "C:\Users\Everrain\AppData\Local\Programs\Python\Python311\Lib\site-packages\starlette\routing.py", line 670, in __call__
    await self.middleware_stack(scope, receive, send)
  File "C:\Users\Everrain\AppData\Local\Programs\Python\Python311\Lib\site-packages\fastapi\routing.py", line 2734, in app
    await route.handle(scope, receive, send)
  File "C:\Users\Everrain\AppData\Local\Programs\Python\Python311\Lib\site-packages\fastapi\routing.py", line 1780, in handle
    await self.original_router.handle(scope, receive, send)
  File "C:\Users\Everrain\AppData\Local\Programs\Python\Python311\Lib\site-packages\fastapi\routing.py", line 2789, in handle
    await included_router._handle_selected(scope, receive, send)
  File "C:\Users\Everrain\AppData\Local\Programs\Python\Python311\Lib\site-packages\fastapi\routing.py", line 1791, in _handle_selected
    await route.handle(scope, receive, send)
  File "C:\Users\Everrain\AppData\Local\Programs\Python\Python311\Lib\site-packages\fastapi\routing.py", line 1780, in handle
    await self.original_router.handle(scope, receive, send)
  File "C:\Users\Everrain\AppData\Local\Programs\Python\Python311\Lib\site-packages\fastapi\routing.py", line 2789, in handle
    await included_router._handle_selected(scope, receive, send)
  File "C:\Users\Everrain\AppData\Local\Programs\Python\Python311\Lib\site-packages\fastapi\routing.py", line 1800, in _handle_selected
    await original_route.handle(scope, receive, send)
  File "C:\Users\Everrain\AppData\Local\Programs\Python\Python311\Lib\site-packages\fastapi\routing.py", line 1279, in handle
    await app(scope, receive, send)
  File "C:\Users\Everrain\AppData\Local\Programs\Python\Python311\Lib\site-packages\fastapi\routing.py", line 158, in app
    await wrap_app_handling_exceptions(app, request)(scope, receive, send)
  File "C:\Users\Everrain\AppData\Local\Programs\Python\Python311\Lib\site-packages\starlette\_exception_handler.py", line 53, in wrapped_app
    raise exc
  File "C:\Users\Everrain\AppData\Local\Programs\Python\Python311\Lib\site-packages\starlette\_exception_handler.py", line 42, in wrapped_app
    await app(scope, receive, sender)
  File "C:\Users\Everrain\AppData\Local\Programs\Python\Python311\Lib\contextlib.py", line 222, in __aexit__
    await self.gen.athrow(typ, value, traceback)
  File "C:\Users\Everrain\AppData\Local\Programs\Python\Python311\Lib\contextlib.py", line 222, in __aexit__
    await self.gen.athrow(typ, value, traceback)
  File "D:\repos\112\Simulator112\serv-112\backend\app\database.py", line 119, in unit_of_work
    yield session
  File "D:\repos\112\Simulator112\serv-112\backend\app\database.py", line 135, in get_session
    yield session
  File "C:\Users\Everrain\AppData\Local\Programs\Python\Python311\Lib\site-packages\fastapi\routing.py", line 144, in app
    response = await f(request)
               ^^^^^^^^^^^^^^^^
  File "C:\Users\Everrain\AppData\Local\Programs\Python\Python311\Lib\site-packages\fastapi\routing.py", line 727, in app
    content = await serialize_response(
              ^^^^^^^^^^^^^^^^^^^^^^^^^
  File "C:\Users\Everrain\AppData\Local\Programs\Python\Python311\Lib\site-packages\fastapi\routing.py", line 324, in serialize_response
    raise ResponseValidationError(
fastapi.exceptions.ResponseValidationError: 1 validation error:
  {'type': 'model_attributes_type', 'loc': ('response',), 'msg': 'Input should be a valid dictionary or object to extract fields from', 'input': None}

  File "D:\repos\112\Simulator112\serv-112\backend\app\api\v1\admin.py", line 61, in system_info
    GET /api/v1/admin/system/info
INFO:     192.168.1.103:51611 - "GET /api/v1/admin/system/info HTTP/1.1" 500 Internal Server Error
ERROR:    Exception in ASGI application
Traceback (most recent call last):
  File "C:\Users\Everrain\AppData\Local\Programs\Python\Python311\Lib\site-packages\uvicorn\protocols\http\httptools_impl.py", line 422, in run_asgi
    result = await app(  # type: ignore[func-returns-value]
             ^^^^^^^^^^^^^^^^^^^^^^^^^^^^^^^^^^^^^^^^^^^^^^
  File "C:\Users\Everrain\AppData\Local\Programs\Python\Python311\Lib\site-packages\fastapi\applications.py", line 1163, in __call__
    await super().__call__(scope, receive, send)
  File "C:\Users\Everrain\AppData\Local\Programs\Python\Python311\Lib\site-packages\starlette\applications.py", line 96, in __call__
    await self.middleware_stack(scope, receive, send)
  File "C:\Users\Everrain\AppData\Local\Programs\Python\Python311\Lib\site-packages\starlette\middleware\errors.py", line 186, in __call__
    raise exc
  File "C:\Users\Everrain\AppData\Local\Programs\Python\Python311\Lib\site-packages\starlette\middleware\errors.py", line 164, in __call__
    await self.app(scope, receive, _send)
  File "C:\Users\Everrain\AppData\Local\Programs\Python\Python311\Lib\contextlib.py", line 222, in __aexit__
    await self.gen.athrow(typ, value, traceback)
  File "C:\Users\Everrain\AppData\Local\Programs\Python\Python311\Lib\site-packages\starlette\_utils.py", line 93, in create_collapsing_task_group
    raise exc from exc.__cause__ or context
  File "C:\Users\Everrain\AppData\Local\Programs\Python\Python311\Lib\site-packages\starlette\_utils.py", line 86, in create_collapsing_task_group
    yield tg
  File "C:\Users\Everrain\AppData\Local\Programs\Python\Python311\Lib\site-packages\starlette\middleware\base.py", line 193, in __call__
    response = await self.dispatch_func(request, call_next)
               ^^^^^^^^^^^^^^^^^^^^^^^^^^^^^^^^^^^^^^^^^^^^
  File "D:\repos\112\Simulator112\serv-112\backend\app\main.py", line 289, in _request_context_middleware
    response = await call_next(request)
               ^^^^^^^^^^^^^^^^^^^^^^^^
  File "C:\Users\Everrain\AppData\Local\Programs\Python\Python311\Lib\site-packages\starlette\middleware\base.py", line 168, in call_next
    raise app_exc from app_exc.__cause__ or app_exc.__context__
  File "C:\Users\Everrain\AppData\Local\Programs\Python\Python311\Lib\site-packages\starlette\middleware\base.py", line 144, in coro
    await self.app(scope, receive_or_disconnect, send_no_error)
  File "C:\Users\Everrain\AppData\Local\Programs\Python\Python311\Lib\site-packages\starlette\middleware\cors.py", line 88, in __call__
    await self.app(scope, receive, send)
  File "C:\Users\Everrain\AppData\Local\Programs\Python\Python311\Lib\site-packages\starlette\middleware\exceptions.py", line 63, in __call__
    await wrap_app_handling_exceptions(self.app, conn)(scope, receive, send)
  File "C:\Users\Everrain\AppData\Local\Programs\Python\Python311\Lib\site-packages\starlette\_exception_handler.py", line 53, in wrapped_app
    raise exc
  File "C:\Users\Everrain\AppData\Local\Programs\Python\Python311\Lib\site-packages\starlette\_exception_handler.py", line 42, in wrapped_app
    await app(scope, receive, sender)
  File "C:\Users\Everrain\AppData\Local\Programs\Python\Python311\Lib\site-packages\fastapi\middleware\asyncexitstack.py", line 18, in __call__
    await self.app(scope, receive, send)
  File "C:\Users\Everrain\AppData\Local\Programs\Python\Python311\Lib\site-packages\starlette\routing.py", line 670, in __call__
    await self.middleware_stack(scope, receive, send)
  File "C:\Users\Everrain\AppData\Local\Programs\Python\Python311\Lib\site-packages\fastapi\routing.py", line 2734, in app
    await route.handle(scope, receive, send)
  File "C:\Users\Everrain\AppData\Local\Programs\Python\Python311\Lib\site-packages\fastapi\routing.py", line 1780, in handle
    await self.original_router.handle(scope, receive, send)
  File "C:\Users\Everrain\AppData\Local\Programs\Python\Python311\Lib\site-packages\fastapi\routing.py", line 2789, in handle
    await included_router._handle_selected(scope, receive, send)
  File "C:\Users\Everrain\AppData\Local\Programs\Python\Python311\Lib\site-packages\fastapi\routing.py", line 1791, in _handle_selected
    await route.handle(scope, receive, send)
  File "C:\Users\Everrain\AppData\Local\Programs\Python\Python311\Lib\site-packages\fastapi\routing.py", line 1780, in handle
    await self.original_router.handle(scope, receive, send)
  File "C:\Users\Everrain\AppData\Local\Programs\Python\Python311\Lib\site-packages\fastapi\routing.py", line 2789, in handle
    await included_router._handle_selected(scope, receive, send)
  File "C:\Users\Everrain\AppData\Local\Programs\Python\Python311\Lib\site-packages\fastapi\routing.py", line 1800, in _handle_selected
    await original_route.handle(scope, receive, send)
  File "C:\Users\Everrain\AppData\Local\Programs\Python\Python311\Lib\site-packages\fastapi\routing.py", line 1279, in handle
    await app(scope, receive, send)
  File "C:\Users\Everrain\AppData\Local\Programs\Python\Python311\Lib\site-packages\fastapi\routing.py", line 158, in app
    await wrap_app_handling_exceptions(app, request)(scope, receive, send)
  File "C:\Users\Everrain\AppData\Local\Programs\Python\Python311\Lib\site-packages\starlette\_exception_handler.py", line 53, in wrapped_app
    raise exc
  File "C:\Users\Everrain\AppData\Local\Programs\Python\Python311\Lib\site-packages\starlette\_exception_handler.py", line 42, in wrapped_app
    await app(scope, receive, sender)
  File "C:\Users\Everrain\AppData\Local\Programs\Python\Python311\Lib\contextlib.py", line 222, in __aexit__
    await self.gen.athrow(typ, value, traceback)
  File "C:\Users\Everrain\AppData\Local\Programs\Python\Python311\Lib\contextlib.py", line 222, in __aexit__
    await self.gen.athrow(typ, value, traceback)
  File "D:\repos\112\Simulator112\serv-112\backend\app\database.py", line 119, in unit_of_work
    yield session
  File "D:\repos\112\Simulator112\serv-112\backend\app\database.py", line 135, in get_session
    yield session
  File "C:\Users\Everrain\AppData\Local\Programs\Python\Python311\Lib\site-packages\fastapi\routing.py", line 144, in app
    response = await f(request)
               ^^^^^^^^^^^^^^^^
  File "C:\Users\Everrain\AppData\Local\Programs\Python\Python311\Lib\site-packages\fastapi\routing.py", line 727, in app
    content = await serialize_response(
              ^^^^^^^^^^^^^^^^^^^^^^^^^
  File "C:\Users\Everrain\AppData\Local\Programs\Python\Python311\Lib\site-packages\fastapi\routing.py", line 324, in serialize_response
    raise ResponseValidationError(
fastapi.exceptions.ResponseValidationError: 1 validation error:
  {'type': 'model_attributes_type', 'loc': ('response',), 'msg': 'Input should be a valid dictionary or object to extract fields from', 'input': None}

  File "D:\repos\112\Simulator112\serv-112\backend\app\api\v1\admin.py", line 61, in system_info
    GET /api/v1/admin/system/info
INFO:httpx:HTTP Request: GET https://127.0.0.1:5000/api/state "HTTP/1.1 200 OK"
INFO:httpx:HTTP Request: GET https://localhost:8000/ "HTTP/1.1 404 Not Found"
INFO:httpx:HTTP Request: GET http://localhost:8080/health "HTTP/1.1 200 OK"
ERROR:    Unhandled exception on /api/v1/admin/system/info
Traceback (most recent call last):
  File "C:\Users\Everrain\AppData\Local\Programs\Python\Python311\Lib\site-packages\starlette\middleware\errors.py", line 164, in __call__
    await self.app(scope, receive, _send)
  File "C:\Users\Everrain\AppData\Local\Programs\Python\Python311\Lib\contextlib.py", line 222, in __aexit__
    await self.gen.athrow(typ, value, traceback)
  File "C:\Users\Everrain\AppData\Local\Programs\Python\Python311\Lib\site-packages\starlette\_utils.py", line 93, in create_collapsing_task_group
    raise exc from exc.__cause__ or context
  File "C:\Users\Everrain\AppData\Local\Programs\Python\Python311\Lib\site-packages\starlette\_utils.py", line 86, in create_collapsing_task_group
    yield tg
  File "C:\Users\Everrain\AppData\Local\Programs\Python\Python311\Lib\site-packages\starlette\middleware\base.py", line 193, in __call__
    response = await self.dispatch_func(request, call_next)
               ^^^^^^^^^^^^^^^^^^^^^^^^^^^^^^^^^^^^^^^^^^^^
  File "D:\repos\112\Simulator112\serv-112\backend\app\main.py", line 289, in _request_context_middleware
    response = await call_next(request)
               ^^^^^^^^^^^^^^^^^^^^^^^^
  File "C:\Users\Everrain\AppData\Local\Programs\Python\Python311\Lib\site-packages\starlette\middleware\base.py", line 168, in call_next
    raise app_exc from app_exc.__cause__ or app_exc.__context__
  File "C:\Users\Everrain\AppData\Local\Programs\Python\Python311\Lib\site-packages\starlette\middleware\base.py", line 144, in coro
    await self.app(scope, receive_or_disconnect, send_no_error)
  File "C:\Users\Everrain\AppData\Local\Programs\Python\Python311\Lib\site-packages\starlette\middleware\cors.py", line 88, in __call__
    await self.app(scope, receive, send)
  File "C:\Users\Everrain\AppData\Local\Programs\Python\Python311\Lib\site-packages\starlette\middleware\exceptions.py", line 63, in __call__
    await wrap_app_handling_exceptions(self.app, conn)(scope, receive, send)
  File "C:\Users\Everrain\AppData\Local\Programs\Python\Python311\Lib\site-packages\starlette\_exception_handler.py", line 53, in wrapped_app
    raise exc
  File "C:\Users\Everrain\AppData\Local\Programs\Python\Python311\Lib\site-packages\starlette\_exception_handler.py", line 42, in wrapped_app
    await app(scope, receive, sender)
  File "C:\Users\Everrain\AppData\Local\Programs\Python\Python311\Lib\site-packages\fastapi\middleware\asyncexitstack.py", line 18, in __call__
    await self.app(scope, receive, send)
  File "C:\Users\Everrain\AppData\Local\Programs\Python\Python311\Lib\site-packages\starlette\routing.py", line 670, in __call__
    await self.middleware_stack(scope, receive, send)
  File "C:\Users\Everrain\AppData\Local\Programs\Python\Python311\Lib\site-packages\fastapi\routing.py", line 2734, in app
    await route.handle(scope, receive, send)
  File "C:\Users\Everrain\AppData\Local\Programs\Python\Python311\Lib\site-packages\fastapi\routing.py", line 1780, in handle
    await self.original_router.handle(scope, receive, send)
  File "C:\Users\Everrain\AppData\Local\Programs\Python\Python311\Lib\site-packages\fastapi\routing.py", line 2789, in handle
    await included_router._handle_selected(scope, receive, send)
  File "C:\Users\Everrain\AppData\Local\Programs\Python\Python311\Lib\site-packages\fastapi\routing.py", line 1791, in _handle_selected
    await route.handle(scope, receive, send)
  File "C:\Users\Everrain\AppData\Local\Programs\Python\Python311\Lib\site-packages\fastapi\routing.py", line 1780, in handle
    await self.original_router.handle(scope, receive, send)
  File "C:\Users\Everrain\AppData\Local\Programs\Python\Python311\Lib\site-packages\fastapi\routing.py", line 2789, in handle
    await included_router._handle_selected(scope, receive, send)
  File "C:\Users\Everrain\AppData\Local\Programs\Python\Python311\Lib\site-packages\fastapi\routing.py", line 1800, in _handle_selected
    await original_route.handle(scope, receive, send)
  File "C:\Users\Everrain\AppData\Local\Programs\Python\Python311\Lib\site-packages\fastapi\routing.py", line 1279, in handle
    await app(scope, receive, send)
  File "C:\Users\Everrain\AppData\Local\Programs\Python\Python311\Lib\site-packages\fastapi\routing.py", line 158, in app
    await wrap_app_handling_exceptions(app, request)(scope, receive, send)
  File "C:\Users\Everrain\AppData\Local\Programs\Python\Python311\Lib\site-packages\starlette\_exception_handler.py", line 53, in wrapped_app
    raise exc
  File "C:\Users\Everrain\AppData\Local\Programs\Python\Python311\Lib\site-packages\starlette\_exception_handler.py", line 42, in wrapped_app
    await app(scope, receive, sender)
  File "C:\Users\Everrain\AppData\Local\Programs\Python\Python311\Lib\contextlib.py", line 222, in __aexit__
    await self.gen.athrow(typ, value, traceback)
  File "C:\Users\Everrain\AppData\Local\Programs\Python\Python311\Lib\contextlib.py", line 222, in __aexit__
    await self.gen.athrow(typ, value, traceback)
  File "D:\repos\112\Simulator112\serv-112\backend\app\database.py", line 119, in unit_of_work
    yield session
  File "D:\repos\112\Simulator112\serv-112\backend\app\database.py", line 135, in get_session
    yield session
  File "C:\Users\Everrain\AppData\Local\Programs\Python\Python311\Lib\site-packages\fastapi\routing.py", line 144, in app
    response = await f(request)
               ^^^^^^^^^^^^^^^^
  File "C:\Users\Everrain\AppData\Local\Programs\Python\Python311\Lib\site-packages\fastapi\routing.py", line 727, in app
    content = await serialize_response(
              ^^^^^^^^^^^^^^^^^^^^^^^^^
  File "C:\Users\Everrain\AppData\Local\Programs\Python\Python311\Lib\site-packages\fastapi\routing.py", line 324, in serialize_response
    raise ResponseValidationError(
fastapi.exceptions.ResponseValidationError: 1 validation error:
  {'type': 'model_attributes_type', 'loc': ('response',), 'msg': 'Input should be a valid dictionary or object to extract fields from', 'input': None}

  File "D:\repos\112\Simulator112\serv-112\backend\app\api\v1\admin.py", line 61, in system_info
    GET /api/v1/admin/system/info
INFO:     192.168.1.103:51617 - "GET /api/v1/admin/system/info HTTP/1.1" 500 Internal Server Error
ERROR:    Exception in ASGI application
Traceback (most recent call last):
  File "C:\Users\Everrain\AppData\Local\Programs\Python\Python311\Lib\site-packages\uvicorn\protocols\http\httptools_impl.py", line 422, in run_asgi
    result = await app(  # type: ignore[func-returns-value]
             ^^^^^^^^^^^^^^^^^^^^^^^^^^^^^^^^^^^^^^^^^^^^^^
  File "C:\Users\Everrain\AppData\Local\Programs\Python\Python311\Lib\site-packages\fastapi\applications.py", line 1163, in __call__
    await super().__call__(scope, receive, send)
  File "C:\Users\Everrain\AppData\Local\Programs\Python\Python311\Lib\site-packages\starlette\applications.py", line 96, in __call__
    await self.middleware_stack(scope, receive, send)
  File "C:\Users\Everrain\AppData\Local\Programs\Python\Python311\Lib\site-packages\starlette\middleware\errors.py", line 186, in __call__
    raise exc
  File "C:\Users\Everrain\AppData\Local\Programs\Python\Python311\Lib\site-packages\starlette\middleware\errors.py", line 164, in __call__
    await self.app(scope, receive, _send)
  File "C:\Users\Everrain\AppData\Local\Programs\Python\Python311\Lib\contextlib.py", line 222, in __aexit__
    await self.gen.athrow(typ, value, traceback)
  File "C:\Users\Everrain\AppData\Local\Programs\Python\Python311\Lib\site-packages\starlette\_utils.py", line 93, in create_collapsing_task_group
    raise exc from exc.__cause__ or context
  File "C:\Users\Everrain\AppData\Local\Programs\Python\Python311\Lib\site-packages\starlette\_utils.py", line 86, in create_collapsing_task_group
    yield tg
  File "C:\Users\Everrain\AppData\Local\Programs\Python\Python311\Lib\site-packages\starlette\middleware\base.py", line 193, in __call__
    response = await self.dispatch_func(request, call_next)
               ^^^^^^^^^^^^^^^^^^^^^^^^^^^^^^^^^^^^^^^^^^^^
  File "D:\repos\112\Simulator112\serv-112\backend\app\main.py", line 289, in _request_context_middleware
    response = await call_next(request)
               ^^^^^^^^^^^^^^^^^^^^^^^^
  File "C:\Users\Everrain\AppData\Local\Programs\Python\Python311\Lib\site-packages\starlette\middleware\base.py", line 168, in call_next
    raise app_exc from app_exc.__cause__ or app_exc.__context__
  File "C:\Users\Everrain\AppData\Local\Programs\Python\Python311\Lib\site-packages\starlette\middleware\base.py", line 144, in coro
    await self.app(scope, receive_or_disconnect, send_no_error)
  File "C:\Users\Everrain\AppData\Local\Programs\Python\Python311\Lib\site-packages\starlette\middleware\cors.py", line 88, in __call__
    await self.app(scope, receive, send)
  File "C:\Users\Everrain\AppData\Local\Programs\Python\Python311\Lib\site-packages\starlette\middleware\exceptions.py", line 63, in __call__
    await wrap_app_handling_exceptions(self.app, conn)(scope, receive, send)
  File "C:\Users\Everrain\AppData\Local\Programs\Python\Python311\Lib\site-packages\starlette\_exception_handler.py", line 53, in wrapped_app
    raise exc
  File "C:\Users\Everrain\AppData\Local\Programs\Python\Python311\Lib\site-packages\starlette\_exception_handler.py", line 42, in wrapped_app
    await app(scope, receive, sender)
  File "C:\Users\Everrain\AppData\Local\Programs\Python\Python311\Lib\site-packages\fastapi\middleware\asyncexitstack.py", line 18, in __call__
    await self.app(scope, receive, send)
  File "C:\Users\Everrain\AppData\Local\Programs\Python\Python311\Lib\site-packages\starlette\routing.py", line 670, in __call__
    await self.middleware_stack(scope, receive, send)
  File "C:\Users\Everrain\AppData\Local\Programs\Python\Python311\Lib\site-packages\fastapi\routing.py", line 2734, in app
    await route.handle(scope, receive, send)
  File "C:\Users\Everrain\AppData\Local\Programs\Python\Python311\Lib\site-packages\fastapi\routing.py", line 1780, in handle
    await self.original_router.handle(scope, receive, send)
  File "C:\Users\Everrain\AppData\Local\Programs\Python\Python311\Lib\site-packages\fastapi\routing.py", line 2789, in handle
    await included_router._handle_selected(scope, receive, send)
  File "C:\Users\Everrain\AppData\Local\Programs\Python\Python311\Lib\site-packages\fastapi\routing.py", line 1791, in _handle_selected
    await route.handle(scope, receive, send)
  File "C:\Users\Everrain\AppData\Local\Programs\Python\Python311\Lib\site-packages\fastapi\routing.py", line 1780, in handle
    await self.original_router.handle(scope, receive, send)
  File "C:\Users\Everrain\AppData\Local\Programs\Python\Python311\Lib\site-packages\fastapi\routing.py", line 2789, in handle
    await included_router._handle_selected(scope, receive, send)
  File "C:\Users\Everrain\AppData\Local\Programs\Python\Python311\Lib\site-packages\fastapi\routing.py", line 1800, in _handle_selected
    await original_route.handle(scope, receive, send)
  File "C:\Users\Everrain\AppData\Local\Programs\Python\Python311\Lib\site-packages\fastapi\routing.py", line 1279, in handle
    await app(scope, receive, send)
  File "C:\Users\Everrain\AppData\Local\Programs\Python\Python311\Lib\site-packages\fastapi\routing.py", line 158, in app
    await wrap_app_handling_exceptions(app, request)(scope, receive, send)
  File "C:\Users\Everrain\AppData\Local\Programs\Python\Python311\Lib\site-packages\starlette\_exception_handler.py", line 53, in wrapped_app
    raise exc
  File "C:\Users\Everrain\AppData\Local\Programs\Python\Python311\Lib\site-packages\starlette\_exception_handler.py", line 42, in wrapped_app
    await app(scope, receive, sender)
  File "C:\Users\Everrain\AppData\Local\Programs\Python\Python311\Lib\contextlib.py", line 222, in __aexit__
    await self.gen.athrow(typ, value, traceback)
  File "C:\Users\Everrain\AppData\Local\Programs\Python\Python311\Lib\contextlib.py", line 222, in __aexit__
    await self.gen.athrow(typ, value, traceback)
  File "D:\repos\112\Simulator112\serv-112\backend\app\database.py", line 119, in unit_of_work
    yield session
  File "D:\repos\112\Simulator112\serv-112\backend\app\database.py", line 135, in get_session
    yield session
  File "C:\Users\Everrain\AppData\Local\Programs\Python\Python311\Lib\site-packages\fastapi\routing.py", line 144, in app
    response = await f(request)
               ^^^^^^^^^^^^^^^^
  File "C:\Users\Everrain\AppData\Local\Programs\Python\Python311\Lib\site-packages\fastapi\routing.py", line 727, in app
    content = await serialize_response(
              ^^^^^^^^^^^^^^^^^^^^^^^^^
  File "C:\Users\Everrain\AppData\Local\Programs\Python\Python311\Lib\site-packages\fastapi\routing.py", line 324, in serialize_response
    raise ResponseValidationError(
fastapi.exceptions.ResponseValidationError: 1 validation error:
  {'type': 'model_attributes_type', 'loc': ('response',), 'msg': 'Input should be a valid dictionary or object to extract fields from', 'input': None}

  File "D:\repos\112\Simulator112\serv-112\backend\app\api\v1\admin.py", line 61, in system_info
    GET /api/v1/admin/system/info
INFO:httpx:HTTP Request: GET https://127.0.0.1:5000/api/state "HTTP/1.1 200 OK"
INFO:httpx:HTTP Request: GET https://localhost:8000/ "HTTP/1.1 404 Not Found"
INFO:httpx:HTTP Request: GET http://localhost:8080/health "HTTP/1.1 200 OK"
ERROR:    Unhandled exception on /api/v1/admin/system/info
Traceback (most recent call last):
  File "C:\Users\Everrain\AppData\Local\Programs\Python\Python311\Lib\site-packages\starlette\middleware\errors.py", line 164, in __call__
    await self.app(scope, receive, _send)
  File "C:\Users\Everrain\AppData\Local\Programs\Python\Python311\Lib\contextlib.py", line 222, in __aexit__
    await self.gen.athrow(typ, value, traceback)
  File "C:\Users\Everrain\AppData\Local\Programs\Python\Python311\Lib\site-packages\starlette\_utils.py", line 93, in create_collapsing_task_group
    raise exc from exc.__cause__ or context
  File "C:\Users\Everrain\AppData\Local\Programs\Python\Python311\Lib\site-packages\starlette\_utils.py", line 86, in create_collapsing_task_group
    yield tg
  File "C:\Users\Everrain\AppData\Local\Programs\Python\Python311\Lib\site-packages\starlette\middleware\base.py", line 193, in __call__
    response = await self.dispatch_func(request, call_next)
               ^^^^^^^^^^^^^^^^^^^^^^^^^^^^^^^^^^^^^^^^^^^^
  File "D:\repos\112\Simulator112\serv-112\backend\app\main.py", line 289, in _request_context_middleware
    response = await call_next(request)
               ^^^^^^^^^^^^^^^^^^^^^^^^
  File "C:\Users\Everrain\AppData\Local\Programs\Python\Python311\Lib\site-packages\starlette\middleware\base.py", line 168, in call_next
    raise app_exc from app_exc.__cause__ or app_exc.__context__
  File "C:\Users\Everrain\AppData\Local\Programs\Python\Python311\Lib\site-packages\starlette\middleware\base.py", line 144, in coro
    await self.app(scope, receive_or_disconnect, send_no_error)
  File "C:\Users\Everrain\AppData\Local\Programs\Python\Python311\Lib\site-packages\starlette\middleware\cors.py", line 88, in __call__
    await self.app(scope, receive, send)
  File "C:\Users\Everrain\AppData\Local\Programs\Python\Python311\Lib\site-packages\starlette\middleware\exceptions.py", line 63, in __call__
    await wrap_app_handling_exceptions(self.app, conn)(scope, receive, send)
  File "C:\Users\Everrain\AppData\Local\Programs\Python\Python311\Lib\site-packages\starlette\_exception_handler.py", line 53, in wrapped_app
    raise exc
  File "C:\Users\Everrain\AppData\Local\Programs\Python\Python311\Lib\site-packages\starlette\_exception_handler.py", line 42, in wrapped_app
    await app(scope, receive, sender)
  File "C:\Users\Everrain\AppData\Local\Programs\Python\Python311\Lib\site-packages\fastapi\middleware\asyncexitstack.py", line 18, in __call__
    await self.app(scope, receive, send)
  File "C:\Users\Everrain\AppData\Local\Programs\Python\Python311\Lib\site-packages\starlette\routing.py", line 670, in __call__
    await self.middleware_stack(scope, receive, send)
  File "C:\Users\Everrain\AppData\Local\Programs\Python\Python311\Lib\site-packages\fastapi\routing.py", line 2734, in app
    await route.handle(scope, receive, send)
  File "C:\Users\Everrain\AppData\Local\Programs\Python\Python311\Lib\site-packages\fastapi\routing.py", line 1780, in handle
    await self.original_router.handle(scope, receive, send)
  File "C:\Users\Everrain\AppData\Local\Programs\Python\Python311\Lib\site-packages\fastapi\routing.py", line 2789, in handle
    await included_router._handle_selected(scope, receive, send)
  File "C:\Users\Everrain\AppData\Local\Programs\Python\Python311\Lib\site-packages\fastapi\routing.py", line 1791, in _handle_selected
    await route.handle(scope, receive, send)
  File "C:\Users\Everrain\AppData\Local\Programs\Python\Python311\Lib\site-packages\fastapi\routing.py", line 1780, in handle
    await self.original_router.handle(scope, receive, send)
  File "C:\Users\Everrain\AppData\Local\Programs\Python\Python311\Lib\site-packages\fastapi\routing.py", line 2789, in handle
    await included_router._handle_selected(scope, receive, send)
  File "C:\Users\Everrain\AppData\Local\Programs\Python\Python311\Lib\site-packages\fastapi\routing.py", line 1800, in _handle_selected
    await original_route.handle(scope, receive, send)
  File "C:\Users\Everrain\AppData\Local\Programs\Python\Python311\Lib\site-packages\fastapi\routing.py", line 1279, in handle
    await app(scope, receive, send)
  File "C:\Users\Everrain\AppData\Local\Programs\Python\Python311\Lib\site-packages\fastapi\routing.py", line 158, in app
    await wrap_app_handling_exceptions(app, request)(scope, receive, send)
  File "C:\Users\Everrain\AppData\Local\Programs\Python\Python311\Lib\site-packages\starlette\_exception_handler.py", line 53, in wrapped_app
    raise exc
  File "C:\Users\Everrain\AppData\Local\Programs\Python\Python311\Lib\site-packages\starlette\_exception_handler.py", line 42, in wrapped_app
    await app(scope, receive, sender)
  File "C:\Users\Everrain\AppData\Local\Programs\Python\Python311\Lib\contextlib.py", line 222, in __aexit__
    await self.gen.athrow(typ, value, traceback)
  File "C:\Users\Everrain\AppData\Local\Programs\Python\Python311\Lib\contextlib.py", line 222, in __aexit__
    await self.gen.athrow(typ, value, traceback)
  File "D:\repos\112\Simulator112\serv-112\backend\app\database.py", line 119, in unit_of_work
    yield session
  File "D:\repos\112\Simulator112\serv-112\backend\app\database.py", line 135, in get_session
    yield session
  File "C:\Users\Everrain\AppData\Local\Programs\Python\Python311\Lib\site-packages\fastapi\routing.py", line 144, in app
    response = await f(request)
               ^^^^^^^^^^^^^^^^
  File "C:\Users\Everrain\AppData\Local\Programs\Python\Python311\Lib\site-packages\fastapi\routing.py", line 727, in app
    content = await serialize_response(
              ^^^^^^^^^^^^^^^^^^^^^^^^^
  File "C:\Users\Everrain\AppData\Local\Programs\Python\Python311\Lib\site-packages\fastapi\routing.py", line 324, in serialize_response
    raise ResponseValidationError(
fastapi.exceptions.ResponseValidationError: 1 validation error:
  {'type': 'model_attributes_type', 'loc': ('response',), 'msg': 'Input should be a valid dictionary or object to extract fields from', 'input': None}

  File "D:\repos\112\Simulator112\serv-112\backend\app\api\v1\admin.py", line 61, in system_info
    GET /api/v1/admin/system/info
INFO:     192.168.1.103:51627 - "GET /api/v1/admin/system/info HTTP/1.1" 500 Internal Server Error
ERROR:    Exception in ASGI application
Traceback (most recent call last):
  File "C:\Users\Everrain\AppData\Local\Programs\Python\Python311\Lib\site-packages\uvicorn\protocols\http\httptools_impl.py", line 422, in run_asgi
    result = await app(  # type: ignore[func-returns-value]
             ^^^^^^^^^^^^^^^^^^^^^^^^^^^^^^^^^^^^^^^^^^^^^^
  File "C:\Users\Everrain\AppData\Local\Programs\Python\Python311\Lib\site-packages\fastapi\applications.py", line 1163, in __call__
    await super().__call__(scope, receive, send)
  File "C:\Users\Everrain\AppData\Local\Programs\Python\Python311\Lib\site-packages\starlette\applications.py", line 96, in __call__
    await self.middleware_stack(scope, receive, send)
  File "C:\Users\Everrain\AppData\Local\Programs\Python\Python311\Lib\site-packages\starlette\middleware\errors.py", line 186, in __call__
    raise exc
  File "C:\Users\Everrain\AppData\Local\Programs\Python\Python311\Lib\site-packages\starlette\middleware\errors.py", line 164, in __call__
    await self.app(scope, receive, _send)
  File "C:\Users\Everrain\AppData\Local\Programs\Python\Python311\Lib\contextlib.py", line 222, in __aexit__
    await self.gen.athrow(typ, value, traceback)
  File "C:\Users\Everrain\AppData\Local\Programs\Python\Python311\Lib\site-packages\starlette\_utils.py", line 93, in create_collapsing_task_group
    raise exc from exc.__cause__ or context
  File "C:\Users\Everrain\AppData\Local\Programs\Python\Python311\Lib\site-packages\starlette\_utils.py", line 86, in create_collapsing_task_group
    yield tg
  File "C:\Users\Everrain\AppData\Local\Programs\Python\Python311\Lib\site-packages\starlette\middleware\base.py", line 193, in __call__
    response = await self.dispatch_func(request, call_next)
               ^^^^^^^^^^^^^^^^^^^^^^^^^^^^^^^^^^^^^^^^^^^^
  File "D:\repos\112\Simulator112\serv-112\backend\app\main.py", line 289, in _request_context_middleware
    response = await call_next(request)
               ^^^^^^^^^^^^^^^^^^^^^^^^
  File "C:\Users\Everrain\AppData\Local\Programs\Python\Python311\Lib\site-packages\starlette\middleware\base.py", line 168, in call_next
    raise app_exc from app_exc.__cause__ or app_exc.__context__
  File "C:\Users\Everrain\AppData\Local\Programs\Python\Python311\Lib\site-packages\starlette\middleware\base.py", line 144, in coro
    await self.app(scope, receive_or_disconnect, send_no_error)
  File "C:\Users\Everrain\AppData\Local\Programs\Python\Python311\Lib\site-packages\starlette\middleware\cors.py", line 88, in __call__
    await self.app(scope, receive, send)
  File "C:\Users\Everrain\AppData\Local\Programs\Python\Python311\Lib\site-packages\starlette\middleware\exceptions.py", line 63, in __call__
    await wrap_app_handling_exceptions(self.app, conn)(scope, receive, send)
  File "C:\Users\Everrain\AppData\Local\Programs\Python\Python311\Lib\site-packages\starlette\_exception_handler.py", line 53, in wrapped_app
    raise exc
  File "C:\Users\Everrain\AppData\Local\Programs\Python\Python311\Lib\site-packages\starlette\_exception_handler.py", line 42, in wrapped_app
    await app(scope, receive, sender)
  File "C:\Users\Everrain\AppData\Local\Programs\Python\Python311\Lib\site-packages\fastapi\middleware\asyncexitstack.py", line 18, in __call__
    await self.app(scope, receive, send)
  File "C:\Users\Everrain\AppData\Local\Programs\Python\Python311\Lib\site-packages\starlette\routing.py", line 670, in __call__
    await self.middleware_stack(scope, receive, send)
  File "C:\Users\Everrain\AppData\Local\Programs\Python\Python311\Lib\site-packages\fastapi\routing.py", line 2734, in app
    await route.handle(scope, receive, send)
  File "C:\Users\Everrain\AppData\Local\Programs\Python\Python311\Lib\site-packages\fastapi\routing.py", line 1780, in handle
    await self.original_router.handle(scope, receive, send)
  File "C:\Users\Everrain\AppData\Local\Programs\Python\Python311\Lib\site-packages\fastapi\routing.py", line 2789, in handle
    await included_router._handle_selected(scope, receive, send)
  File "C:\Users\Everrain\AppData\Local\Programs\Python\Python311\Lib\site-packages\fastapi\routing.py", line 1791, in _handle_selected
    await route.handle(scope, receive, send)
  File "C:\Users\Everrain\AppData\Local\Programs\Python\Python311\Lib\site-packages\fastapi\routing.py", line 1780, in handle
    await self.original_router.handle(scope, receive, send)
  File "C:\Users\Everrain\AppData\Local\Programs\Python\Python311\Lib\site-packages\fastapi\routing.py", line 2789, in handle
    await included_router._handle_selected(scope, receive, send)
  File "C:\Users\Everrain\AppData\Local\Programs\Python\Python311\Lib\site-packages\fastapi\routing.py", line 1800, in _handle_selected
    await original_route.handle(scope, receive, send)
  File "C:\Users\Everrain\AppData\Local\Programs\Python\Python311\Lib\site-packages\fastapi\routing.py", line 1279, in handle
    await app(scope, receive, send)
  File "C:\Users\Everrain\AppData\Local\Programs\Python\Python311\Lib\site-packages\fastapi\routing.py", line 158, in app
    await wrap_app_handling_exceptions(app, request)(scope, receive, send)
  File "C:\Users\Everrain\AppData\Local\Programs\Python\Python311\Lib\site-packages\starlette\_exception_handler.py", line 53, in wrapped_app
    raise exc
  File "C:\Users\Everrain\AppData\Local\Programs\Python\Python311\Lib\site-packages\starlette\_exception_handler.py", line 42, in wrapped_app
    await app(scope, receive, sender)
  File "C:\Users\Everrain\AppData\Local\Programs\Python\Python311\Lib\contextlib.py", line 222, in __aexit__
    await self.gen.athrow(typ, value, traceback)
  File "C:\Users\Everrain\AppData\Local\Programs\Python\Python311\Lib\contextlib.py", line 222, in __aexit__
    await self.gen.athrow(typ, value, traceback)
  File "D:\repos\112\Simulator112\serv-112\backend\app\database.py", line 119, in unit_of_work
    yield session
  File "D:\repos\112\Simulator112\serv-112\backend\app\database.py", line 135, in get_session
    yield session
  File "C:\Users\Everrain\AppData\Local\Programs\Python\Python311\Lib\site-packages\fastapi\routing.py", line 144, in app
    response = await f(request)
               ^^^^^^^^^^^^^^^^
  File "C:\Users\Everrain\AppData\Local\Programs\Python\Python311\Lib\site-packages\fastapi\routing.py", line 727, in app
    content = await serialize_response(
              ^^^^^^^^^^^^^^^^^^^^^^^^^
  File "C:\Users\Everrain\AppData\Local\Programs\Python\Python311\Lib\site-packages\fastapi\routing.py", line 324, in serialize_response
    raise ResponseValidationError(
fastapi.exceptions.ResponseValidationError: 1 validation error:
  {'type': 'model_attributes_type', 'loc': ('response',), 'msg': 'Input should be a valid dictionary or object to extract fields from', 'input': None}

  File "D:\repos\112\Simulator112\serv-112\backend\app\api\v1\admin.py", line 61, in system_info
    GET /api/v1/admin/system/info
INFO:httpx:HTTP Request: GET https://127.0.0.1:5000/api/state "HTTP/1.1 200 OK"
INFO:httpx:HTTP Request: GET https://localhost:8000/ "HTTP/1.1 404 Not Found"
INFO:httpx:HTTP Request: GET http://localhost:8080/health "HTTP/1.1 200 OK"
ERROR:    Unhandled exception on /api/v1/admin/system/info
Traceback (most recent call last):
  File "C:\Users\Everrain\AppData\Local\Programs\Python\Python311\Lib\site-packages\starlette\middleware\errors.py", line 164, in __call__
    await self.app(scope, receive, _send)
  File "C:\Users\Everrain\AppData\Local\Programs\Python\Python311\Lib\contextlib.py", line 222, in __aexit__
    await self.gen.athrow(typ, value, traceback)
  File "C:\Users\Everrain\AppData\Local\Programs\Python\Python311\Lib\site-packages\starlette\_utils.py", line 93, in create_collapsing_task_group
    raise exc from exc.__cause__ or context
  File "C:\Users\Everrain\AppData\Local\Programs\Python\Python311\Lib\site-packages\starlette\_utils.py", line 86, in create_collapsing_task_group
    yield tg
  File "C:\Users\Everrain\AppData\Local\Programs\Python\Python311\Lib\site-packages\starlette\middleware\base.py", line 193, in __call__
    response = await self.dispatch_func(request, call_next)
               ^^^^^^^^^^^^^^^^^^^^^^^^^^^^^^^^^^^^^^^^^^^^
  File "D:\repos\112\Simulator112\serv-112\backend\app\main.py", line 289, in _request_context_middleware
    response = await call_next(request)
               ^^^^^^^^^^^^^^^^^^^^^^^^
  File "C:\Users\Everrain\AppData\Local\Programs\Python\Python311\Lib\site-packages\starlette\middleware\base.py", line 168, in call_next
    raise app_exc from app_exc.__cause__ or app_exc.__context__
  File "C:\Users\Everrain\AppData\Local\Programs\Python\Python311\Lib\site-packages\starlette\middleware\base.py", line 144, in coro
    await self.app(scope, receive_or_disconnect, send_no_error)
  File "C:\Users\Everrain\AppData\Local\Programs\Python\Python311\Lib\site-packages\starlette\middleware\cors.py", line 88, in __call__
    await self.app(scope, receive, send)
  File "C:\Users\Everrain\AppData\Local\Programs\Python\Python311\Lib\site-packages\starlette\middleware\exceptions.py", line 63, in __call__
    await wrap_app_handling_exceptions(self.app, conn)(scope, receive, send)
  File "C:\Users\Everrain\AppData\Local\Programs\Python\Python311\Lib\site-packages\starlette\_exception_handler.py", line 53, in wrapped_app
    raise exc
  File "C:\Users\Everrain\AppData\Local\Programs\Python\Python311\Lib\site-packages\starlette\_exception_handler.py", line 42, in wrapped_app
    await app(scope, receive, sender)
  File "C:\Users\Everrain\AppData\Local\Programs\Python\Python311\Lib\site-packages\fastapi\middleware\asyncexitstack.py", line 18, in __call__
    await self.app(scope, receive, send)
  File "C:\Users\Everrain\AppData\Local\Programs\Python\Python311\Lib\site-packages\starlette\routing.py", line 670, in __call__
    await self.middleware_stack(scope, receive, send)
  File "C:\Users\Everrain\AppData\Local\Programs\Python\Python311\Lib\site-packages\fastapi\routing.py", line 2734, in app
    await route.handle(scope, receive, send)
  File "C:\Users\Everrain\AppData\Local\Programs\Python\Python311\Lib\site-packages\fastapi\routing.py", line 1780, in handle
    await self.original_router.handle(scope, receive, send)
  File "C:\Users\Everrain\AppData\Local\Programs\Python\Python311\Lib\site-packages\fastapi\routing.py", line 2789, in handle
    await included_router._handle_selected(scope, receive, send)
  File "C:\Users\Everrain\AppData\Local\Programs\Python\Python311\Lib\site-packages\fastapi\routing.py", line 1791, in _handle_selected
    await route.handle(scope, receive, send)
  File "C:\Users\Everrain\AppData\Local\Programs\Python\Python311\Lib\site-packages\fastapi\routing.py", line 1780, in handle
    await self.original_router.handle(scope, receive, send)
  File "C:\Users\Everrain\AppData\Local\Programs\Python\Python311\Lib\site-packages\fastapi\routing.py", line 2789, in handle
    await included_router._handle_selected(scope, receive, send)
  File "C:\Users\Everrain\AppData\Local\Programs\Python\Python311\Lib\site-packages\fastapi\routing.py", line 1800, in _handle_selected
    await original_route.handle(scope, receive, send)
  File "C:\Users\Everrain\AppData\Local\Programs\Python\Python311\Lib\site-packages\fastapi\routing.py", line 1279, in handle
    await app(scope, receive, send)
  File "C:\Users\Everrain\AppData\Local\Programs\Python\Python311\Lib\site-packages\fastapi\routing.py", line 158, in app
    await wrap_app_handling_exceptions(app, request)(scope, receive, send)
  File "C:\Users\Everrain\AppData\Local\Programs\Python\Python311\Lib\site-packages\starlette\_exception_handler.py", line 53, in wrapped_app
    raise exc
  File "C:\Users\Everrain\AppData\Local\Programs\Python\Python311\Lib\site-packages\starlette\_exception_handler.py", line 42, in wrapped_app
    await app(scope, receive, sender)
  File "C:\Users\Everrain\AppData\Local\Programs\Python\Python311\Lib\contextlib.py", line 222, in __aexit__
    await self.gen.athrow(typ, value, traceback)
  File "C:\Users\Everrain\AppData\Local\Programs\Python\Python311\Lib\contextlib.py", line 222, in __aexit__
    await self.gen.athrow(typ, value, traceback)
  File "D:\repos\112\Simulator112\serv-112\backend\app\database.py", line 119, in unit_of_work
    yield session
  File "D:\repos\112\Simulator112\serv-112\backend\app\database.py", line 135, in get_session
    yield session
  File "C:\Users\Everrain\AppData\Local\Programs\Python\Python311\Lib\site-packages\fastapi\routing.py", line 144, in app
    response = await f(request)
               ^^^^^^^^^^^^^^^^
  File "C:\Users\Everrain\AppData\Local\Programs\Python\Python311\Lib\site-packages\fastapi\routing.py", line 727, in app
    content = await serialize_response(
              ^^^^^^^^^^^^^^^^^^^^^^^^^
  File "C:\Users\Everrain\AppData\Local\Programs\Python\Python311\Lib\site-packages\fastapi\routing.py", line 324, in serialize_response
    raise ResponseValidationError(
fastapi.exceptions.ResponseValidationError: 1 validation error:
  {'type': 'model_attributes_type', 'loc': ('response',), 'msg': 'Input should be a valid dictionary or object to extract fields from', 'input': None}

  File "D:\repos\112\Simulator112\serv-112\backend\app\api\v1\admin.py", line 61, in system_info
    GET /api/v1/admin/system/info
INFO:     192.168.1.103:51635 - "GET /api/v1/admin/system/info HTTP/1.1" 500 Internal Server Error
ERROR:    Exception in ASGI application
Traceback (most recent call last):
  File "C:\Users\Everrain\AppData\Local\Programs\Python\Python311\Lib\site-packages\uvicorn\protocols\http\httptools_impl.py", line 422, in run_asgi
    result = await app(  # type: ignore[func-returns-value]
             ^^^^^^^^^^^^^^^^^^^^^^^^^^^^^^^^^^^^^^^^^^^^^^
  File "C:\Users\Everrain\AppData\Local\Programs\Python\Python311\Lib\site-packages\fastapi\applications.py", line 1163, in __call__
    await super().__call__(scope, receive, send)
  File "C:\Users\Everrain\AppData\Local\Programs\Python\Python311\Lib\site-packages\starlette\applications.py", line 96, in __call__
    await self.middleware_stack(scope, receive, send)
  File "C:\Users\Everrain\AppData\Local\Programs\Python\Python311\Lib\site-packages\starlette\middleware\errors.py", line 186, in __call__
    raise exc
  File "C:\Users\Everrain\AppData\Local\Programs\Python\Python311\Lib\site-packages\starlette\middleware\errors.py", line 164, in __call__
    await self.app(scope, receive, _send)
  File "C:\Users\Everrain\AppData\Local\Programs\Python\Python311\Lib\contextlib.py", line 222, in __aexit__
    await self.gen.athrow(typ, value, traceback)
  File "C:\Users\Everrain\AppData\Local\Programs\Python\Python311\Lib\site-packages\starlette\_utils.py", line 93, in create_collapsing_task_group
    raise exc from exc.__cause__ or context
  File "C:\Users\Everrain\AppData\Local\Programs\Python\Python311\Lib\site-packages\starlette\_utils.py", line 86, in create_collapsing_task_group
    yield tg
  File "C:\Users\Everrain\AppData\Local\Programs\Python\Python311\Lib\site-packages\starlette\middleware\base.py", line 193, in __call__
    response = await self.dispatch_func(request, call_next)
               ^^^^^^^^^^^^^^^^^^^^^^^^^^^^^^^^^^^^^^^^^^^^
  File "D:\repos\112\Simulator112\serv-112\backend\app\main.py", line 289, in _request_context_middleware
    response = await call_next(request)
               ^^^^^^^^^^^^^^^^^^^^^^^^
  File "C:\Users\Everrain\AppData\Local\Programs\Python\Python311\Lib\site-packages\starlette\middleware\base.py", line 168, in call_next
    raise app_exc from app_exc.__cause__ or app_exc.__context__
  File "C:\Users\Everrain\AppData\Local\Programs\Python\Python311\Lib\site-packages\starlette\middleware\base.py", line 144, in coro
    await self.app(scope, receive_or_disconnect, send_no_error)
  File "C:\Users\Everrain\AppData\Local\Programs\Python\Python311\Lib\site-packages\starlette\middleware\cors.py", line 88, in __call__
    await self.app(scope, receive, send)
  File "C:\Users\Everrain\AppData\Local\Programs\Python\Python311\Lib\site-packages\starlette\middleware\exceptions.py", line 63, in __call__
    await wrap_app_handling_exceptions(self.app, conn)(scope, receive, send)
  File "C:\Users\Everrain\AppData\Local\Programs\Python\Python311\Lib\site-packages\starlette\_exception_handler.py", line 53, in wrapped_app
    raise exc
  File "C:\Users\Everrain\AppData\Local\Programs\Python\Python311\Lib\site-packages\starlette\_exception_handler.py", line 42, in wrapped_app
    await app(scope, receive, sender)
  File "C:\Users\Everrain\AppData\Local\Programs\Python\Python311\Lib\site-packages\fastapi\middleware\asyncexitstack.py", line 18, in __call__
    await self.app(scope, receive, send)
  File "C:\Users\Everrain\AppData\Local\Programs\Python\Python311\Lib\site-packages\starlette\routing.py", line 670, in __call__
    await self.middleware_stack(scope, receive, send)
  File "C:\Users\Everrain\AppData\Local\Programs\Python\Python311\Lib\site-packages\fastapi\routing.py", line 2734, in app
    await route.handle(scope, receive, send)
  File "C:\Users\Everrain\AppData\Local\Programs\Python\Python311\Lib\site-packages\fastapi\routing.py", line 1780, in handle
    await self.original_router.handle(scope, receive, send)
  File "C:\Users\Everrain\AppData\Local\Programs\Python\Python311\Lib\site-packages\fastapi\routing.py", line 2789, in handle
    await included_router._handle_selected(scope, receive, send)
  File "C:\Users\Everrain\AppData\Local\Programs\Python\Python311\Lib\site-packages\fastapi\routing.py", line 1791, in _handle_selected
    await route.handle(scope, receive, send)
  File "C:\Users\Everrain\AppData\Local\Programs\Python\Python311\Lib\site-packages\fastapi\routing.py", line 1780, in handle
    await self.original_router.handle(scope, receive, send)
  File "C:\Users\Everrain\AppData\Local\Programs\Python\Python311\Lib\site-packages\fastapi\routing.py", line 2789, in handle
    await included_router._handle_selected(scope, receive, send)
  File "C:\Users\Everrain\AppData\Local\Programs\Python\Python311\Lib\site-packages\fastapi\routing.py", line 1800, in _handle_selected
    await original_route.handle(scope, receive, send)
  File "C:\Users\Everrain\AppData\Local\Programs\Python\Python311\Lib\site-packages\fastapi\routing.py", line 1279, in handle
    await app(scope, receive, send)
  File "C:\Users\Everrain\AppData\Local\Programs\Python\Python311\Lib\site-packages\fastapi\routing.py", line 158, in app
    await wrap_app_handling_exceptions(app, request)(scope, receive, send)
  File "C:\Users\Everrain\AppData\Local\Programs\Python\Python311\Lib\site-packages\starlette\_exception_handler.py", line 53, in wrapped_app
    raise exc
  File "C:\Users\Everrain\AppData\Local\Programs\Python\Python311\Lib\site-packages\starlette\_exception_handler.py", line 42, in wrapped_app
    await app(scope, receive, sender)
  File "C:\Users\Everrain\AppData\Local\Programs\Python\Python311\Lib\contextlib.py", line 222, in __aexit__
    await self.gen.athrow(typ, value, traceback)
  File "C:\Users\Everrain\AppData\Local\Programs\Python\Python311\Lib\contextlib.py", line 222, in __aexit__
    await self.gen.athrow(typ, value, traceback)
  File "D:\repos\112\Simulator112\serv-112\backend\app\database.py", line 119, in unit_of_work
    yield session
  File "D:\repos\112\Simulator112\serv-112\backend\app\database.py", line 135, in get_session
    yield session
  File "C:\Users\Everrain\AppData\Local\Programs\Python\Python311\Lib\site-packages\fastapi\routing.py", line 144, in app
    response = await f(request)
               ^^^^^^^^^^^^^^^^
  File "C:\Users\Everrain\AppData\Local\Programs\Python\Python311\Lib\site-packages\fastapi\routing.py", line 727, in app
    content = await serialize_response(
              ^^^^^^^^^^^^^^^^^^^^^^^^^
  File "C:\Users\Everrain\AppData\Local\Programs\Python\Python311\Lib\site-packages\fastapi\routing.py", line 324, in serialize_response
    raise ResponseValidationError(
fastapi.exceptions.ResponseValidationError: 1 validation error:
  {'type': 'model_attributes_type', 'loc': ('response',), 'msg': 'Input should be a valid dictionary or object to extract fields from', 'input': None}

  File "D:\repos\112\Simulator112\serv-112\backend\app\api\v1\admin.py", line 61, in system_info
    GET /api/v1/admin/system/info
INFO:httpx:HTTP Request: GET https://127.0.0.1:5000/api/state "HTTP/1.1 200 OK"
INFO:httpx:HTTP Request: GET https://localhost:8000/ "HTTP/1.1 404 Not Found"
INFO:httpx:HTTP Request: GET http://localhost:8080/health "HTTP/1.1 200 OK"
ERROR:    Unhandled exception on /api/v1/admin/system/info
Traceback (most recent call last):
  File "C:\Users\Everrain\AppData\Local\Programs\Python\Python311\Lib\site-packages\starlette\middleware\errors.py", line 164, in __call__
    await self.app(scope, receive, _send)
  File "C:\Users\Everrain\AppData\Local\Programs\Python\Python311\Lib\contextlib.py", line 222, in __aexit__
    await self.gen.athrow(typ, value, traceback)
  File "C:\Users\Everrain\AppData\Local\Programs\Python\Python311\Lib\site-packages\starlette\_utils.py", line 93, in create_collapsing_task_group
    raise exc from exc.__cause__ or context
  File "C:\Users\Everrain\AppData\Local\Programs\Python\Python311\Lib\site-packages\starlette\_utils.py", line 86, in create_collapsing_task_group
    yield tg
  File "C:\Users\Everrain\AppData\Local\Programs\Python\Python311\Lib\site-packages\starlette\middleware\base.py", line 193, in __call__
    response = await self.dispatch_func(request, call_next)
               ^^^^^^^^^^^^^^^^^^^^^^^^^^^^^^^^^^^^^^^^^^^^
  File "D:\repos\112\Simulator112\serv-112\backend\app\main.py", line 289, in _request_context_middleware
    response = await call_next(request)
               ^^^^^^^^^^^^^^^^^^^^^^^^
  File "C:\Users\Everrain\AppData\Local\Programs\Python\Python311\Lib\site-packages\starlette\middleware\base.py", line 168, in call_next
    raise app_exc from app_exc.__cause__ or app_exc.__context__
  File "C:\Users\Everrain\AppData\Local\Programs\Python\Python311\Lib\site-packages\starlette\middleware\base.py", line 144, in coro
    await self.app(scope, receive_or_disconnect, send_no_error)
  File "C:\Users\Everrain\AppData\Local\Programs\Python\Python311\Lib\site-packages\starlette\middleware\cors.py", line 88, in __call__
    await self.app(scope, receive, send)
  File "C:\Users\Everrain\AppData\Local\Programs\Python\Python311\Lib\site-packages\starlette\middleware\exceptions.py", line 63, in __call__
    await wrap_app_handling_exceptions(self.app, conn)(scope, receive, send)
  File "C:\Users\Everrain\AppData\Local\Programs\Python\Python311\Lib\site-packages\starlette\_exception_handler.py", line 53, in wrapped_app
    raise exc
  File "C:\Users\Everrain\AppData\Local\Programs\Python\Python311\Lib\site-packages\starlette\_exception_handler.py", line 42, in wrapped_app
    await app(scope, receive, sender)
  File "C:\Users\Everrain\AppData\Local\Programs\Python\Python311\Lib\site-packages\fastapi\middleware\asyncexitstack.py", line 18, in __call__
    await self.app(scope, receive, send)
  File "C:\Users\Everrain\AppData\Local\Programs\Python\Python311\Lib\site-packages\starlette\routing.py", line 670, in __call__
    await self.middleware_stack(scope, receive, send)
  File "C:\Users\Everrain\AppData\Local\Programs\Python\Python311\Lib\site-packages\fastapi\routing.py", line 2734, in app
    await route.handle(scope, receive, send)
  File "C:\Users\Everrain\AppData\Local\Programs\Python\Python311\Lib\site-packages\fastapi\routing.py", line 1780, in handle
    await self.original_router.handle(scope, receive, send)
  File "C:\Users\Everrain\AppData\Local\Programs\Python\Python311\Lib\site-packages\fastapi\routing.py", line 2789, in handle
    await included_router._handle_selected(scope, receive, send)
  File "C:\Users\Everrain\AppData\Local\Programs\Python\Python311\Lib\site-packages\fastapi\routing.py", line 1791, in _handle_selected
    await route.handle(scope, receive, send)
  File "C:\Users\Everrain\AppData\Local\Programs\Python\Python311\Lib\site-packages\fastapi\routing.py", line 1780, in handle
    await self.original_router.handle(scope, receive, send)
  File "C:\Users\Everrain\AppData\Local\Programs\Python\Python311\Lib\site-packages\fastapi\routing.py", line 2789, in handle
    await included_router._handle_selected(scope, receive, send)
  File "C:\Users\Everrain\AppData\Local\Programs\Python\Python311\Lib\site-packages\fastapi\routing.py", line 1800, in _handle_selected
    await original_route.handle(scope, receive, send)
  File "C:\Users\Everrain\AppData\Local\Programs\Python\Python311\Lib\site-packages\fastapi\routing.py", line 1279, in handle
    await app(scope, receive, send)
  File "C:\Users\Everrain\AppData\Local\Programs\Python\Python311\Lib\site-packages\fastapi\routing.py", line 158, in app
    await wrap_app_handling_exceptions(app, request)(scope, receive, send)
  File "C:\Users\Everrain\AppData\Local\Programs\Python\Python311\Lib\site-packages\starlette\_exception_handler.py", line 53, in wrapped_app
    raise exc
  File "C:\Users\Everrain\AppData\Local\Programs\Python\Python311\Lib\site-packages\starlette\_exception_handler.py", line 42, in wrapped_app
    await app(scope, receive, sender)
  File "C:\Users\Everrain\AppData\Local\Programs\Python\Python311\Lib\contextlib.py", line 222, in __aexit__
    await self.gen.athrow(typ, value, traceback)
  File "C:\Users\Everrain\AppData\Local\Programs\Python\Python311\Lib\contextlib.py", line 222, in __aexit__
    await self.gen.athrow(typ, value, traceback)
  File "D:\repos\112\Simulator112\serv-112\backend\app\database.py", line 119, in unit_of_work
    yield session
  File "D:\repos\112\Simulator112\serv-112\backend\app\database.py", line 135, in get_session
    yield session
  File "C:\Users\Everrain\AppData\Local\Programs\Python\Python311\Lib\site-packages\fastapi\routing.py", line 144, in app
    response = await f(request)
               ^^^^^^^^^^^^^^^^
  File "C:\Users\Everrain\AppData\Local\Programs\Python\Python311\Lib\site-packages\fastapi\routing.py", line 727, in app
    content = await serialize_response(
              ^^^^^^^^^^^^^^^^^^^^^^^^^
  File "C:\Users\Everrain\AppData\Local\Programs\Python\Python311\Lib\site-packages\fastapi\routing.py", line 324, in serialize_response
    raise ResponseValidationError(
fastapi.exceptions.ResponseValidationError: 1 validation error:
  {'type': 'model_attributes_type', 'loc': ('response',), 'msg': 'Input should be a valid dictionary or object to extract fields from', 'input': None}

  File "D:\repos\112\Simulator112\serv-112\backend\app\api\v1\admin.py", line 61, in system_info
    GET /api/v1/admin/system/info
INFO:     192.168.1.103:51641 - "GET /api/v1/admin/system/info HTTP/1.1" 500 Internal Server Error
ERROR:    Exception in ASGI application
Traceback (most recent call last):
  File "C:\Users\Everrain\AppData\Local\Programs\Python\Python311\Lib\site-packages\uvicorn\protocols\http\httptools_impl.py", line 422, in run_asgi
    result = await app(  # type: ignore[func-returns-value]
             ^^^^^^^^^^^^^^^^^^^^^^^^^^^^^^^^^^^^^^^^^^^^^^
  File "C:\Users\Everrain\AppData\Local\Programs\Python\Python311\Lib\site-packages\fastapi\applications.py", line 1163, in __call__
    await super().__call__(scope, receive, send)
  File "C:\Users\Everrain\AppData\Local\Programs\Python\Python311\Lib\site-packages\starlette\applications.py", line 96, in __call__
    await self.middleware_stack(scope, receive, send)
  File "C:\Users\Everrain\AppData\Local\Programs\Python\Python311\Lib\site-packages\starlette\middleware\errors.py", line 186, in __call__
    raise exc
  File "C:\Users\Everrain\AppData\Local\Programs\Python\Python311\Lib\site-packages\starlette\middleware\errors.py", line 164, in __call__
    await self.app(scope, receive, _send)
  File "C:\Users\Everrain\AppData\Local\Programs\Python\Python311\Lib\contextlib.py", line 222, in __aexit__
    await self.gen.athrow(typ, value, traceback)
  File "C:\Users\Everrain\AppData\Local\Programs\Python\Python311\Lib\site-packages\starlette\_utils.py", line 93, in create_collapsing_task_group
    raise exc from exc.__cause__ or context
  File "C:\Users\Everrain\AppData\Local\Programs\Python\Python311\Lib\site-packages\starlette\_utils.py", line 86, in create_collapsing_task_group
    yield tg
  File "C:\Users\Everrain\AppData\Local\Programs\Python\Python311\Lib\site-packages\starlette\middleware\base.py", line 193, in __call__
    response = await self.dispatch_func(request, call_next)
               ^^^^^^^^^^^^^^^^^^^^^^^^^^^^^^^^^^^^^^^^^^^^
  File "D:\repos\112\Simulator112\serv-112\backend\app\main.py", line 289, in _request_context_middleware
    response = await call_next(request)
               ^^^^^^^^^^^^^^^^^^^^^^^^
  File "C:\Users\Everrain\AppData\Local\Programs\Python\Python311\Lib\site-packages\starlette\middleware\base.py", line 168, in call_next
    raise app_exc from app_exc.__cause__ or app_exc.__context__
  File "C:\Users\Everrain\AppData\Local\Programs\Python\Python311\Lib\site-packages\starlette\middleware\base.py", line 144, in coro
    await self.app(scope, receive_or_disconnect, send_no_error)
  File "C:\Users\Everrain\AppData\Local\Programs\Python\Python311\Lib\site-packages\starlette\middleware\cors.py", line 88, in __call__
    await self.app(scope, receive, send)
  File "C:\Users\Everrain\AppData\Local\Programs\Python\Python311\Lib\site-packages\starlette\middleware\exceptions.py", line 63, in __call__
    await wrap_app_handling_exceptions(self.app, conn)(scope, receive, send)
  File "C:\Users\Everrain\AppData\Local\Programs\Python\Python311\Lib\site-packages\starlette\_exception_handler.py", line 53, in wrapped_app
    raise exc
  File "C:\Users\Everrain\AppData\Local\Programs\Python\Python311\Lib\site-packages\starlette\_exception_handler.py", line 42, in wrapped_app
    await app(scope, receive, sender)
  File "C:\Users\Everrain\AppData\Local\Programs\Python\Python311\Lib\site-packages\fastapi\middleware\asyncexitstack.py", line 18, in __call__
    await self.app(scope, receive, send)
  File "C:\Users\Everrain\AppData\Local\Programs\Python\Python311\Lib\site-packages\starlette\routing.py", line 670, in __call__
    await self.middleware_stack(scope, receive, send)
  File "C:\Users\Everrain\AppData\Local\Programs\Python\Python311\Lib\site-packages\fastapi\routing.py", line 2734, in app
    await route.handle(scope, receive, send)
  File "C:\Users\Everrain\AppData\Local\Programs\Python\Python311\Lib\site-packages\fastapi\routing.py", line 1780, in handle
    await self.original_router.handle(scope, receive, send)
  File "C:\Users\Everrain\AppData\Local\Programs\Python\Python311\Lib\site-packages\fastapi\routing.py", line 2789, in handle
    await included_router._handle_selected(scope, receive, send)
  File "C:\Users\Everrain\AppData\Local\Programs\Python\Python311\Lib\site-packages\fastapi\routing.py", line 1791, in _handle_selected
    await route.handle(scope, receive, send)
  File "C:\Users\Everrain\AppData\Local\Programs\Python\Python311\Lib\site-packages\fastapi\routing.py", line 1780, in handle
    await self.original_router.handle(scope, receive, send)
  File "C:\Users\Everrain\AppData\Local\Programs\Python\Python311\Lib\site-packages\fastapi\routing.py", line 2789, in handle
    await included_router._handle_selected(scope, receive, send)
  File "C:\Users\Everrain\AppData\Local\Programs\Python\Python311\Lib\site-packages\fastapi\routing.py", line 1800, in _handle_selected
    await original_route.handle(scope, receive, send)
  File "C:\Users\Everrain\AppData\Local\Programs\Python\Python311\Lib\site-packages\fastapi\routing.py", line 1279, in handle
    await app(scope, receive, send)
  File "C:\Users\Everrain\AppData\Local\Programs\Python\Python311\Lib\site-packages\fastapi\routing.py", line 158, in app
    await wrap_app_handling_exceptions(app, request)(scope, receive, send)
  File "C:\Users\Everrain\AppData\Local\Programs\Python\Python311\Lib\site-packages\starlette\_exception_handler.py", line 53, in wrapped_app
    raise exc
  File "C:\Users\Everrain\AppData\Local\Programs\Python\Python311\Lib\site-packages\starlette\_exception_handler.py", line 42, in wrapped_app
    await app(scope, receive, sender)
  File "C:\Users\Everrain\AppData\Local\Programs\Python\Python311\Lib\contextlib.py", line 222, in __aexit__
    await self.gen.athrow(typ, value, traceback)
  File "C:\Users\Everrain\AppData\Local\Programs\Python\Python311\Lib\contextlib.py", line 222, in __aexit__
    await self.gen.athrow(typ, value, traceback)
  File "D:\repos\112\Simulator112\serv-112\backend\app\database.py", line 119, in unit_of_work
    yield session
  File "D:\repos\112\Simulator112\serv-112\backend\app\database.py", line 135, in get_session
    yield session
  File "C:\Users\Everrain\AppData\Local\Programs\Python\Python311\Lib\site-packages\fastapi\routing.py", line 144, in app
    response = await f(request)
               ^^^^^^^^^^^^^^^^
  File "C:\Users\Everrain\AppData\Local\Programs\Python\Python311\Lib\site-packages\fastapi\routing.py", line 727, in app
    content = await serialize_response(
              ^^^^^^^^^^^^^^^^^^^^^^^^^
  File "C:\Users\Everrain\AppData\Local\Programs\Python\Python311\Lib\site-packages\fastapi\routing.py", line 324, in serialize_response
    raise ResponseValidationError(
fastapi.exceptions.ResponseValidationError: 1 validation error:
  {'type': 'model_attributes_type', 'loc': ('response',), 'msg': 'Input should be a valid dictionary or object to extract fields from', 'input': None}

  File "D:\repos\112\Simulator112\serv-112\backend\app\api\v1\admin.py", line 61, in system_info
    GET /api/v1/admin/system/info
INFO:httpx:HTTP Request: GET https://127.0.0.1:5000/api/state "HTTP/1.1 200 OK"
INFO:httpx:HTTP Request: GET https://localhost:8000/ "HTTP/1.1 404 Not Found"
INFO:httpx:HTTP Request: GET http://localhost:8080/health "HTTP/1.1 200 OK"
ERROR:    Unhandled exception on /api/v1/admin/system/info
Traceback (most recent call last):
  File "C:\Users\Everrain\AppData\Local\Programs\Python\Python311\Lib\site-packages\starlette\middleware\errors.py", line 164, in __call__
    await self.app(scope, receive, _send)
  File "C:\Users\Everrain\AppData\Local\Programs\Python\Python311\Lib\contextlib.py", line 222, in __aexit__
    await self.gen.athrow(typ, value, traceback)
  File "C:\Users\Everrain\AppData\Local\Programs\Python\Python311\Lib\site-packages\starlette\_utils.py", line 93, in create_collapsing_task_group
    raise exc from exc.__cause__ or context
  File "C:\Users\Everrain\AppData\Local\Programs\Python\Python311\Lib\site-packages\starlette\_utils.py", line 86, in create_collapsing_task_group
    yield tg
  File "C:\Users\Everrain\AppData\Local\Programs\Python\Python311\Lib\site-packages\starlette\middleware\base.py", line 193, in __call__
    response = await self.dispatch_func(request, call_next)
               ^^^^^^^^^^^^^^^^^^^^^^^^^^^^^^^^^^^^^^^^^^^^
  File "D:\repos\112\Simulator112\serv-112\backend\app\main.py", line 289, in _request_context_middleware
    response = await call_next(request)
               ^^^^^^^^^^^^^^^^^^^^^^^^
  File "C:\Users\Everrain\AppData\Local\Programs\Python\Python311\Lib\site-packages\starlette\middleware\base.py", line 168, in call_next
    raise app_exc from app_exc.__cause__ or app_exc.__context__
  File "C:\Users\Everrain\AppData\Local\Programs\Python\Python311\Lib\site-packages\starlette\middleware\base.py", line 144, in coro
    await self.app(scope, receive_or_disconnect, send_no_error)
  File "C:\Users\Everrain\AppData\Local\Programs\Python\Python311\Lib\site-packages\starlette\middleware\cors.py", line 88, in __call__
    await self.app(scope, receive, send)
  File "C:\Users\Everrain\AppData\Local\Programs\Python\Python311\Lib\site-packages\starlette\middleware\exceptions.py", line 63, in __call__
    await wrap_app_handling_exceptions(self.app, conn)(scope, receive, send)
  File "C:\Users\Everrain\AppData\Local\Programs\Python\Python311\Lib\site-packages\starlette\_exception_handler.py", line 53, in wrapped_app
    raise exc
  File "C:\Users\Everrain\AppData\Local\Programs\Python\Python311\Lib\site-packages\starlette\_exception_handler.py", line 42, in wrapped_app
    await app(scope, receive, sender)
  File "C:\Users\Everrain\AppData\Local\Programs\Python\Python311\Lib\site-packages\fastapi\middleware\asyncexitstack.py", line 18, in __call__
    await self.app(scope, receive, send)
  File "C:\Users\Everrain\AppData\Local\Programs\Python\Python311\Lib\site-packages\starlette\routing.py", line 670, in __call__
    await self.middleware_stack(scope, receive, send)
  File "C:\Users\Everrain\AppData\Local\Programs\Python\Python311\Lib\site-packages\fastapi\routing.py", line 2734, in app
    await route.handle(scope, receive, send)
  File "C:\Users\Everrain\AppData\Local\Programs\Python\Python311\Lib\site-packages\fastapi\routing.py", line 1780, in handle
    await self.original_router.handle(scope, receive, send)
  File "C:\Users\Everrain\AppData\Local\Programs\Python\Python311\Lib\site-packages\fastapi\routing.py", line 2789, in handle
    await included_router._handle_selected(scope, receive, send)
  File "C:\Users\Everrain\AppData\Local\Programs\Python\Python311\Lib\site-packages\fastapi\routing.py", line 1791, in _handle_selected
    await route.handle(scope, receive, send)
  File "C:\Users\Everrain\AppData\Local\Programs\Python\Python311\Lib\site-packages\fastapi\routing.py", line 1780, in handle
    await self.original_router.handle(scope, receive, send)
  File "C:\Users\Everrain\AppData\Local\Programs\Python\Python311\Lib\site-packages\fastapi\routing.py", line 2789, in handle
    await included_router._handle_selected(scope, receive, send)
  File "C:\Users\Everrain\AppData\Local\Programs\Python\Python311\Lib\site-packages\fastapi\routing.py", line 1800, in _handle_selected
    await original_route.handle(scope, receive, send)
  File "C:\Users\Everrain\AppData\Local\Programs\Python\Python311\Lib\site-packages\fastapi\routing.py", line 1279, in handle
    await app(scope, receive, send)
  File "C:\Users\Everrain\AppData\Local\Programs\Python\Python311\Lib\site-packages\fastapi\routing.py", line 158, in app
    await wrap_app_handling_exceptions(app, request)(scope, receive, send)
  File "C:\Users\Everrain\AppData\Local\Programs\Python\Python311\Lib\site-packages\starlette\_exception_handler.py", line 53, in wrapped_app
    raise exc
  File "C:\Users\Everrain\AppData\Local\Programs\Python\Python311\Lib\site-packages\starlette\_exception_handler.py", line 42, in wrapped_app
    await app(scope, receive, sender)
  File "C:\Users\Everrain\AppData\Local\Programs\Python\Python311\Lib\contextlib.py", line 222, in __aexit__
    await self.gen.athrow(typ, value, traceback)
  File "C:\Users\Everrain\AppData\Local\Programs\Python\Python311\Lib\contextlib.py", line 222, in __aexit__
    await self.gen.athrow(typ, value, traceback)
  File "D:\repos\112\Simulator112\serv-112\backend\app\database.py", line 119, in unit_of_work
    yield session
  File "D:\repos\112\Simulator112\serv-112\backend\app\database.py", line 135, in get_session
    yield session
  File "C:\Users\Everrain\AppData\Local\Programs\Python\Python311\Lib\site-packages\fastapi\routing.py", line 144, in app
    response = await f(request)
               ^^^^^^^^^^^^^^^^
  File "C:\Users\Everrain\AppData\Local\Programs\Python\Python311\Lib\site-packages\fastapi\routing.py", line 727, in app
    content = await serialize_response(
              ^^^^^^^^^^^^^^^^^^^^^^^^^
  File "C:\Users\Everrain\AppData\Local\Programs\Python\Python311\Lib\site-packages\fastapi\routing.py", line 324, in serialize_response
    raise ResponseValidationError(
fastapi.exceptions.ResponseValidationError: 1 validation error:
  {'type': 'model_attributes_type', 'loc': ('response',), 'msg': 'Input should be a valid dictionary or object to extract fields from', 'input': None}

  File "D:\repos\112\Simulator112\serv-112\backend\app\api\v1\admin.py", line 61, in system_info
    GET /api/v1/admin/system/info
INFO:     192.168.1.103:51647 - "GET /api/v1/admin/system/info HTTP/1.1" 500 Internal Server Error
ERROR:    Exception in ASGI application
Traceback (most recent call last):
  File "C:\Users\Everrain\AppData\Local\Programs\Python\Python311\Lib\site-packages\uvicorn\protocols\http\httptools_impl.py", line 422, in run_asgi
    result = await app(  # type: ignore[func-returns-value]
             ^^^^^^^^^^^^^^^^^^^^^^^^^^^^^^^^^^^^^^^^^^^^^^
  File "C:\Users\Everrain\AppData\Local\Programs\Python\Python311\Lib\site-packages\fastapi\applications.py", line 1163, in __call__
    await super().__call__(scope, receive, send)
  File "C:\Users\Everrain\AppData\Local\Programs\Python\Python311\Lib\site-packages\starlette\applications.py", line 96, in __call__
    await self.middleware_stack(scope, receive, send)
  File "C:\Users\Everrain\AppData\Local\Programs\Python\Python311\Lib\site-packages\starlette\middleware\errors.py", line 186, in __call__
    raise exc
  File "C:\Users\Everrain\AppData\Local\Programs\Python\Python311\Lib\site-packages\starlette\middleware\errors.py", line 164, in __call__
    await self.app(scope, receive, _send)
  File "C:\Users\Everrain\AppData\Local\Programs\Python\Python311\Lib\contextlib.py", line 222, in __aexit__
    await self.gen.athrow(typ, value, traceback)
  File "C:\Users\Everrain\AppData\Local\Programs\Python\Python311\Lib\site-packages\starlette\_utils.py", line 93, in create_collapsing_task_group
    raise exc from exc.__cause__ or context
  File "C:\Users\Everrain\AppData\Local\Programs\Python\Python311\Lib\site-packages\starlette\_utils.py", line 86, in create_collapsing_task_group
    yield tg
  File "C:\Users\Everrain\AppData\Local\Programs\Python\Python311\Lib\site-packages\starlette\middleware\base.py", line 193, in __call__
    response = await self.dispatch_func(request, call_next)
               ^^^^^^^^^^^^^^^^^^^^^^^^^^^^^^^^^^^^^^^^^^^^
  File "D:\repos\112\Simulator112\serv-112\backend\app\main.py", line 289, in _request_context_middleware
    response = await call_next(request)
               ^^^^^^^^^^^^^^^^^^^^^^^^
  File "C:\Users\Everrain\AppData\Local\Programs\Python\Python311\Lib\site-packages\starlette\middleware\base.py", line 168, in call_next
    raise app_exc from app_exc.__cause__ or app_exc.__context__
  File "C:\Users\Everrain\AppData\Local\Programs\Python\Python311\Lib\site-packages\starlette\middleware\base.py", line 144, in coro
    await self.app(scope, receive_or_disconnect, send_no_error)
  File "C:\Users\Everrain\AppData\Local\Programs\Python\Python311\Lib\site-packages\starlette\middleware\cors.py", line 88, in __call__
    await self.app(scope, receive, send)
  File "C:\Users\Everrain\AppData\Local\Programs\Python\Python311\Lib\site-packages\starlette\middleware\exceptions.py", line 63, in __call__
    await wrap_app_handling_exceptions(self.app, conn)(scope, receive, send)
  File "C:\Users\Everrain\AppData\Local\Programs\Python\Python311\Lib\site-packages\starlette\_exception_handler.py", line 53, in wrapped_app
    raise exc
  File "C:\Users\Everrain\AppData\Local\Programs\Python\Python311\Lib\site-packages\starlette\_exception_handler.py", line 42, in wrapped_app
    await app(scope, receive, sender)
  File "C:\Users\Everrain\AppData\Local\Programs\Python\Python311\Lib\site-packages\fastapi\middleware\asyncexitstack.py", line 18, in __call__
    await self.app(scope, receive, send)
  File "C:\Users\Everrain\AppData\Local\Programs\Python\Python311\Lib\site-packages\starlette\routing.py", line 670, in __call__
    await self.middleware_stack(scope, receive, send)
  File "C:\Users\Everrain\AppData\Local\Programs\Python\Python311\Lib\site-packages\fastapi\routing.py", line 2734, in app
    await route.handle(scope, receive, send)
  File "C:\Users\Everrain\AppData\Local\Programs\Python\Python311\Lib\site-packages\fastapi\routing.py", line 1780, in handle
    await self.original_router.handle(scope, receive, send)
  File "C:\Users\Everrain\AppData\Local\Programs\Python\Python311\Lib\site-packages\fastapi\routing.py", line 2789, in handle
    await included_router._handle_selected(scope, receive, send)
  File "C:\Users\Everrain\AppData\Local\Programs\Python\Python311\Lib\site-packages\fastapi\routing.py", line 1791, in _handle_selected
    await route.handle(scope, receive, send)
  File "C:\Users\Everrain\AppData\Local\Programs\Python\Python311\Lib\site-packages\fastapi\routing.py", line 1780, in handle
    await self.original_router.handle(scope, receive, send)
  File "C:\Users\Everrain\AppData\Local\Programs\Python\Python311\Lib\site-packages\fastapi\routing.py", line 2789, in handle
    await included_router._handle_selected(scope, receive, send)
  File "C:\Users\Everrain\AppData\Local\Programs\Python\Python311\Lib\site-packages\fastapi\routing.py", line 1800, in _handle_selected
    await original_route.handle(scope, receive, send)
  File "C:\Users\Everrain\AppData\Local\Programs\Python\Python311\Lib\site-packages\fastapi\routing.py", line 1279, in handle
    await app(scope, receive, send)
  File "C:\Users\Everrain\AppData\Local\Programs\Python\Python311\Lib\site-packages\fastapi\routing.py", line 158, in app
    await wrap_app_handling_exceptions(app, request)(scope, receive, send)
  File "C:\Users\Everrain\AppData\Local\Programs\Python\Python311\Lib\site-packages\starlette\_exception_handler.py", line 53, in wrapped_app
    raise exc
  File "C:\Users\Everrain\AppData\Local\Programs\Python\Python311\Lib\site-packages\starlette\_exception_handler.py", line 42, in wrapped_app
    await app(scope, receive, sender)
  File "C:\Users\Everrain\AppData\Local\Programs\Python\Python311\Lib\contextlib.py", line 222, in __aexit__
    await self.gen.athrow(typ, value, traceback)
  File "C:\Users\Everrain\AppData\Local\Programs\Python\Python311\Lib\contextlib.py", line 222, in __aexit__
    await self.gen.athrow(typ, value, traceback)
  File "D:\repos\112\Simulator112\serv-112\backend\app\database.py", line 119, in unit_of_work
    yield session
  File "D:\repos\112\Simulator112\serv-112\backend\app\database.py", line 135, in get_session
    yield session
  File "C:\Users\Everrain\AppData\Local\Programs\Python\Python311\Lib\site-packages\fastapi\routing.py", line 144, in app
    response = await f(request)
               ^^^^^^^^^^^^^^^^
  File "C:\Users\Everrain\AppData\Local\Programs\Python\Python311\Lib\site-packages\fastapi\routing.py", line 727, in app
    content = await serialize_response(
              ^^^^^^^^^^^^^^^^^^^^^^^^^
  File "C:\Users\Everrain\AppData\Local\Programs\Python\Python311\Lib\site-packages\fastapi\routing.py", line 324, in serialize_response
    raise ResponseValidationError(
fastapi.exceptions.ResponseValidationError: 1 validation error:
  {'type': 'model_attributes_type', 'loc': ('response',), 'msg': 'Input should be a valid dictionary or object to extract fields from', 'input': None}

  File "D:\repos\112\Simulator112\serv-112\backend\app\api\v1\admin.py", line 61, in system_info
    GET /api/v1/admin/system/info
