

========== START QWEN ==========
ggml_cuda_init: found 1 CUDA devices (Total VRAM: 6140 MiB):
  Device 0: NVIDIA GeForce RTX 4050 Laptop GPU, compute capability 8.9, VMM: yes, VRAM: 6140 MiB
load_backend: loaded CUDA backend from D:\repos\112\Simulator112\llama-b8665-bin-win-cuda-13.1-x64\ggml-cuda.dll
load_backend: loaded RPC backend from D:\repos\112\Simulator112\llama-b8665-bin-win-cuda-13.1-x64\ggml-rpc.dll
load_backend: loaded CPU backend from D:\repos\112\Simulator112\llama-b8665-bin-win-cuda-13.1-x64\ggml-cpu-haswell.dll
main: n_parallel is set to auto, using n_parallel = 4 and kv_unified = true
system info: n_threads = 6, n_threads_batch = 6, total_threads = 16

system_info: n_threads = 6 (n_threads_batch = 6) / 16 | CUDA : ARCHS = 750,800,860,890,1200,1210 | USE_GRAPHS = 1 | PEER_MAX_BATCH_SIZE = 128 | CPU : SSE3 = 1 | SSSE3 = 1 | AVX = 1 | AVX2 = 1 | F16C = 1 | FMA = 1 | BMI2 = 1 | LLAMAFILE = 1 | OPENMP = 1 | REPACK = 1 | 

Running without SSL
init: using 15 threads for HTTP server
start: binding port with default address family
main: loading model
srv    load_model: loading model '.\qwen2.5-14b-instruct-q4_k_m.gguf'
common_init_result: fitting params to device memory, for bugs during this step try to reproduce them with -fit off, or provide --verbose logs if the bug only occurs with -fit on
llama_params_fit_impl: projected to use 4242 MiB of device memory vs. 5080 MiB of free device memory
llama_params_fit_impl: cannot meet free memory target of 1024 MiB, need to reduce device memory by 186 MiB
llama_params_fit_impl: context size set by user to 4096 -> no change
llama_params_fit: failed to fit params to free device memory: n_gpu_layers already set by user to 20, abort
llama_params_fit: fitting params to free memory took 0.34 seconds
llama_model_load_from_file_impl: using device CUDA0 (NVIDIA GeForce RTX 4050 Laptop GPU) (0000:01:00.0) - 5080 MiB free
llama_model_loader: loaded meta data with 34 key-value pairs and 579 tensors from .\qwen2.5-14b-instruct-q4_k_m.gguf (version GGUF V3 (latest))
llama_model_loader: Dumping metadata keys/values. Note: KV overrides do not apply in this output.
llama_model_loader: - kv   0:                       general.architecture str              = qwen2
llama_model_loader: - kv   1:                               general.type str              = model
llama_model_loader: - kv   2:                               general.name str              = Qwen2.5 14B Instruct
llama_model_loader: - kv   3:                           general.finetune str              = Instruct
llama_model_loader: - kv   4:                           general.basename str              = Qwen2.5
llama_model_loader: - kv   5:                         general.size_label str              = 14B
llama_model_loader: - kv   6:                            general.license str              = apache-2.0
llama_model_loader: - kv   7:                       general.license.link str              = https://huggingface.co/Qwen/Qwen2.5-1...
llama_model_loader: - kv   8:                   general.base_model.count u32              = 1
llama_model_loader: - kv   9:                  general.base_model.0.name str              = Qwen2.5 14B
llama_model_loader: - kv  10:          general.base_model.0.organization str              = Qwen
llama_model_loader: - kv  11:              general.base_model.0.repo_url str              = https://huggingface.co/Qwen/Qwen2.5-14B
llama_model_loader: - kv  12:                               general.tags arr[str,2]       = ["chat", "text-generation"]
llama_model_loader: - kv  13:                          general.languages arr[str,1]       = ["en"]
llama_model_loader: - kv  14:                          qwen2.block_count u32              = 48
llama_model_loader: - kv  15:                       qwen2.context_length u32              = 32768
llama_model_loader: - kv  16:                     qwen2.embedding_length u32              = 5120
llama_model_loader: - kv  17:                  qwen2.feed_forward_length u32              = 13824
llama_model_loader: - kv  18:                 qwen2.attention.head_count u32              = 40
llama_model_loader: - kv  19:              qwen2.attention.head_count_kv u32              = 8
llama_model_loader: - kv  20:                       qwen2.rope.freq_base f32              = 1000000.000000
llama_model_loader: - kv  21:     qwen2.attention.layer_norm_rms_epsilon f32              = 0.000001
llama_model_loader: - kv  22:                          general.file_type u32              = 15
llama_model_loader: - kv  23:                       tokenizer.ggml.model str              = gpt2
llama_model_loader: - kv  24:                         tokenizer.ggml.pre str              = qwen2
llama_model_loader: - kv  25:                      tokenizer.ggml.tokens arr[str,152064]  = ["!", "\"", "#", "$", "%", "&", "'", ...
llama_model_loader: - kv  26:                  tokenizer.ggml.token_type arr[i32,152064]  = [1, 1, 1, 1, 1, 1, 1, 1, 1, 1, 1, 1, ...
llama_model_loader: - kv  27:                      tokenizer.ggml.merges arr[str,151387]  = ["Ġ Ġ", "ĠĠ ĠĠ", "i n", "Ġ t",...
llama_model_loader: - kv  28:                tokenizer.ggml.eos_token_id u32              = 151645
llama_model_loader: - kv  29:            tokenizer.ggml.padding_token_id u32              = 151643
llama_model_loader: - kv  30:                tokenizer.ggml.bos_token_id u32              = 151643
llama_model_loader: - kv  31:               tokenizer.ggml.add_bos_token bool             = false
llama_model_loader: - kv  32:                    tokenizer.chat_template str              = {%- if tools %}\n    {{- '<|im_start|>...
llama_model_loader: - kv  33:               general.quantization_version u32              = 2
llama_model_loader: - type  f32:  241 tensors
llama_model_loader: - type q4_K:  289 tensors
llama_model_loader: - type q6_K:   49 tensors
print_info: file format = GGUF V3 (latest)
print_info: file type   = Q4_K - Medium
print_info: file size   = 8.37 GiB (4.87 BPW) 
load: 0 unused tokens
load: control-looking token: 128247 '</s>' was not control-type; this is probably a bug in the model. its type will be overridden
load: printing all EOG tokens:
load:   - 128247 ('</s>')
load:   - 151643 ('<|endoftext|>')
load:   - 151645 ('<|im_end|>')
load:   - 151662 ('<|fim_pad|>')
load:   - 151663 ('<|repo_name|>')
load:   - 151664 ('<|file_sep|>')
load: special tokens cache size = 23
load: token to piece cache size = 0.9310 MB
print_info: arch                  = qwen2
print_info: vocab_only            = 0
print_info: no_alloc              = 0
print_info: n_ctx_train           = 32768
print_info: n_embd                = 5120
print_info: n_embd_inp            = 5120
print_info: n_layer               = 48
print_info: n_head                = 40
print_info: n_head_kv             = 8
print_info: n_rot                 = 128
print_info: n_swa                 = 0
print_info: is_swa_any            = 0
print_info: n_embd_head_k         = 128
print_info: n_embd_head_v         = 128
print_info: n_gqa                 = 5
print_info: n_embd_k_gqa          = 1024
print_info: n_embd_v_gqa          = 1024
print_info: f_norm_eps            = 0.0e+00
print_info: f_norm_rms_eps        = 1.0e-06
print_info: f_clamp_kqv           = 0.0e+00
print_info: f_max_alibi_bias      = 0.0e+00
print_info: f_logit_scale         = 0.0e+00
print_info: f_attn_scale          = 0.0e+00
print_info: n_ff                  = 13824
print_info: n_expert              = 0
print_info: n_expert_used         = 0
print_info: n_expert_groups       = 0
print_info: n_group_used          = 0
print_info: causal attn           = 1
print_info: pooling type          = -1
print_info: rope type             = 2
print_info: rope scaling          = linear
print_info: freq_base_train       = 1000000.0
print_info: freq_scale_train      = 1
print_info: n_ctx_orig_yarn       = 32768
print_info: rope_yarn_log_mul     = 0.0000
print_info: rope_finetuned        = unknown
print_info: model type            = 14B
print_info: model params          = 14.77 B
print_info: general.name          = Qwen2.5 14B Instruct
print_info: vocab type            = BPE
print_info: n_vocab               = 152064
print_info: n_merges              = 151387
print_info: BOS token             = 151643 '<|endoftext|>'
print_info: EOS token             = 151645 '<|im_end|>'
print_info: EOT token             = 151645 '<|im_end|>'
print_info: PAD token             = 151643 '<|endoftext|>'
print_info: LF token              = 198 'Ċ'
print_info: FIM PRE token         = 151659 '<|fim_prefix|>'
print_info: FIM SUF token         = 151661 '<|fim_suffix|>'
print_info: FIM MID token         = 151660 '<|fim_middle|>'
print_info: FIM PAD token         = 151662 '<|fim_pad|>'
print_info: FIM REP token         = 151663 '<|repo_name|>'
print_info: FIM SEP token         = 151664 '<|file_sep|>'
print_info: EOG token             = 128247 '</s>'
print_info: EOG token             = 151643 '<|endoftext|>'
print_info: EOG token             = 151645 '<|im_end|>'
print_info: EOG token             = 151662 '<|fim_pad|>'
print_info: EOG token             = 151663 '<|repo_name|>'
print_info: EOG token             = 151664 '<|file_sep|>'
print_info: max token length      = 256
load_tensors: loading model tensors, this can take a while... (mmap = true, direct_io = false)
load_tensors: offloading output layer to GPU
load_tensors: offloading 19 repeating layers to GPU
load_tensors: offloaded 20/49 layers to GPU
load_tensors:   CPU_Mapped model buffer size =  4944.60 MiB
load_tensors:        CUDA0 model buffer size =  3621.44 MiB
...........................................................................................
common_init_result: added </s> logit bias = -inf
common_init_result: added <|endoftext|> logit bias = -inf
common_init_result: added <|im_end|> logit bias = -inf
common_init_result: added <|fim_pad|> logit bias = -inf
common_init_result: added <|repo_name|> logit bias = -inf
common_init_result: added <|file_sep|> logit bias = -inf
llama_context: constructing llama_context
llama_context: n_seq_max     = 4
llama_context: n_ctx         = 4096
llama_context: n_ctx_seq     = 4096
llama_context: n_batch       = 2048
llama_context: n_ubatch      = 512
llama_context: causal_attn   = 1
llama_context: flash_attn    = auto
llama_context: kv_unified    = true
llama_context: freq_base     = 1000000.0
llama_context: freq_scale    = 1
llama_context: n_ctx_seq (4096) < n_ctx_train (32768) -- the full capacity of the model will not be utilized
llama_context:  CUDA_Host  output buffer size =     2.32 MiB
llama_kv_cache:        CPU KV buffer size =   464.00 MiB
llama_kv_cache:      CUDA0 KV buffer size =   304.00 MiB
llama_kv_cache: size =  768.00 MiB (  4096 cells,  48 layers,  4/1 seqs), K (f16):  384.00 MiB, V (f16):  384.00 MiB
llama_kv_cache: attn_rot_k = 0
llama_kv_cache: attn_rot_v = 0
sched_reserve: reserving ...
sched_reserve: Flash Attention was auto, set to enabled
sched_reserve: resolving fused Gated Delta Net support:
sched_reserve: fused Gated Delta Net (autoregressive) enabled
sched_reserve: fused Gated Delta Net (chunked) enabled
sched_reserve:      CUDA0 compute buffer size =   317.00 MiB
sched_reserve:  CUDA_Host compute buffer size =    28.01 MiB
sched_reserve: graph nodes  = 1639
sched_reserve: graph splits = 408 (with bs=512), 2 (with bs=1)
sched_reserve: reserve took 9.63 ms, sched copies = 1
common_init_from_params: warming up the model with an empty run - please wait ... (--no-warmup to disable)
srv    load_model: initializing slots, n_slots = 4
no implementations specified for speculative decoding
slot   load_model: id  0 | task -1 | speculative decoding context not initialized
slot   load_model: id  0 | task -1 | new slot, n_ctx = 4096
no implementations specified for speculative decoding
slot   load_model: id  1 | task -1 | speculative decoding context not initialized
slot   load_model: id  1 | task -1 | new slot, n_ctx = 4096
no implementations specified for speculative decoding
slot   load_model: id  2 | task -1 | speculative decoding context not initialized
slot   load_model: id  2 | task -1 | new slot, n_ctx = 4096
no implementations specified for speculative decoding
slot   load_model: id  3 | task -1 | speculative decoding context not initialized
slot   load_model: id  3 | task -1 | new slot, n_ctx = 4096
srv    load_model: prompt cache is enabled, size limit: 8192 MiB
srv    load_model: use `--cache-ram 0` to disable the prompt cache
srv    load_model: for more info see https://github.com/ggml-org/llama.cpp/pull/16391
srv          init: init: idle slots will be saved to prompt cache and cleared upon starting a new task
init: chat template, example_format: '<|im_start|>system
You are a helpful assistant<|im_end|>
<|im_start|>user
Hello<|im_end|>
<|im_start|>assistant
Hi there<|im_end|>
<|im_start|>user
How are you?<|im_end|>
<|im_start|>assistant
'
srv          init: init: chat template, thinking = 0
main: model loaded
main: server is listening on http://0.0.0.0:8080
main: starting the main loop...
srv  update_slots: all slots are idle

========== STOP QWEN ==========


========== START QWEN ==========
ggml_cuda_init: found 1 CUDA devices (Total VRAM: 6140 MiB):
  Device 0: NVIDIA GeForce RTX 4050 Laptop GPU, compute capability 8.9, VMM: yes, VRAM: 6140 MiB
load_backend: loaded CUDA backend from D:\repos\112\Simulator112\llama-b8665-bin-win-cuda-13.1-x64\ggml-cuda.dll
load_backend: loaded RPC backend from D:\repos\112\Simulator112\llama-b8665-bin-win-cuda-13.1-x64\ggml-rpc.dll
load_backend: loaded CPU backend from D:\repos\112\Simulator112\llama-b8665-bin-win-cuda-13.1-x64\ggml-cpu-haswell.dll
main: n_parallel is set to auto, using n_parallel = 4 and kv_unified = true
system info: n_threads = 6, n_threads_batch = 6, total_threads = 16

system_info: n_threads = 6 (n_threads_batch = 6) / 16 | CUDA : ARCHS = 750,800,860,890,1200,1210 | USE_GRAPHS = 1 | PEER_MAX_BATCH_SIZE = 128 | CPU : SSE3 = 1 | SSSE3 = 1 | AVX = 1 | AVX2 = 1 | F16C = 1 | FMA = 1 | BMI2 = 1 | LLAMAFILE = 1 | OPENMP = 1 | REPACK = 1 | 

Running without SSL
init: using 15 threads for HTTP server
start: binding port with default address family
main: loading model
srv    load_model: loading model '.\qwen2.5-14b-instruct-q4_k_m.gguf'
common_init_result: fitting params to device memory, for bugs during this step try to reproduce them with -fit off, or provide --verbose logs if the bug only occurs with -fit on
llama_params_fit_impl: projected to use 4242 MiB of device memory vs. 5080 MiB of free device memory
llama_params_fit_impl: cannot meet free memory target of 1024 MiB, need to reduce device memory by 186 MiB
llama_params_fit_impl: context size set by user to 4096 -> no change
llama_params_fit: failed to fit params to free device memory: n_gpu_layers already set by user to 20, abort
llama_params_fit: fitting params to free memory took 0.32 seconds
llama_model_load_from_file_impl: using device CUDA0 (NVIDIA GeForce RTX 4050 Laptop GPU) (0000:01:00.0) - 5080 MiB free
llama_model_loader: loaded meta data with 34 key-value pairs and 579 tensors from .\qwen2.5-14b-instruct-q4_k_m.gguf (version GGUF V3 (latest))
llama_model_loader: Dumping metadata keys/values. Note: KV overrides do not apply in this output.
llama_model_loader: - kv   0:                       general.architecture str              = qwen2
llama_model_loader: - kv   1:                               general.type str              = model
llama_model_loader: - kv   2:                               general.name str              = Qwen2.5 14B Instruct
llama_model_loader: - kv   3:                           general.finetune str              = Instruct
llama_model_loader: - kv   4:                           general.basename str              = Qwen2.5
llama_model_loader: - kv   5:                         general.size_label str              = 14B
llama_model_loader: - kv   6:                            general.license str              = apache-2.0
llama_model_loader: - kv   7:                       general.license.link str              = https://huggingface.co/Qwen/Qwen2.5-1...
llama_model_loader: - kv   8:                   general.base_model.count u32              = 1
llama_model_loader: - kv   9:                  general.base_model.0.name str              = Qwen2.5 14B
llama_model_loader: - kv  10:          general.base_model.0.organization str              = Qwen
llama_model_loader: - kv  11:              general.base_model.0.repo_url str              = https://huggingface.co/Qwen/Qwen2.5-14B
llama_model_loader: - kv  12:                               general.tags arr[str,2]       = ["chat", "text-generation"]
llama_model_loader: - kv  13:                          general.languages arr[str,1]       = ["en"]
llama_model_loader: - kv  14:                          qwen2.block_count u32              = 48
llama_model_loader: - kv  15:                       qwen2.context_length u32              = 32768
llama_model_loader: - kv  16:                     qwen2.embedding_length u32              = 5120
llama_model_loader: - kv  17:                  qwen2.feed_forward_length u32              = 13824
llama_model_loader: - kv  18:                 qwen2.attention.head_count u32              = 40
llama_model_loader: - kv  19:              qwen2.attention.head_count_kv u32              = 8
llama_model_loader: - kv  20:                       qwen2.rope.freq_base f32              = 1000000.000000
llama_model_loader: - kv  21:     qwen2.attention.layer_norm_rms_epsilon f32              = 0.000001
llama_model_loader: - kv  22:                          general.file_type u32              = 15
llama_model_loader: - kv  23:                       tokenizer.ggml.model str              = gpt2
llama_model_loader: - kv  24:                         tokenizer.ggml.pre str              = qwen2
llama_model_loader: - kv  25:                      tokenizer.ggml.tokens arr[str,152064]  = ["!", "\"", "#", "$", "%", "&", "'", ...
llama_model_loader: - kv  26:                  tokenizer.ggml.token_type arr[i32,152064]  = [1, 1, 1, 1, 1, 1, 1, 1, 1, 1, 1, 1, ...
llama_model_loader: - kv  27:                      tokenizer.ggml.merges arr[str,151387]  = ["Ġ Ġ", "ĠĠ ĠĠ", "i n", "Ġ t",...
llama_model_loader: - kv  28:                tokenizer.ggml.eos_token_id u32              = 151645
llama_model_loader: - kv  29:            tokenizer.ggml.padding_token_id u32              = 151643
llama_model_loader: - kv  30:                tokenizer.ggml.bos_token_id u32              = 151643
llama_model_loader: - kv  31:               tokenizer.ggml.add_bos_token bool             = false
llama_model_loader: - kv  32:                    tokenizer.chat_template str              = {%- if tools %}\n    {{- '<|im_start|>...
llama_model_loader: - kv  33:               general.quantization_version u32              = 2
llama_model_loader: - type  f32:  241 tensors
llama_model_loader: - type q4_K:  289 tensors
llama_model_loader: - type q6_K:   49 tensors
print_info: file format = GGUF V3 (latest)
print_info: file type   = Q4_K - Medium
print_info: file size   = 8.37 GiB (4.87 BPW) 
load: 0 unused tokens
load: control-looking token: 128247 '</s>' was not control-type; this is probably a bug in the model. its type will be overridden
load: printing all EOG tokens:
load:   - 128247 ('</s>')
load:   - 151643 ('<|endoftext|>')
load:   - 151645 ('<|im_end|>')
load:   - 151662 ('<|fim_pad|>')
load:   - 151663 ('<|repo_name|>')
load:   - 151664 ('<|file_sep|>')
load: special tokens cache size = 23
load: token to piece cache size = 0.9310 MB
print_info: arch                  = qwen2
print_info: vocab_only            = 0
print_info: no_alloc              = 0
print_info: n_ctx_train           = 32768
print_info: n_embd                = 5120
print_info: n_embd_inp            = 5120
print_info: n_layer               = 48
print_info: n_head                = 40
print_info: n_head_kv             = 8
print_info: n_rot                 = 128
print_info: n_swa                 = 0
print_info: is_swa_any            = 0
print_info: n_embd_head_k         = 128
print_info: n_embd_head_v         = 128
print_info: n_gqa                 = 5
print_info: n_embd_k_gqa          = 1024
print_info: n_embd_v_gqa          = 1024
print_info: f_norm_eps            = 0.0e+00
print_info: f_norm_rms_eps        = 1.0e-06
print_info: f_clamp_kqv           = 0.0e+00
print_info: f_max_alibi_bias      = 0.0e+00
print_info: f_logit_scale         = 0.0e+00
print_info: f_attn_scale          = 0.0e+00
print_info: n_ff                  = 13824
print_info: n_expert              = 0
print_info: n_expert_used         = 0
print_info: n_expert_groups       = 0
print_info: n_group_used          = 0
print_info: causal attn           = 1
print_info: pooling type          = -1
print_info: rope type             = 2
print_info: rope scaling          = linear
print_info: freq_base_train       = 1000000.0
print_info: freq_scale_train      = 1
print_info: n_ctx_orig_yarn       = 32768
print_info: rope_yarn_log_mul     = 0.0000
print_info: rope_finetuned        = unknown
print_info: model type            = 14B
print_info: model params          = 14.77 B
print_info: general.name          = Qwen2.5 14B Instruct
print_info: vocab type            = BPE
print_info: n_vocab               = 152064
print_info: n_merges              = 151387
print_info: BOS token             = 151643 '<|endoftext|>'
print_info: EOS token             = 151645 '<|im_end|>'
print_info: EOT token             = 151645 '<|im_end|>'
print_info: PAD token             = 151643 '<|endoftext|>'
print_info: LF token              = 198 'Ċ'
print_info: FIM PRE token         = 151659 '<|fim_prefix|>'
print_info: FIM SUF token         = 151661 '<|fim_suffix|>'
print_info: FIM MID token         = 151660 '<|fim_middle|>'
print_info: FIM PAD token         = 151662 '<|fim_pad|>'
print_info: FIM REP token         = 151663 '<|repo_name|>'
print_info: FIM SEP token         = 151664 '<|file_sep|>'
print_info: EOG token             = 128247 '</s>'
print_info: EOG token             = 151643 '<|endoftext|>'
print_info: EOG token             = 151645 '<|im_end|>'
print_info: EOG token             = 151662 '<|fim_pad|>'
print_info: EOG token             = 151663 '<|repo_name|>'
print_info: EOG token             = 151664 '<|file_sep|>'
print_info: max token length      = 256
load_tensors: loading model tensors, this can take a while... (mmap = true, direct_io = false)
load_tensors: offloading output layer to GPU
load_tensors: offloading 19 repeating layers to GPU
load_tensors: offloaded 20/49 layers to GPU
load_tensors:   CPU_Mapped model buffer size =  4944.60 MiB
load_tensors:        CUDA0 model buffer size =  3621.44 MiB
...........................................................................................
common_init_result: added </s> logit bias = -inf
common_init_result: added <|endoftext|> logit bias = -inf
common_init_result: added <|im_end|> logit bias = -inf
common_init_result: added <|fim_pad|> logit bias = -inf
common_init_result: added <|repo_name|> logit bias = -inf
common_init_result: added <|file_sep|> logit bias = -inf
llama_context: constructing llama_context
llama_context: n_seq_max     = 4
llama_context: n_ctx         = 4096
llama_context: n_ctx_seq     = 4096
llama_context: n_batch       = 2048
llama_context: n_ubatch      = 512
llama_context: causal_attn   = 1
llama_context: flash_attn    = auto
llama_context: kv_unified    = true
llama_context: freq_base     = 1000000.0
llama_context: freq_scale    = 1
llama_context: n_ctx_seq (4096) < n_ctx_train (32768) -- the full capacity of the model will not be utilized
llama_context:  CUDA_Host  output buffer size =     2.32 MiB
llama_kv_cache:        CPU KV buffer size =   464.00 MiB
llama_kv_cache:      CUDA0 KV buffer size =   304.00 MiB
llama_kv_cache: size =  768.00 MiB (  4096 cells,  48 layers,  4/1 seqs), K (f16):  384.00 MiB, V (f16):  384.00 MiB
llama_kv_cache: attn_rot_k = 0
llama_kv_cache: attn_rot_v = 0
sched_reserve: reserving ...
sched_reserve: Flash Attention was auto, set to enabled
sched_reserve: resolving fused Gated Delta Net support:
sched_reserve: fused Gated Delta Net (autoregressive) enabled
sched_reserve: fused Gated Delta Net (chunked) enabled
sched_reserve:      CUDA0 compute buffer size =   317.00 MiB
sched_reserve:  CUDA_Host compute buffer size =    28.01 MiB
sched_reserve: graph nodes  = 1639
sched_reserve: graph splits = 408 (with bs=512), 2 (with bs=1)
sched_reserve: reserve took 8.82 ms, sched copies = 1
common_init_from_params: warming up the model with an empty run - please wait ... (--no-warmup to disable)
srv    load_model: initializing slots, n_slots = 4
no implementations specified for speculative decoding
slot   load_model: id  0 | task -1 | speculative decoding context not initialized
slot   load_model: id  0 | task -1 | new slot, n_ctx = 4096
no implementations specified for speculative decoding
slot   load_model: id  1 | task -1 | speculative decoding context not initialized
slot   load_model: id  1 | task -1 | new slot, n_ctx = 4096
no implementations specified for speculative decoding
slot   load_model: id  2 | task -1 | speculative decoding context not initialized
slot   load_model: id  2 | task -1 | new slot, n_ctx = 4096
no implementations specified for speculative decoding
slot   load_model: id  3 | task -1 | speculative decoding context not initialized
slot   load_model: id  3 | task -1 | new slot, n_ctx = 4096
srv    load_model: prompt cache is enabled, size limit: 8192 MiB
srv    load_model: use `--cache-ram 0` to disable the prompt cache
srv    load_model: for more info see https://github.com/ggml-org/llama.cpp/pull/16391
srv          init: init: idle slots will be saved to prompt cache and cleared upon starting a new task
init: chat template, example_format: '<|im_start|>system
You are a helpful assistant<|im_end|>
<|im_start|>user
Hello<|im_end|>
<|im_start|>assistant
Hi there<|im_end|>
<|im_start|>user
How are you?<|im_end|>
<|im_start|>assistant
'
srv          init: init: chat template, thinking = 0
main: model loaded
main: server is listening on http://0.0.0.0:8080
main: starting the main loop...
srv  update_slots: all slots are idle
srv  params_from_: Chat format: peg-native
slot get_availabl: id  3 | task -1 | selected slot by LRU, t_last = -1
srv  get_availabl: updating prompt cache
srv          load:  - looking for better prompt, base f_keep = -1.000, sim = 0.000
srv        update:  - cache state: 0 prompts, 0.000 MiB (limits: 8192.000 MiB, 4096 tokens, 8589934592 est)
srv  get_availabl: prompt cache update took 0.42 ms
slot launch_slot_: id  3 | task -1 | sampler chain: logits -> penalties -> ?dry -> ?top-n-sigma -> top-k -> ?typical -> top-p -> min-p -> ?xtc -> temp-ext -> dist 
slot launch_slot_: id  3 | task 0 | processing task, is_child = 0
slot update_slots: id  3 | task 0 | new prompt, n_ctx_slot = 4096, n_keep = 0, task.n_tokens = 441
slot update_slots: id  3 | task 0 | n_tokens = 0, memory_seq_rm [0, end)
slot init_sampler: id  3 | task 0 | init sampler, took 0.55 ms, tokens: text = 441, total = 441
slot update_slots: id  3 | task 0 | prompt processing done, n_tokens = 441, batch.n_tokens = 441
slot print_timing: id  3 | task 0 | 
prompt eval time =    1477.61 ms /   441 tokens (    3.35 ms per token,   298.46 tokens per second)
       eval time =   12235.91 ms /    70 tokens (  174.80 ms per token,     5.72 tokens per second)
      total time =   13713.52 ms /   511 tokens
slot      release: id  3 | task 0 | stop processing: n_tokens = 510, truncated = 0
srv  update_slots: all slots are idle
srv  log_server_r: done request: POST /v1/chat/completions 127.0.0.1 200
slot get_availabl: id  2 | task -1 | selected slot by LRU, t_last = -1
srv  get_availabl: updating prompt cache
srv          load:  - looking for better prompt, base f_keep = -1.000, sim = 0.000
srv        update:  - cache state: 0 prompts, 0.000 MiB (limits: 8192.000 MiB, 4096 tokens, 8589934592 est)
srv  get_availabl: prompt cache update took 0.02 ms
slot launch_slot_: id  2 | task -1 | sampler chain: logits -> penalties -> ?dry -> ?top-n-sigma -> top-k -> ?typical -> top-p -> min-p -> ?xtc -> temp-ext -> dist 
slot launch_slot_: id  2 | task 71 | processing task, is_child = 0
slot slot_save_an: id  3 | task -1 | saving idle slot to prompt cache
srv   prompt_save:  - saving prompt with length 510, total state size = 95.632 MiB
slot prompt_clear: id  3 | task -1 | clearing prompt with 510 tokens
srv        update:  - cache state: 1 prompts, 95.632 MiB (limits: 8192.000 MiB, 4096 tokens, 43687 est)
srv        update:    - prompt 000001BBDF6AA250:     510 tokens, checkpoints:  0,    95.632 MiB
slot update_slots: id  2 | task 71 | new prompt, n_ctx_slot = 4096, n_keep = 0, task.n_tokens = 831
slot update_slots: id  2 | task 71 | n_tokens = 0, memory_seq_rm [0, end)
slot init_sampler: id  2 | task 71 | init sampler, took 0.13 ms, tokens: text = 831, total = 831
slot update_slots: id  2 | task 71 | prompt processing done, n_tokens = 831, batch.n_tokens = 831
srv  log_server_r: done request: POST /completion 127.0.0.1 200
slot print_timing: id  2 | task 71 | 
prompt eval time =    2206.71 ms /   831 tokens (    2.66 ms per token,   376.58 tokens per second)
       eval time =   10710.34 ms /    55 tokens (  194.73 ms per token,     5.14 tokens per second)
      total time =   12917.05 ms /   886 tokens
slot      release: id  2 | task 71 | stop processing: n_tokens = 885, truncated = 0
srv  update_slots: all slots are idle

========== STOP QWEN ==========


========== START QWEN ==========
ggml_cuda_init: found 1 CUDA devices (Total VRAM: 6140 MiB):
  Device 0: NVIDIA GeForce RTX 4050 Laptop GPU, compute capability 8.9, VMM: yes, VRAM: 6140 MiB
load_backend: loaded CUDA backend from D:\repos\112\Simulator112\llama-b8665-bin-win-cuda-13.1-x64\ggml-cuda.dll
load_backend: loaded RPC backend from D:\repos\112\Simulator112\llama-b8665-bin-win-cuda-13.1-x64\ggml-rpc.dll
load_backend: loaded CPU backend from D:\repos\112\Simulator112\llama-b8665-bin-win-cuda-13.1-x64\ggml-cpu-haswell.dll
main: n_parallel is set to auto, using n_parallel = 4 and kv_unified = true
system info: n_threads = 6, n_threads_batch = 6, total_threads = 16

system_info: n_threads = 6 (n_threads_batch = 6) / 16 | CUDA : ARCHS = 750,800,860,890,1200,1210 | USE_GRAPHS = 1 | PEER_MAX_BATCH_SIZE = 128 | CPU : SSE3 = 1 | SSSE3 = 1 | AVX = 1 | AVX2 = 1 | F16C = 1 | FMA = 1 | BMI2 = 1 | LLAMAFILE = 1 | OPENMP = 1 | REPACK = 1 | 

Running without SSL
init: using 15 threads for HTTP server
start: binding port with default address family
main: loading model
srv    load_model: loading model '.\qwen2.5-14b-instruct-q4_k_m.gguf'
common_init_result: fitting params to device memory, for bugs during this step try to reproduce them with -fit off, or provide --verbose logs if the bug only occurs with -fit on
llama_params_fit_impl: projected to use 4242 MiB of device memory vs. 5080 MiB of free device memory
llama_params_fit_impl: cannot meet free memory target of 1024 MiB, need to reduce device memory by 186 MiB
llama_params_fit_impl: context size set by user to 4096 -> no change
llama_params_fit: failed to fit params to free device memory: n_gpu_layers already set by user to 20, abort
llama_params_fit: fitting params to free memory took 0.32 seconds
llama_model_load_from_file_impl: using device CUDA0 (NVIDIA GeForce RTX 4050 Laptop GPU) (0000:01:00.0) - 5080 MiB free
llama_model_loader: loaded meta data with 34 key-value pairs and 579 tensors from .\qwen2.5-14b-instruct-q4_k_m.gguf (version GGUF V3 (latest))
llama_model_loader: Dumping metadata keys/values. Note: KV overrides do not apply in this output.
llama_model_loader: - kv   0:                       general.architecture str              = qwen2
llama_model_loader: - kv   1:                               general.type str              = model
llama_model_loader: - kv   2:                               general.name str              = Qwen2.5 14B Instruct
llama_model_loader: - kv   3:                           general.finetune str              = Instruct
llama_model_loader: - kv   4:                           general.basename str              = Qwen2.5
llama_model_loader: - kv   5:                         general.size_label str              = 14B
llama_model_loader: - kv   6:                            general.license str              = apache-2.0
llama_model_loader: - kv   7:                       general.license.link str              = https://huggingface.co/Qwen/Qwen2.5-1...
llama_model_loader: - kv   8:                   general.base_model.count u32              = 1
llama_model_loader: - kv   9:                  general.base_model.0.name str              = Qwen2.5 14B
llama_model_loader: - kv  10:          general.base_model.0.organization str              = Qwen
llama_model_loader: - kv  11:              general.base_model.0.repo_url str              = https://huggingface.co/Qwen/Qwen2.5-14B
llama_model_loader: - kv  12:                               general.tags arr[str,2]       = ["chat", "text-generation"]
llama_model_loader: - kv  13:                          general.languages arr[str,1]       = ["en"]
llama_model_loader: - kv  14:                          qwen2.block_count u32              = 48
llama_model_loader: - kv  15:                       qwen2.context_length u32              = 32768
llama_model_loader: - kv  16:                     qwen2.embedding_length u32              = 5120
llama_model_loader: - kv  17:                  qwen2.feed_forward_length u32              = 13824
llama_model_loader: - kv  18:                 qwen2.attention.head_count u32              = 40
llama_model_loader: - kv  19:              qwen2.attention.head_count_kv u32              = 8
llama_model_loader: - kv  20:                       qwen2.rope.freq_base f32              = 1000000.000000
llama_model_loader: - kv  21:     qwen2.attention.layer_norm_rms_epsilon f32              = 0.000001
llama_model_loader: - kv  22:                          general.file_type u32              = 15
llama_model_loader: - kv  23:                       tokenizer.ggml.model str              = gpt2
llama_model_loader: - kv  24:                         tokenizer.ggml.pre str              = qwen2
llama_model_loader: - kv  25:                      tokenizer.ggml.tokens arr[str,152064]  = ["!", "\"", "#", "$", "%", "&", "'", ...
llama_model_loader: - kv  26:                  tokenizer.ggml.token_type arr[i32,152064]  = [1, 1, 1, 1, 1, 1, 1, 1, 1, 1, 1, 1, ...
llama_model_loader: - kv  27:                      tokenizer.ggml.merges arr[str,151387]  = ["Ġ Ġ", "ĠĠ ĠĠ", "i n", "Ġ t",...
llama_model_loader: - kv  28:                tokenizer.ggml.eos_token_id u32              = 151645
llama_model_loader: - kv  29:            tokenizer.ggml.padding_token_id u32              = 151643
llama_model_loader: - kv  30:                tokenizer.ggml.bos_token_id u32              = 151643
llama_model_loader: - kv  31:               tokenizer.ggml.add_bos_token bool             = false
llama_model_loader: - kv  32:                    tokenizer.chat_template str              = {%- if tools %}\n    {{- '<|im_start|>...
llama_model_loader: - kv  33:               general.quantization_version u32              = 2
llama_model_loader: - type  f32:  241 tensors
llama_model_loader: - type q4_K:  289 tensors
llama_model_loader: - type q6_K:   49 tensors
print_info: file format = GGUF V3 (latest)
print_info: file type   = Q4_K - Medium
print_info: file size   = 8.37 GiB (4.87 BPW) 
load: 0 unused tokens
load: control-looking token: 128247 '</s>' was not control-type; this is probably a bug in the model. its type will be overridden
load: printing all EOG tokens:
load:   - 128247 ('</s>')
load:   - 151643 ('<|endoftext|>')
load:   - 151645 ('<|im_end|>')
load:   - 151662 ('<|fim_pad|>')
load:   - 151663 ('<|repo_name|>')
load:   - 151664 ('<|file_sep|>')
load: special tokens cache size = 23
load: token to piece cache size = 0.9310 MB
print_info: arch                  = qwen2
print_info: vocab_only            = 0
print_info: no_alloc              = 0
print_info: n_ctx_train           = 32768
print_info: n_embd                = 5120
print_info: n_embd_inp            = 5120
print_info: n_layer               = 48
print_info: n_head                = 40
print_info: n_head_kv             = 8
print_info: n_rot                 = 128
print_info: n_swa                 = 0
print_info: is_swa_any            = 0
print_info: n_embd_head_k         = 128
print_info: n_embd_head_v         = 128
print_info: n_gqa                 = 5
print_info: n_embd_k_gqa          = 1024
print_info: n_embd_v_gqa          = 1024
print_info: f_norm_eps            = 0.0e+00
print_info: f_norm_rms_eps        = 1.0e-06
print_info: f_clamp_kqv           = 0.0e+00
print_info: f_max_alibi_bias      = 0.0e+00
print_info: f_logit_scale         = 0.0e+00
print_info: f_attn_scale          = 0.0e+00
print_info: n_ff                  = 13824
print_info: n_expert              = 0
print_info: n_expert_used         = 0
print_info: n_expert_groups       = 0
print_info: n_group_used          = 0
print_info: causal attn           = 1
print_info: pooling type          = -1
print_info: rope type             = 2
print_info: rope scaling          = linear
print_info: freq_base_train       = 1000000.0
print_info: freq_scale_train      = 1
print_info: n_ctx_orig_yarn       = 32768
print_info: rope_yarn_log_mul     = 0.0000
print_info: rope_finetuned        = unknown
print_info: model type            = 14B
print_info: model params          = 14.77 B
print_info: general.name          = Qwen2.5 14B Instruct
print_info: vocab type            = BPE
print_info: n_vocab               = 152064
print_info: n_merges              = 151387
print_info: BOS token             = 151643 '<|endoftext|>'
print_info: EOS token             = 151645 '<|im_end|>'
print_info: EOT token             = 151645 '<|im_end|>'
print_info: PAD token             = 151643 '<|endoftext|>'
print_info: LF token              = 198 'Ċ'
print_info: FIM PRE token         = 151659 '<|fim_prefix|>'
print_info: FIM SUF token         = 151661 '<|fim_suffix|>'
print_info: FIM MID token         = 151660 '<|fim_middle|>'
print_info: FIM PAD token         = 151662 '<|fim_pad|>'
print_info: FIM REP token         = 151663 '<|repo_name|>'
print_info: FIM SEP token         = 151664 '<|file_sep|>'
print_info: EOG token             = 128247 '</s>'
print_info: EOG token             = 151643 '<|endoftext|>'
print_info: EOG token             = 151645 '<|im_end|>'
print_info: EOG token             = 151662 '<|fim_pad|>'
print_info: EOG token             = 151663 '<|repo_name|>'
print_info: EOG token             = 151664 '<|file_sep|>'
print_info: max token length      = 256
load_tensors: loading model tensors, this can take a while... (mmap = true, direct_io = false)
load_tensors: offloading output layer to GPU
load_tensors: offloading 19 repeating layers to GPU
load_tensors: offloaded 20/49 layers to GPU
load_tensors:   CPU_Mapped model buffer size =  4944.60 MiB
load_tensors:        CUDA0 model buffer size =  3621.44 MiB
...........................................................................................
common_init_result: added </s> logit bias = -inf
common_init_result: added <|endoftext|> logit bias = -inf
common_init_result: added <|im_end|> logit bias = -inf
common_init_result: added <|fim_pad|> logit bias = -inf
common_init_result: added <|repo_name|> logit bias = -inf
common_init_result: added <|file_sep|> logit bias = -inf
llama_context: constructing llama_context
llama_context: n_seq_max     = 4
llama_context: n_ctx         = 4096
llama_context: n_ctx_seq     = 4096
llama_context: n_batch       = 2048
llama_context: n_ubatch      = 512
llama_context: causal_attn   = 1
llama_context: flash_attn    = auto
llama_context: kv_unified    = true
llama_context: freq_base     = 1000000.0
llama_context: freq_scale    = 1
llama_context: n_ctx_seq (4096) < n_ctx_train (32768) -- the full capacity of the model will not be utilized
llama_context:  CUDA_Host  output buffer size =     2.32 MiB
llama_kv_cache:        CPU KV buffer size =   464.00 MiB
llama_kv_cache:      CUDA0 KV buffer size =   304.00 MiB
llama_kv_cache: size =  768.00 MiB (  4096 cells,  48 layers,  4/1 seqs), K (f16):  384.00 MiB, V (f16):  384.00 MiB
llama_kv_cache: attn_rot_k = 0
llama_kv_cache: attn_rot_v = 0
sched_reserve: reserving ...
sched_reserve: Flash Attention was auto, set to enabled
sched_reserve: resolving fused Gated Delta Net support:
sched_reserve: fused Gated Delta Net (autoregressive) enabled
sched_reserve: fused Gated Delta Net (chunked) enabled
sched_reserve:      CUDA0 compute buffer size =   317.00 MiB
sched_reserve:  CUDA_Host compute buffer size =    28.01 MiB
sched_reserve: graph nodes  = 1639
sched_reserve: graph splits = 408 (with bs=512), 2 (with bs=1)
sched_reserve: reserve took 8.73 ms, sched copies = 1
common_init_from_params: warming up the model with an empty run - please wait ... (--no-warmup to disable)
srv    load_model: initializing slots, n_slots = 4
no implementations specified for speculative decoding
slot   load_model: id  0 | task -1 | speculative decoding context not initialized
slot   load_model: id  0 | task -1 | new slot, n_ctx = 4096
no implementations specified for speculative decoding
slot   load_model: id  1 | task -1 | speculative decoding context not initialized
slot   load_model: id  1 | task -1 | new slot, n_ctx = 4096
no implementations specified for speculative decoding
slot   load_model: id  2 | task -1 | speculative decoding context not initialized
slot   load_model: id  2 | task -1 | new slot, n_ctx = 4096
no implementations specified for speculative decoding
slot   load_model: id  3 | task -1 | speculative decoding context not initialized
slot   load_model: id  3 | task -1 | new slot, n_ctx = 4096
srv    load_model: prompt cache is enabled, size limit: 8192 MiB
srv    load_model: use `--cache-ram 0` to disable the prompt cache
srv    load_model: for more info see https://github.com/ggml-org/llama.cpp/pull/16391
srv          init: init: idle slots will be saved to prompt cache and cleared upon starting a new task
init: chat template, example_format: '<|im_start|>system
You are a helpful assistant<|im_end|>
<|im_start|>user
Hello<|im_end|>
<|im_start|>assistant
Hi there<|im_end|>
<|im_start|>user
How are you?<|im_end|>
<|im_start|>assistant
'
srv          init: init: chat template, thinking = 0
main: model loaded
main: server is listening on http://0.0.0.0:8080
main: starting the main loop...
srv  update_slots: all slots are idle
srv  params_from_: Chat format: peg-native
slot get_availabl: id  3 | task -1 | selected slot by LRU, t_last = -1
srv  get_availabl: updating prompt cache
srv          load:  - looking for better prompt, base f_keep = -1.000, sim = 0.000
srv        update:  - cache state: 0 prompts, 0.000 MiB (limits: 8192.000 MiB, 4096 tokens, 8589934592 est)
srv  get_availabl: prompt cache update took 0.59 ms
slot launch_slot_: id  3 | task -1 | sampler chain: logits -> penalties -> ?dry -> ?top-n-sigma -> top-k -> ?typical -> top-p -> min-p -> ?xtc -> temp-ext -> dist 
slot launch_slot_: id  3 | task 0 | processing task, is_child = 0
slot update_slots: id  3 | task 0 | new prompt, n_ctx_slot = 4096, n_keep = 0, task.n_tokens = 436
slot update_slots: id  3 | task 0 | n_tokens = 0, memory_seq_rm [0, end)
slot init_sampler: id  3 | task 0 | init sampler, took 0.53 ms, tokens: text = 436, total = 436
slot update_slots: id  3 | task 0 | prompt processing done, n_tokens = 436, batch.n_tokens = 436
slot print_timing: id  3 | task 0 | 
prompt eval time =    1481.85 ms /   436 tokens (    3.40 ms per token,   294.23 tokens per second)
       eval time =   11480.02 ms /    64 tokens (  179.38 ms per token,     5.57 tokens per second)
      total time =   12961.87 ms /   500 tokens
slot      release: id  3 | task 0 | stop processing: n_tokens = 499, truncated = 0
srv  update_slots: all slots are idle
srv  log_server_r: done request: POST /v1/chat/completions 127.0.0.1 200
slot get_availabl: id  2 | task -1 | selected slot by LRU, t_last = -1
srv  get_availabl: updating prompt cache
srv          load:  - looking for better prompt, base f_keep = -1.000, sim = 0.000
srv        update:  - cache state: 0 prompts, 0.000 MiB (limits: 8192.000 MiB, 4096 tokens, 8589934592 est)
srv  get_availabl: prompt cache update took 0.01 ms
slot launch_slot_: id  2 | task -1 | sampler chain: logits -> penalties -> ?dry -> ?top-n-sigma -> top-k -> ?typical -> top-p -> min-p -> ?xtc -> temp-ext -> dist 
slot launch_slot_: id  2 | task 65 | processing task, is_child = 0
slot slot_save_an: id  3 | task -1 | saving idle slot to prompt cache
srv   prompt_save:  - saving prompt with length 499, total state size = 93.569 MiB
slot prompt_clear: id  3 | task -1 | clearing prompt with 499 tokens
srv        update:  - cache state: 1 prompts, 93.569 MiB (limits: 8192.000 MiB, 4096 tokens, 43687 est)
srv        update:    - prompt 0000027B4D216FB0:     499 tokens, checkpoints:  0,    93.569 MiB
slot update_slots: id  2 | task 65 | new prompt, n_ctx_slot = 4096, n_keep = 0, task.n_tokens = 825
slot update_slots: id  2 | task 65 | n_tokens = 0, memory_seq_rm [0, end)
slot init_sampler: id  2 | task 65 | init sampler, took 0.15 ms, tokens: text = 825, total = 825
slot update_slots: id  2 | task 65 | prompt processing done, n_tokens = 825, batch.n_tokens = 825
srv  log_server_r: done request: POST /completion 127.0.0.1 200
slot print_timing: id  2 | task 65 | 
prompt eval time =    2263.40 ms /   825 tokens (    2.74 ms per token,   364.50 tokens per second)
       eval time =    4027.16 ms /    23 tokens (  175.09 ms per token,     5.71 tokens per second)
      total time =    6290.56 ms /   848 tokens
slot      release: id  2 | task 65 | stop processing: n_tokens = 847, truncated = 0
srv  update_slots: all slots are idle
srv  params_from_: Chat format: peg-native
slot get_availabl: id  1 | task -1 | selected slot by LRU, t_last = -1
srv  get_availabl: updating prompt cache
srv          load:  - looking for better prompt, base f_keep = -1.000, sim = 0.000
srv        update:  - cache state: 1 prompts, 93.569 MiB (limits: 8192.000 MiB, 4096 tokens, 43687 est)
srv        update:    - prompt 0000027B4D216FB0:     499 tokens, checkpoints:  0,    93.569 MiB
srv  get_availabl: prompt cache update took 0.01 ms
slot launch_slot_: id  1 | task -1 | sampler chain: logits -> penalties -> ?dry -> ?top-n-sigma -> top-k -> ?typical -> top-p -> min-p -> ?xtc -> temp-ext -> dist 
slot launch_slot_: id  1 | task 89 | processing task, is_child = 0
slot slot_save_an: id  2 | task -1 | saving idle slot to prompt cache
srv   prompt_save:  - saving prompt with length 847, total state size = 158.823 MiB
slot prompt_clear: id  2 | task -1 | clearing prompt with 847 tokens
srv        update:  - cache state: 2 prompts, 252.393 MiB (limits: 8192.000 MiB, 4096 tokens, 43687 est)
srv        update:    - prompt 0000027B4D216FB0:     499 tokens, checkpoints:  0,    93.569 MiB
srv        update:    - prompt 0000027B4D216530:     847 tokens, checkpoints:  0,   158.823 MiB
slot update_slots: id  1 | task 89 | new prompt, n_ctx_slot = 4096, n_keep = 0, task.n_tokens = 430
slot update_slots: id  1 | task 89 | n_tokens = 0, memory_seq_rm [0, end)
slot init_sampler: id  1 | task 89 | init sampler, took 0.06 ms, tokens: text = 430, total = 430
slot update_slots: id  1 | task 89 | prompt processing done, n_tokens = 430, batch.n_tokens = 430
slot print_timing: id  1 | task 89 | 
prompt eval time =    1231.57 ms /   430 tokens (    2.86 ms per token,   349.15 tokens per second)
       eval time =   14157.23 ms /    77 tokens (  183.86 ms per token,     5.44 tokens per second)
      total time =   15388.80 ms /   507 tokens
slot      release: id  1 | task 89 | stop processing: n_tokens = 506, truncated = 0
srv  update_slots: all slots are idle
srv  log_server_r: done request: POST /v1/chat/completions 127.0.0.1 200
slot get_availabl: id  0 | task -1 | selected slot by LRU, t_last = -1
srv  get_availabl: updating prompt cache
srv          load:  - looking for better prompt, base f_keep = -1.000, sim = 0.000
srv          load:  - found better prompt with f_keep = 0.953, sim = 0.985
srv        update:  - cache state: 1 prompts, 93.569 MiB (limits: 8192.000 MiB, 4096 tokens, 43687 est)
srv        update:    - prompt 0000027B4D216FB0:     499 tokens, checkpoints:  0,    93.569 MiB
srv  get_availabl: prompt cache update took 40.17 ms
slot launch_slot_: id  0 | task -1 | sampler chain: logits -> penalties -> ?dry -> ?top-n-sigma -> top-k -> ?typical -> top-p -> min-p -> ?xtc -> temp-ext -> dist 
slot launch_slot_: id  0 | task 167 | processing task, is_child = 0
slot slot_save_an: id  1 | task -1 | saving idle slot to prompt cache
srv   prompt_save:  - saving prompt with length 506, total state size = 94.882 MiB
slot prompt_clear: id  1 | task -1 | clearing prompt with 506 tokens
srv        update:  - cache state: 2 prompts, 188.451 MiB (limits: 8192.000 MiB, 4096 tokens, 43687 est)
srv        update:    - prompt 0000027B4D216FB0:     499 tokens, checkpoints:  0,    93.569 MiB
srv        update:    - prompt 0000027B4D217170:     506 tokens, checkpoints:  0,    94.882 MiB
slot update_slots: id  0 | task 167 | new prompt, n_ctx_slot = 4096, n_keep = 0, task.n_tokens = 819
slot update_slots: id  0 | task 167 | n_tokens = 807, memory_seq_rm [807, end)
slot init_sampler: id  0 | task 167 | init sampler, took 0.14 ms, tokens: text = 819, total = 819
slot update_slots: id  0 | task 167 | prompt processing done, n_tokens = 819, batch.n_tokens = 12
srv  log_server_r: done request: POST /completion 127.0.0.1 200
slot print_timing: id  0 | task 167 | 
prompt eval time =     986.55 ms /    12 tokens (   82.21 ms per token,    12.16 tokens per second)
       eval time =    7378.72 ms /    33 tokens (  223.60 ms per token,     4.47 tokens per second)
      total time =    8365.27 ms /    45 tokens
slot      release: id  0 | task 167 | stop processing: n_tokens = 851, truncated = 0
srv  update_slots: all slots are idle

========== STOP QWEN ==========


========== START QWEN ==========
ggml_cuda_init: found 1 CUDA devices (Total VRAM: 6140 MiB):
  Device 0: NVIDIA GeForce RTX 4050 Laptop GPU, compute capability 8.9, VMM: yes, VRAM: 6140 MiB
load_backend: loaded CUDA backend from D:\repos\112\Simulator112\llama-b8665-bin-win-cuda-13.1-x64\ggml-cuda.dll
load_backend: loaded RPC backend from D:\repos\112\Simulator112\llama-b8665-bin-win-cuda-13.1-x64\ggml-rpc.dll
load_backend: loaded CPU backend from D:\repos\112\Simulator112\llama-b8665-bin-win-cuda-13.1-x64\ggml-cpu-haswell.dll
main: n_parallel is set to auto, using n_parallel = 4 and kv_unified = true
system info: n_threads = 6, n_threads_batch = 6, total_threads = 16

system_info: n_threads = 6 (n_threads_batch = 6) / 16 | CUDA : ARCHS = 750,800,860,890,1200,1210 | USE_GRAPHS = 1 | PEER_MAX_BATCH_SIZE = 128 | CPU : SSE3 = 1 | SSSE3 = 1 | AVX = 1 | AVX2 = 1 | F16C = 1 | FMA = 1 | BMI2 = 1 | LLAMAFILE = 1 | OPENMP = 1 | REPACK = 1 | 

Running without SSL
init: using 15 threads for HTTP server
start: binding port with default address family
main: loading model
srv    load_model: loading model '.\qwen2.5-14b-instruct-q4_k_m.gguf'
common_init_result: fitting params to device memory, for bugs during this step try to reproduce them with -fit off, or provide --verbose logs if the bug only occurs with -fit on
llama_params_fit_impl: projected to use 4242 MiB of device memory vs. 5080 MiB of free device memory
llama_params_fit_impl: cannot meet free memory target of 1024 MiB, need to reduce device memory by 186 MiB
llama_params_fit_impl: context size set by user to 4096 -> no change
llama_params_fit: failed to fit params to free device memory: n_gpu_layers already set by user to 20, abort
llama_params_fit: fitting params to free memory took 0.49 seconds
llama_model_load_from_file_impl: using device CUDA0 (NVIDIA GeForce RTX 4050 Laptop GPU) (0000:01:00.0) - 5080 MiB free
llama_model_loader: loaded meta data with 34 key-value pairs and 579 tensors from .\qwen2.5-14b-instruct-q4_k_m.gguf (version GGUF V3 (latest))
llama_model_loader: Dumping metadata keys/values. Note: KV overrides do not apply in this output.
llama_model_loader: - kv   0:                       general.architecture str              = qwen2
llama_model_loader: - kv   1:                               general.type str              = model
llama_model_loader: - kv   2:                               general.name str              = Qwen2.5 14B Instruct
llama_model_loader: - kv   3:                           general.finetune str              = Instruct
llama_model_loader: - kv   4:                           general.basename str              = Qwen2.5
llama_model_loader: - kv   5:                         general.size_label str              = 14B
llama_model_loader: - kv   6:                            general.license str              = apache-2.0
llama_model_loader: - kv   7:                       general.license.link str              = https://huggingface.co/Qwen/Qwen2.5-1...
llama_model_loader: - kv   8:                   general.base_model.count u32              = 1
llama_model_loader: - kv   9:                  general.base_model.0.name str              = Qwen2.5 14B
llama_model_loader: - kv  10:          general.base_model.0.organization str              = Qwen
llama_model_loader: - kv  11:              general.base_model.0.repo_url str              = https://huggingface.co/Qwen/Qwen2.5-14B
llama_model_loader: - kv  12:                               general.tags arr[str,2]       = ["chat", "text-generation"]
llama_model_loader: - kv  13:                          general.languages arr[str,1]       = ["en"]
llama_model_loader: - kv  14:                          qwen2.block_count u32              = 48
llama_model_loader: - kv  15:                       qwen2.context_length u32              = 32768
llama_model_loader: - kv  16:                     qwen2.embedding_length u32              = 5120
llama_model_loader: - kv  17:                  qwen2.feed_forward_length u32              = 13824
llama_model_loader: - kv  18:                 qwen2.attention.head_count u32              = 40
llama_model_loader: - kv  19:              qwen2.attention.head_count_kv u32              = 8
llama_model_loader: - kv  20:                       qwen2.rope.freq_base f32              = 1000000.000000
llama_model_loader: - kv  21:     qwen2.attention.layer_norm_rms_epsilon f32              = 0.000001
llama_model_loader: - kv  22:                          general.file_type u32              = 15
llama_model_loader: - kv  23:                       tokenizer.ggml.model str              = gpt2
llama_model_loader: - kv  24:                         tokenizer.ggml.pre str              = qwen2
llama_model_loader: - kv  25:                      tokenizer.ggml.tokens arr[str,152064]  = ["!", "\"", "#", "$", "%", "&", "'", ...
llama_model_loader: - kv  26:                  tokenizer.ggml.token_type arr[i32,152064]  = [1, 1, 1, 1, 1, 1, 1, 1, 1, 1, 1, 1, ...
llama_model_loader: - kv  27:                      tokenizer.ggml.merges arr[str,151387]  = ["Ġ Ġ", "ĠĠ ĠĠ", "i n", "Ġ t",...
llama_model_loader: - kv  28:                tokenizer.ggml.eos_token_id u32              = 151645
llama_model_loader: - kv  29:            tokenizer.ggml.padding_token_id u32              = 151643
llama_model_loader: - kv  30:                tokenizer.ggml.bos_token_id u32              = 151643
llama_model_loader: - kv  31:               tokenizer.ggml.add_bos_token bool             = false
llama_model_loader: - kv  32:                    tokenizer.chat_template str              = {%- if tools %}\n    {{- '<|im_start|>...
llama_model_loader: - kv  33:               general.quantization_version u32              = 2
llama_model_loader: - type  f32:  241 tensors
llama_model_loader: - type q4_K:  289 tensors
llama_model_loader: - type q6_K:   49 tensors
print_info: file format = GGUF V3 (latest)
print_info: file type   = Q4_K - Medium
print_info: file size   = 8.37 GiB (4.87 BPW) 
load: 0 unused tokens
load: control-looking token: 128247 '</s>' was not control-type; this is probably a bug in the model. its type will be overridden
load: printing all EOG tokens:
load:   - 128247 ('</s>')
load:   - 151643 ('<|endoftext|>')
load:   - 151645 ('<|im_end|>')
load:   - 151662 ('<|fim_pad|>')
load:   - 151663 ('<|repo_name|>')
load:   - 151664 ('<|file_sep|>')
load: special tokens cache size = 23
load: token to piece cache size = 0.9310 MB
print_info: arch                  = qwen2
print_info: vocab_only            = 0
print_info: no_alloc              = 0
print_info: n_ctx_train           = 32768
print_info: n_embd                = 5120
print_info: n_embd_inp            = 5120
print_info: n_layer               = 48
print_info: n_head                = 40
print_info: n_head_kv             = 8
print_info: n_rot                 = 128
print_info: n_swa                 = 0
print_info: is_swa_any            = 0
print_info: n_embd_head_k         = 128
print_info: n_embd_head_v         = 128
print_info: n_gqa                 = 5
print_info: n_embd_k_gqa          = 1024
print_info: n_embd_v_gqa          = 1024
print_info: f_norm_eps            = 0.0e+00
print_info: f_norm_rms_eps        = 1.0e-06
print_info: f_clamp_kqv           = 0.0e+00
print_info: f_max_alibi_bias      = 0.0e+00
print_info: f_logit_scale         = 0.0e+00
print_info: f_attn_scale          = 0.0e+00
print_info: n_ff                  = 13824
print_info: n_expert              = 0
print_info: n_expert_used         = 0
print_info: n_expert_groups       = 0
print_info: n_group_used          = 0
print_info: causal attn           = 1
print_info: pooling type          = -1
print_info: rope type             = 2
print_info: rope scaling          = linear
print_info: freq_base_train       = 1000000.0
print_info: freq_scale_train      = 1
print_info: n_ctx_orig_yarn       = 32768
print_info: rope_yarn_log_mul     = 0.0000
print_info: rope_finetuned        = unknown
print_info: model type            = 14B
print_info: model params          = 14.77 B
print_info: general.name          = Qwen2.5 14B Instruct
print_info: vocab type            = BPE
print_info: n_vocab               = 152064
print_info: n_merges              = 151387
print_info: BOS token             = 151643 '<|endoftext|>'
print_info: EOS token             = 151645 '<|im_end|>'
print_info: EOT token             = 151645 '<|im_end|>'
print_info: PAD token             = 151643 '<|endoftext|>'
print_info: LF token              = 198 'Ċ'
print_info: FIM PRE token         = 151659 '<|fim_prefix|>'
print_info: FIM SUF token         = 151661 '<|fim_suffix|>'
print_info: FIM MID token         = 151660 '<|fim_middle|>'
print_info: FIM PAD token         = 151662 '<|fim_pad|>'
print_info: FIM REP token         = 151663 '<|repo_name|>'
print_info: FIM SEP token         = 151664 '<|file_sep|>'
print_info: EOG token             = 128247 '</s>'
print_info: EOG token             = 151643 '<|endoftext|>'
print_info: EOG token             = 151645 '<|im_end|>'
print_info: EOG token             = 151662 '<|fim_pad|>'
print_info: EOG token             = 151663 '<|repo_name|>'
print_info: EOG token             = 151664 '<|file_sep|>'
print_info: max token length      = 256
load_tensors: loading model tensors, this can take a while... (mmap = true, direct_io = false)
load_tensors: offloading output layer to GPU
load_tensors: offloading 19 repeating layers to GPU
load_tensors: offloaded 20/49 layers to GPU
load_tensors:   CPU_Mapped model buffer size =  4944.60 MiB
load_tensors:        CUDA0 model buffer size =  3621.44 MiB
...........................................................................................
common_init_result: added </s> logit bias = -inf
common_init_result: added <|endoftext|> logit bias = -inf
common_init_result: added <|im_end|> logit bias = -inf
common_init_result: added <|fim_pad|> logit bias = -inf
common_init_result: added <|repo_name|> logit bias = -inf
common_init_result: added <|file_sep|> logit bias = -inf
llama_context: constructing llama_context
llama_context: n_seq_max     = 4
llama_context: n_ctx         = 4096
llama_context: n_ctx_seq     = 4096
llama_context: n_batch       = 2048
llama_context: n_ubatch      = 512
llama_context: causal_attn   = 1
llama_context: flash_attn    = auto
llama_context: kv_unified    = true
llama_context: freq_base     = 1000000.0
llama_context: freq_scale    = 1
llama_context: n_ctx_seq (4096) < n_ctx_train (32768) -- the full capacity of the model will not be utilized
llama_context:  CUDA_Host  output buffer size =     2.32 MiB
llama_kv_cache:        CPU KV buffer size =   464.00 MiB
llama_kv_cache:      CUDA0 KV buffer size =   304.00 MiB
llama_kv_cache: size =  768.00 MiB (  4096 cells,  48 layers,  4/1 seqs), K (f16):  384.00 MiB, V (f16):  384.00 MiB
llama_kv_cache: attn_rot_k = 0
llama_kv_cache: attn_rot_v = 0
sched_reserve: reserving ...
sched_reserve: Flash Attention was auto, set to enabled
sched_reserve: resolving fused Gated Delta Net support:
sched_reserve: fused Gated Delta Net (autoregressive) enabled
sched_reserve: fused Gated Delta Net (chunked) enabled
sched_reserve:      CUDA0 compute buffer size =   317.00 MiB
sched_reserve:  CUDA_Host compute buffer size =    28.01 MiB
sched_reserve: graph nodes  = 1639
sched_reserve: graph splits = 408 (with bs=512), 2 (with bs=1)
sched_reserve: reserve took 9.26 ms, sched copies = 1
common_init_from_params: warming up the model with an empty run - please wait ... (--no-warmup to disable)
srv    load_model: initializing slots, n_slots = 4
no implementations specified for speculative decoding
slot   load_model: id  0 | task -1 | speculative decoding context not initialized
slot   load_model: id  0 | task -1 | new slot, n_ctx = 4096
no implementations specified for speculative decoding
slot   load_model: id  1 | task -1 | speculative decoding context not initialized
slot   load_model: id  1 | task -1 | new slot, n_ctx = 4096
no implementations specified for speculative decoding
slot   load_model: id  2 | task -1 | speculative decoding context not initialized
slot   load_model: id  2 | task -1 | new slot, n_ctx = 4096
no implementations specified for speculative decoding
slot   load_model: id  3 | task -1 | speculative decoding context not initialized
slot   load_model: id  3 | task -1 | new slot, n_ctx = 4096
srv    load_model: prompt cache is enabled, size limit: 8192 MiB
srv    load_model: use `--cache-ram 0` to disable the prompt cache
srv    load_model: for more info see https://github.com/ggml-org/llama.cpp/pull/16391
srv          init: init: idle slots will be saved to prompt cache and cleared upon starting a new task
init: chat template, example_format: '<|im_start|>system
You are a helpful assistant<|im_end|>
<|im_start|>user
Hello<|im_end|>
<|im_start|>assistant
Hi there<|im_end|>
<|im_start|>user
How are you?<|im_end|>
<|im_start|>assistant
'
srv          init: init: chat template, thinking = 0
main: model loaded
main: server is listening on http://0.0.0.0:8080
main: starting the main loop...
srv  update_slots: all slots are idle

========== STOP QWEN ==========


========== START QWEN ==========
ggml_cuda_init: found 1 CUDA devices (Total VRAM: 6140 MiB):
  Device 0: NVIDIA GeForce RTX 4050 Laptop GPU, compute capability 8.9, VMM: yes, VRAM: 6140 MiB
load_backend: loaded CUDA backend from D:\repos\112\Simulator112\llama-b8665-bin-win-cuda-13.1-x64\ggml-cuda.dll
load_backend: loaded RPC backend from D:\repos\112\Simulator112\llama-b8665-bin-win-cuda-13.1-x64\ggml-rpc.dll
load_backend: loaded CPU backend from D:\repos\112\Simulator112\llama-b8665-bin-win-cuda-13.1-x64\ggml-cpu-haswell.dll
main: n_parallel is set to auto, using n_parallel = 4 and kv_unified = true
system info: n_threads = 6, n_threads_batch = 6, total_threads = 16

system_info: n_threads = 6 (n_threads_batch = 6) / 16 | CUDA : ARCHS = 750,800,860,890,1200,1210 | USE_GRAPHS = 1 | PEER_MAX_BATCH_SIZE = 128 | CPU : SSE3 = 1 | SSSE3 = 1 | AVX = 1 | AVX2 = 1 | F16C = 1 | FMA = 1 | BMI2 = 1 | LLAMAFILE = 1 | OPENMP = 1 | REPACK = 1 | 

Running without SSL
init: using 15 threads for HTTP server
start: binding port with default address family
main: loading model
srv    load_model: loading model '.\qwen2.5-14b-instruct-q4_k_m.gguf'
common_init_result: fitting params to device memory, for bugs during this step try to reproduce them with -fit off, or provide --verbose logs if the bug only occurs with -fit on
llama_params_fit_impl: projected to use 4242 MiB of device memory vs. 5080 MiB of free device memory
llama_params_fit_impl: cannot meet free memory target of 1024 MiB, need to reduce device memory by 186 MiB
llama_params_fit_impl: context size set by user to 4096 -> no change
llama_params_fit: failed to fit params to free device memory: n_gpu_layers already set by user to 20, abort
llama_params_fit: fitting params to free memory took 0.35 seconds
llama_model_load_from_file_impl: using device CUDA0 (NVIDIA GeForce RTX 4050 Laptop GPU) (0000:01:00.0) - 5080 MiB free
llama_model_loader: loaded meta data with 34 key-value pairs and 579 tensors from .\qwen2.5-14b-instruct-q4_k_m.gguf (version GGUF V3 (latest))
llama_model_loader: Dumping metadata keys/values. Note: KV overrides do not apply in this output.
llama_model_loader: - kv   0:                       general.architecture str              = qwen2
llama_model_loader: - kv   1:                               general.type str              = model
llama_model_loader: - kv   2:                               general.name str              = Qwen2.5 14B Instruct
llama_model_loader: - kv   3:                           general.finetune str              = Instruct
llama_model_loader: - kv   4:                           general.basename str              = Qwen2.5
llama_model_loader: - kv   5:                         general.size_label str              = 14B
llama_model_loader: - kv   6:                            general.license str              = apache-2.0
llama_model_loader: - kv   7:                       general.license.link str              = https://huggingface.co/Qwen/Qwen2.5-1...
llama_model_loader: - kv   8:                   general.base_model.count u32              = 1
llama_model_loader: - kv   9:                  general.base_model.0.name str              = Qwen2.5 14B
llama_model_loader: - kv  10:          general.base_model.0.organization str              = Qwen
llama_model_loader: - kv  11:              general.base_model.0.repo_url str              = https://huggingface.co/Qwen/Qwen2.5-14B
llama_model_loader: - kv  12:                               general.tags arr[str,2]       = ["chat", "text-generation"]
llama_model_loader: - kv  13:                          general.languages arr[str,1]       = ["en"]
llama_model_loader: - kv  14:                          qwen2.block_count u32              = 48
llama_model_loader: - kv  15:                       qwen2.context_length u32              = 32768
llama_model_loader: - kv  16:                     qwen2.embedding_length u32              = 5120
llama_model_loader: - kv  17:                  qwen2.feed_forward_length u32              = 13824
llama_model_loader: - kv  18:                 qwen2.attention.head_count u32              = 40
llama_model_loader: - kv  19:              qwen2.attention.head_count_kv u32              = 8
llama_model_loader: - kv  20:                       qwen2.rope.freq_base f32              = 1000000.000000
llama_model_loader: - kv  21:     qwen2.attention.layer_norm_rms_epsilon f32              = 0.000001
llama_model_loader: - kv  22:                          general.file_type u32              = 15
llama_model_loader: - kv  23:                       tokenizer.ggml.model str              = gpt2
llama_model_loader: - kv  24:                         tokenizer.ggml.pre str              = qwen2
llama_model_loader: - kv  25:                      tokenizer.ggml.tokens arr[str,152064]  = ["!", "\"", "#", "$", "%", "&", "'", ...
llama_model_loader: - kv  26:                  tokenizer.ggml.token_type arr[i32,152064]  = [1, 1, 1, 1, 1, 1, 1, 1, 1, 1, 1, 1, ...
llama_model_loader: - kv  27:                      tokenizer.ggml.merges arr[str,151387]  = ["Ġ Ġ", "ĠĠ ĠĠ", "i n", "Ġ t",...
llama_model_loader: - kv  28:                tokenizer.ggml.eos_token_id u32              = 151645
llama_model_loader: - kv  29:            tokenizer.ggml.padding_token_id u32              = 151643
llama_model_loader: - kv  30:                tokenizer.ggml.bos_token_id u32              = 151643
llama_model_loader: - kv  31:               tokenizer.ggml.add_bos_token bool             = false
llama_model_loader: - kv  32:                    tokenizer.chat_template str              = {%- if tools %}\n    {{- '<|im_start|>...
llama_model_loader: - kv  33:               general.quantization_version u32              = 2
llama_model_loader: - type  f32:  241 tensors
llama_model_loader: - type q4_K:  289 tensors
llama_model_loader: - type q6_K:   49 tensors
print_info: file format = GGUF V3 (latest)
print_info: file type   = Q4_K - Medium
print_info: file size   = 8.37 GiB (4.87 BPW) 
load: 0 unused tokens
load: control-looking token: 128247 '</s>' was not control-type; this is probably a bug in the model. its type will be overridden
load: printing all EOG tokens:
load:   - 128247 ('</s>')
load:   - 151643 ('<|endoftext|>')
load:   - 151645 ('<|im_end|>')
load:   - 151662 ('<|fim_pad|>')
load:   - 151663 ('<|repo_name|>')
load:   - 151664 ('<|file_sep|>')
load: special tokens cache size = 23
load: token to piece cache size = 0.9310 MB
print_info: arch                  = qwen2
print_info: vocab_only            = 0
print_info: no_alloc              = 0
print_info: n_ctx_train           = 32768
print_info: n_embd                = 5120
print_info: n_embd_inp            = 5120
print_info: n_layer               = 48
print_info: n_head                = 40
print_info: n_head_kv             = 8
print_info: n_rot                 = 128
print_info: n_swa                 = 0
print_info: is_swa_any            = 0
print_info: n_embd_head_k         = 128
print_info: n_embd_head_v         = 128
print_info: n_gqa                 = 5
print_info: n_embd_k_gqa          = 1024
print_info: n_embd_v_gqa          = 1024
print_info: f_norm_eps            = 0.0e+00
print_info: f_norm_rms_eps        = 1.0e-06
print_info: f_clamp_kqv           = 0.0e+00
print_info: f_max_alibi_bias      = 0.0e+00
print_info: f_logit_scale         = 0.0e+00
print_info: f_attn_scale          = 0.0e+00
print_info: n_ff                  = 13824
print_info: n_expert              = 0
print_info: n_expert_used         = 0
print_info: n_expert_groups       = 0
print_info: n_group_used          = 0
print_info: causal attn           = 1
print_info: pooling type          = -1
print_info: rope type             = 2
print_info: rope scaling          = linear
print_info: freq_base_train       = 1000000.0
print_info: freq_scale_train      = 1
print_info: n_ctx_orig_yarn       = 32768
print_info: rope_yarn_log_mul     = 0.0000
print_info: rope_finetuned        = unknown
print_info: model type            = 14B
print_info: model params          = 14.77 B
print_info: general.name          = Qwen2.5 14B Instruct
print_info: vocab type            = BPE
print_info: n_vocab               = 152064
print_info: n_merges              = 151387
print_info: BOS token             = 151643 '<|endoftext|>'
print_info: EOS token             = 151645 '<|im_end|>'
print_info: EOT token             = 151645 '<|im_end|>'
print_info: PAD token             = 151643 '<|endoftext|>'
print_info: LF token              = 198 'Ċ'
print_info: FIM PRE token         = 151659 '<|fim_prefix|>'
print_info: FIM SUF token         = 151661 '<|fim_suffix|>'
print_info: FIM MID token         = 151660 '<|fim_middle|>'
print_info: FIM PAD token         = 151662 '<|fim_pad|>'
print_info: FIM REP token         = 151663 '<|repo_name|>'
print_info: FIM SEP token         = 151664 '<|file_sep|>'
print_info: EOG token             = 128247 '</s>'
print_info: EOG token             = 151643 '<|endoftext|>'
print_info: EOG token             = 151645 '<|im_end|>'
print_info: EOG token             = 151662 '<|fim_pad|>'
print_info: EOG token             = 151663 '<|repo_name|>'
print_info: EOG token             = 151664 '<|file_sep|>'
print_info: max token length      = 256
load_tensors: loading model tensors, this can take a while... (mmap = true, direct_io = false)
load_tensors: offloading output layer to GPU
load_tensors: offloading 19 repeating layers to GPU
load_tensors: offloaded 20/49 layers to GPU
load_tensors:   CPU_Mapped model buffer size =  4944.60 MiB
load_tensors:        CUDA0 model buffer size =  3621.44 MiB
...........................................................................................
common_init_result: added </s> logit bias = -inf
common_init_result: added <|endoftext|> logit bias = -inf
common_init_result: added <|im_end|> logit bias = -inf
common_init_result: added <|fim_pad|> logit bias = -inf
common_init_result: added <|repo_name|> logit bias = -inf
common_init_result: added <|file_sep|> logit bias = -inf
llama_context: constructing llama_context
llama_context: n_seq_max     = 4
llama_context: n_ctx         = 4096
llama_context: n_ctx_seq     = 4096
llama_context: n_batch       = 2048
llama_context: n_ubatch      = 512
llama_context: causal_attn   = 1
llama_context: flash_attn    = auto
llama_context: kv_unified    = true
llama_context: freq_base     = 1000000.0
llama_context: freq_scale    = 1
llama_context: n_ctx_seq (4096) < n_ctx_train (32768) -- the full capacity of the model will not be utilized
llama_context:  CUDA_Host  output buffer size =     2.32 MiB
llama_kv_cache:        CPU KV buffer size =   464.00 MiB
llama_kv_cache:      CUDA0 KV buffer size =   304.00 MiB
llama_kv_cache: size =  768.00 MiB (  4096 cells,  48 layers,  4/1 seqs), K (f16):  384.00 MiB, V (f16):  384.00 MiB
llama_kv_cache: attn_rot_k = 0
llama_kv_cache: attn_rot_v = 0
sched_reserve: reserving ...
sched_reserve: Flash Attention was auto, set to enabled
sched_reserve: resolving fused Gated Delta Net support:
sched_reserve: fused Gated Delta Net (autoregressive) enabled
sched_reserve: fused Gated Delta Net (chunked) enabled
sched_reserve:      CUDA0 compute buffer size =   317.00 MiB
sched_reserve:  CUDA_Host compute buffer size =    28.01 MiB
sched_reserve: graph nodes  = 1639
sched_reserve: graph splits = 408 (with bs=512), 2 (with bs=1)
sched_reserve: reserve took 11.27 ms, sched copies = 1
common_init_from_params: warming up the model with an empty run - please wait ... (--no-warmup to disable)
srv    load_model: initializing slots, n_slots = 4
no implementations specified for speculative decoding
slot   load_model: id  0 | task -1 | speculative decoding context not initialized
slot   load_model: id  0 | task -1 | new slot, n_ctx = 4096
no implementations specified for speculative decoding
slot   load_model: id  1 | task -1 | speculative decoding context not initialized
slot   load_model: id  1 | task -1 | new slot, n_ctx = 4096
no implementations specified for speculative decoding
slot   load_model: id  2 | task -1 | speculative decoding context not initialized
slot   load_model: id  2 | task -1 | new slot, n_ctx = 4096
no implementations specified for speculative decoding
slot   load_model: id  3 | task -1 | speculative decoding context not initialized
slot   load_model: id  3 | task -1 | new slot, n_ctx = 4096
srv    load_model: prompt cache is enabled, size limit: 8192 MiB
srv    load_model: use `--cache-ram 0` to disable the prompt cache
srv    load_model: for more info see https://github.com/ggml-org/llama.cpp/pull/16391
srv          init: init: idle slots will be saved to prompt cache and cleared upon starting a new task
init: chat template, example_format: '<|im_start|>system
You are a helpful assistant<|im_end|>
<|im_start|>user
Hello<|im_end|>
<|im_start|>assistant
Hi there<|im_end|>
<|im_start|>user
How are you?<|im_end|>
<|im_start|>assistant
'
srv          init: init: chat template, thinking = 0
main: model loaded
main: server is listening on http://0.0.0.0:8080
main: starting the main loop...
srv  update_slots: all slots are idle

========== STOP QWEN ==========


========== START QWEN ==========
ggml_cuda_init: found 1 CUDA devices (Total VRAM: 6140 MiB):
  Device 0: NVIDIA GeForce RTX 4050 Laptop GPU, compute capability 8.9, VMM: yes, VRAM: 6140 MiB
load_backend: loaded CUDA backend from D:\repos\112\Simulator112\llama-b8665-bin-win-cuda-13.1-x64\ggml-cuda.dll
load_backend: loaded RPC backend from D:\repos\112\Simulator112\llama-b8665-bin-win-cuda-13.1-x64\ggml-rpc.dll
load_backend: loaded CPU backend from D:\repos\112\Simulator112\llama-b8665-bin-win-cuda-13.1-x64\ggml-cpu-haswell.dll
main: n_parallel is set to auto, using n_parallel = 4 and kv_unified = true
system info: n_threads = 6, n_threads_batch = 6, total_threads = 16

system_info: n_threads = 6 (n_threads_batch = 6) / 16 | CUDA : ARCHS = 750,800,860,890,1200,1210 | USE_GRAPHS = 1 | PEER_MAX_BATCH_SIZE = 128 | CPU : SSE3 = 1 | SSSE3 = 1 | AVX = 1 | AVX2 = 1 | F16C = 1 | FMA = 1 | BMI2 = 1 | LLAMAFILE = 1 | OPENMP = 1 | REPACK = 1 | 

Running without SSL
init: using 15 threads for HTTP server
start: binding port with default address family
main: loading model
srv    load_model: loading model '.\qwen2.5-14b-instruct-q4_k_m.gguf'
common_init_result: fitting params to device memory, for bugs during this step try to reproduce them with -fit off, or provide --verbose logs if the bug only occurs with -fit on
llama_params_fit_impl: projected to use 4242 MiB of device memory vs. 5080 MiB of free device memory
llama_params_fit_impl: cannot meet free memory target of 1024 MiB, need to reduce device memory by 186 MiB
llama_params_fit_impl: context size set by user to 4096 -> no change
llama_params_fit: failed to fit params to free device memory: n_gpu_layers already set by user to 20, abort
llama_params_fit: fitting params to free memory took 0.36 seconds
llama_model_load_from_file_impl: using device CUDA0 (NVIDIA GeForce RTX 4050 Laptop GPU) (0000:01:00.0) - 5080 MiB free
llama_model_loader: loaded meta data with 34 key-value pairs and 579 tensors from .\qwen2.5-14b-instruct-q4_k_m.gguf (version GGUF V3 (latest))
llama_model_loader: Dumping metadata keys/values. Note: KV overrides do not apply in this output.
llama_model_loader: - kv   0:                       general.architecture str              = qwen2
llama_model_loader: - kv   1:                               general.type str              = model
llama_model_loader: - kv   2:                               general.name str              = Qwen2.5 14B Instruct
llama_model_loader: - kv   3:                           general.finetune str              = Instruct
llama_model_loader: - kv   4:                           general.basename str              = Qwen2.5
llama_model_loader: - kv   5:                         general.size_label str              = 14B
llama_model_loader: - kv   6:                            general.license str              = apache-2.0
llama_model_loader: - kv   7:                       general.license.link str              = https://huggingface.co/Qwen/Qwen2.5-1...
llama_model_loader: - kv   8:                   general.base_model.count u32              = 1
llama_model_loader: - kv   9:                  general.base_model.0.name str              = Qwen2.5 14B
llama_model_loader: - kv  10:          general.base_model.0.organization str              = Qwen
llama_model_loader: - kv  11:              general.base_model.0.repo_url str              = https://huggingface.co/Qwen/Qwen2.5-14B
llama_model_loader: - kv  12:                               general.tags arr[str,2]       = ["chat", "text-generation"]
llama_model_loader: - kv  13:                          general.languages arr[str,1]       = ["en"]
llama_model_loader: - kv  14:                          qwen2.block_count u32              = 48
llama_model_loader: - kv  15:                       qwen2.context_length u32              = 32768
llama_model_loader: - kv  16:                     qwen2.embedding_length u32              = 5120
llama_model_loader: - kv  17:                  qwen2.feed_forward_length u32              = 13824
llama_model_loader: - kv  18:                 qwen2.attention.head_count u32              = 40
llama_model_loader: - kv  19:              qwen2.attention.head_count_kv u32              = 8
llama_model_loader: - kv  20:                       qwen2.rope.freq_base f32              = 1000000.000000
llama_model_loader: - kv  21:     qwen2.attention.layer_norm_rms_epsilon f32              = 0.000001
llama_model_loader: - kv  22:                          general.file_type u32              = 15
llama_model_loader: - kv  23:                       tokenizer.ggml.model str              = gpt2
llama_model_loader: - kv  24:                         tokenizer.ggml.pre str              = qwen2
llama_model_loader: - kv  25:                      tokenizer.ggml.tokens arr[str,152064]  = ["!", "\"", "#", "$", "%", "&", "'", ...
llama_model_loader: - kv  26:                  tokenizer.ggml.token_type arr[i32,152064]  = [1, 1, 1, 1, 1, 1, 1, 1, 1, 1, 1, 1, ...
llama_model_loader: - kv  27:                      tokenizer.ggml.merges arr[str,151387]  = ["Ġ Ġ", "ĠĠ ĠĠ", "i n", "Ġ t",...
llama_model_loader: - kv  28:                tokenizer.ggml.eos_token_id u32              = 151645
llama_model_loader: - kv  29:            tokenizer.ggml.padding_token_id u32              = 151643
llama_model_loader: - kv  30:                tokenizer.ggml.bos_token_id u32              = 151643
llama_model_loader: - kv  31:               tokenizer.ggml.add_bos_token bool             = false
llama_model_loader: - kv  32:                    tokenizer.chat_template str              = {%- if tools %}\n    {{- '<|im_start|>...
llama_model_loader: - kv  33:               general.quantization_version u32              = 2
llama_model_loader: - type  f32:  241 tensors
llama_model_loader: - type q4_K:  289 tensors
llama_model_loader: - type q6_K:   49 tensors
print_info: file format = GGUF V3 (latest)
print_info: file type   = Q4_K - Medium
print_info: file size   = 8.37 GiB (4.87 BPW) 
load: 0 unused tokens
load: control-looking token: 128247 '</s>' was not control-type; this is probably a bug in the model. its type will be overridden
load: printing all EOG tokens:
load:   - 128247 ('</s>')
load:   - 151643 ('<|endoftext|>')
load:   - 151645 ('<|im_end|>')
load:   - 151662 ('<|fim_pad|>')
load:   - 151663 ('<|repo_name|>')
load:   - 151664 ('<|file_sep|>')
load: special tokens cache size = 23
load: token to piece cache size = 0.9310 MB
print_info: arch                  = qwen2
print_info: vocab_only            = 0
print_info: no_alloc              = 0
print_info: n_ctx_train           = 32768
print_info: n_embd                = 5120
print_info: n_embd_inp            = 5120
print_info: n_layer               = 48
print_info: n_head                = 40
print_info: n_head_kv             = 8
print_info: n_rot                 = 128
print_info: n_swa                 = 0
print_info: is_swa_any            = 0
print_info: n_embd_head_k         = 128
print_info: n_embd_head_v         = 128
print_info: n_gqa                 = 5
print_info: n_embd_k_gqa          = 1024
print_info: n_embd_v_gqa          = 1024
print_info: f_norm_eps            = 0.0e+00
print_info: f_norm_rms_eps        = 1.0e-06
print_info: f_clamp_kqv           = 0.0e+00
print_info: f_max_alibi_bias      = 0.0e+00
print_info: f_logit_scale         = 0.0e+00
print_info: f_attn_scale          = 0.0e+00
print_info: n_ff                  = 13824
print_info: n_expert              = 0
print_info: n_expert_used         = 0
print_info: n_expert_groups       = 0
print_info: n_group_used          = 0
print_info: causal attn           = 1
print_info: pooling type          = -1
print_info: rope type             = 2
print_info: rope scaling          = linear
print_info: freq_base_train       = 1000000.0
print_info: freq_scale_train      = 1
print_info: n_ctx_orig_yarn       = 32768
print_info: rope_yarn_log_mul     = 0.0000
print_info: rope_finetuned        = unknown
print_info: model type            = 14B
print_info: model params          = 14.77 B
print_info: general.name          = Qwen2.5 14B Instruct
print_info: vocab type            = BPE
print_info: n_vocab               = 152064
print_info: n_merges              = 151387
print_info: BOS token             = 151643 '<|endoftext|>'
print_info: EOS token             = 151645 '<|im_end|>'
print_info: EOT token             = 151645 '<|im_end|>'
print_info: PAD token             = 151643 '<|endoftext|>'
print_info: LF token              = 198 'Ċ'
print_info: FIM PRE token         = 151659 '<|fim_prefix|>'
print_info: FIM SUF token         = 151661 '<|fim_suffix|>'
print_info: FIM MID token         = 151660 '<|fim_middle|>'
print_info: FIM PAD token         = 151662 '<|fim_pad|>'
print_info: FIM REP token         = 151663 '<|repo_name|>'
print_info: FIM SEP token         = 151664 '<|file_sep|>'
print_info: EOG token             = 128247 '</s>'
print_info: EOG token             = 151643 '<|endoftext|>'
print_info: EOG token             = 151645 '<|im_end|>'
print_info: EOG token             = 151662 '<|fim_pad|>'
print_info: EOG token             = 151663 '<|repo_name|>'
print_info: EOG token             = 151664 '<|file_sep|>'
print_info: max token length      = 256
load_tensors: loading model tensors, this can take a while... (mmap = true, direct_io = false)
load_tensors: offloading output layer to GPU
load_tensors: offloading 19 repeating layers to GPU
load_tensors: offloaded 20/49 layers to GPU
load_tensors:   CPU_Mapped model buffer size =  4944.60 MiB
load_tensors:        CUDA0 model buffer size =  3621.44 MiB
...........................................................................................
common_init_result: added </s> logit bias = -inf
common_init_result: added <|endoftext|> logit bias = -inf
common_init_result: added <|im_end|> logit bias = -inf
common_init_result: added <|fim_pad|> logit bias = -inf
common_init_result: added <|repo_name|> logit bias = -inf
common_init_result: added <|file_sep|> logit bias = -inf
llama_context: constructing llama_context
llama_context: n_seq_max     = 4
llama_context: n_ctx         = 4096
llama_context: n_ctx_seq     = 4096
llama_context: n_batch       = 2048
llama_context: n_ubatch      = 512
llama_context: causal_attn   = 1
llama_context: flash_attn    = auto
llama_context: kv_unified    = true
llama_context: freq_base     = 1000000.0
llama_context: freq_scale    = 1
llama_context: n_ctx_seq (4096) < n_ctx_train (32768) -- the full capacity of the model will not be utilized
llama_context:  CUDA_Host  output buffer size =     2.32 MiB
llama_kv_cache:        CPU KV buffer size =   464.00 MiB
llama_kv_cache:      CUDA0 KV buffer size =   304.00 MiB
llama_kv_cache: size =  768.00 MiB (  4096 cells,  48 layers,  4/1 seqs), K (f16):  384.00 MiB, V (f16):  384.00 MiB
llama_kv_cache: attn_rot_k = 0
llama_kv_cache: attn_rot_v = 0
sched_reserve: reserving ...
sched_reserve: Flash Attention was auto, set to enabled
sched_reserve: resolving fused Gated Delta Net support:
sched_reserve: fused Gated Delta Net (autoregressive) enabled
sched_reserve: fused Gated Delta Net (chunked) enabled
sched_reserve:      CUDA0 compute buffer size =   317.00 MiB
sched_reserve:  CUDA_Host compute buffer size =    28.01 MiB
sched_reserve: graph nodes  = 1639
sched_reserve: graph splits = 408 (with bs=512), 2 (with bs=1)
sched_reserve: reserve took 9.71 ms, sched copies = 1
common_init_from_params: warming up the model with an empty run - please wait ... (--no-warmup to disable)
srv    load_model: initializing slots, n_slots = 4
no implementations specified for speculative decoding
slot   load_model: id  0 | task -1 | speculative decoding context not initialized
slot   load_model: id  0 | task -1 | new slot, n_ctx = 4096
no implementations specified for speculative decoding
slot   load_model: id  1 | task -1 | speculative decoding context not initialized
slot   load_model: id  1 | task -1 | new slot, n_ctx = 4096
no implementations specified for speculative decoding
slot   load_model: id  2 | task -1 | speculative decoding context not initialized
slot   load_model: id  2 | task -1 | new slot, n_ctx = 4096
no implementations specified for speculative decoding
slot   load_model: id  3 | task -1 | speculative decoding context not initialized
slot   load_model: id  3 | task -1 | new slot, n_ctx = 4096
srv    load_model: prompt cache is enabled, size limit: 8192 MiB
srv    load_model: use `--cache-ram 0` to disable the prompt cache
srv    load_model: for more info see https://github.com/ggml-org/llama.cpp/pull/16391
srv          init: init: idle slots will be saved to prompt cache and cleared upon starting a new task
init: chat template, example_format: '<|im_start|>system
You are a helpful assistant<|im_end|>
<|im_start|>user
Hello<|im_end|>
<|im_start|>assistant
Hi there<|im_end|>
<|im_start|>user
How are you?<|im_end|>
<|im_start|>assistant
'
srv          init: init: chat template, thinking = 0
main: model loaded
main: server is listening on http://0.0.0.0:8080
main: starting the main loop...
srv  update_slots: all slots are idle

========== STOP QWEN ==========


========== START QWEN ==========
ggml_cuda_init: found 1 CUDA devices (Total VRAM: 6140 MiB):
  Device 0: NVIDIA GeForce RTX 4050 Laptop GPU, compute capability 8.9, VMM: yes, VRAM: 6140 MiB
load_backend: loaded CUDA backend from D:\repos\112\Simulator112\llama-b8665-bin-win-cuda-13.1-x64\ggml-cuda.dll
load_backend: loaded RPC backend from D:\repos\112\Simulator112\llama-b8665-bin-win-cuda-13.1-x64\ggml-rpc.dll
load_backend: loaded CPU backend from D:\repos\112\Simulator112\llama-b8665-bin-win-cuda-13.1-x64\ggml-cpu-haswell.dll
main: n_parallel is set to auto, using n_parallel = 4 and kv_unified = true
system info: n_threads = 6, n_threads_batch = 6, total_threads = 16

system_info: n_threads = 6 (n_threads_batch = 6) / 16 | CUDA : ARCHS = 750,800,860,890,1200,1210 | USE_GRAPHS = 1 | PEER_MAX_BATCH_SIZE = 128 | CPU : SSE3 = 1 | SSSE3 = 1 | AVX = 1 | AVX2 = 1 | F16C = 1 | FMA = 1 | BMI2 = 1 | LLAMAFILE = 1 | OPENMP = 1 | REPACK = 1 | 

Running without SSL
init: using 15 threads for HTTP server
start: binding port with default address family
main: loading model
srv    load_model: loading model '.\qwen2.5-14b-instruct-q4_k_m.gguf'
common_init_result: fitting params to device memory, for bugs during this step try to reproduce them with -fit off, or provide --verbose logs if the bug only occurs with -fit on
llama_params_fit_impl: projected to use 4242 MiB of device memory vs. 5080 MiB of free device memory
llama_params_fit_impl: cannot meet free memory target of 1024 MiB, need to reduce device memory by 186 MiB
llama_params_fit_impl: context size set by user to 4096 -> no change
llama_params_fit: failed to fit params to free device memory: n_gpu_layers already set by user to 20, abort
llama_params_fit: fitting params to free memory took 0.34 seconds
llama_model_load_from_file_impl: using device CUDA0 (NVIDIA GeForce RTX 4050 Laptop GPU) (0000:01:00.0) - 5080 MiB free
llama_model_loader: loaded meta data with 34 key-value pairs and 579 tensors from .\qwen2.5-14b-instruct-q4_k_m.gguf (version GGUF V3 (latest))
llama_model_loader: Dumping metadata keys/values. Note: KV overrides do not apply in this output.
llama_model_loader: - kv   0:                       general.architecture str              = qwen2
llama_model_loader: - kv   1:                               general.type str              = model
llama_model_loader: - kv   2:                               general.name str              = Qwen2.5 14B Instruct
llama_model_loader: - kv   3:                           general.finetune str              = Instruct
llama_model_loader: - kv   4:                           general.basename str              = Qwen2.5
llama_model_loader: - kv   5:                         general.size_label str              = 14B
llama_model_loader: - kv   6:                            general.license str              = apache-2.0
llama_model_loader: - kv   7:                       general.license.link str              = https://huggingface.co/Qwen/Qwen2.5-1...
llama_model_loader: - kv   8:                   general.base_model.count u32              = 1
llama_model_loader: - kv   9:                  general.base_model.0.name str              = Qwen2.5 14B
llama_model_loader: - kv  10:          general.base_model.0.organization str              = Qwen
llama_model_loader: - kv  11:              general.base_model.0.repo_url str              = https://huggingface.co/Qwen/Qwen2.5-14B
llama_model_loader: - kv  12:                               general.tags arr[str,2]       = ["chat", "text-generation"]
llama_model_loader: - kv  13:                          general.languages arr[str,1]       = ["en"]
llama_model_loader: - kv  14:                          qwen2.block_count u32              = 48
llama_model_loader: - kv  15:                       qwen2.context_length u32              = 32768
llama_model_loader: - kv  16:                     qwen2.embedding_length u32              = 5120
llama_model_loader: - kv  17:                  qwen2.feed_forward_length u32              = 13824
llama_model_loader: - kv  18:                 qwen2.attention.head_count u32              = 40
llama_model_loader: - kv  19:              qwen2.attention.head_count_kv u32              = 8
llama_model_loader: - kv  20:                       qwen2.rope.freq_base f32              = 1000000.000000
llama_model_loader: - kv  21:     qwen2.attention.layer_norm_rms_epsilon f32              = 0.000001
llama_model_loader: - kv  22:                          general.file_type u32              = 15
llama_model_loader: - kv  23:                       tokenizer.ggml.model str              = gpt2
llama_model_loader: - kv  24:                         tokenizer.ggml.pre str              = qwen2
llama_model_loader: - kv  25:                      tokenizer.ggml.tokens arr[str,152064]  = ["!", "\"", "#", "$", "%", "&", "'", ...
llama_model_loader: - kv  26:                  tokenizer.ggml.token_type arr[i32,152064]  = [1, 1, 1, 1, 1, 1, 1, 1, 1, 1, 1, 1, ...
llama_model_loader: - kv  27:                      tokenizer.ggml.merges arr[str,151387]  = ["Ġ Ġ", "ĠĠ ĠĠ", "i n", "Ġ t",...
llama_model_loader: - kv  28:                tokenizer.ggml.eos_token_id u32              = 151645
llama_model_loader: - kv  29:            tokenizer.ggml.padding_token_id u32              = 151643
llama_model_loader: - kv  30:                tokenizer.ggml.bos_token_id u32              = 151643
llama_model_loader: - kv  31:               tokenizer.ggml.add_bos_token bool             = false
llama_model_loader: - kv  32:                    tokenizer.chat_template str              = {%- if tools %}\n    {{- '<|im_start|>...
llama_model_loader: - kv  33:               general.quantization_version u32              = 2
llama_model_loader: - type  f32:  241 tensors
llama_model_loader: - type q4_K:  289 tensors
llama_model_loader: - type q6_K:   49 tensors
print_info: file format = GGUF V3 (latest)
print_info: file type   = Q4_K - Medium
print_info: file size   = 8.37 GiB (4.87 BPW) 
load: 0 unused tokens
load: control-looking token: 128247 '</s>' was not control-type; this is probably a bug in the model. its type will be overridden
load: printing all EOG tokens:
load:   - 128247 ('</s>')
load:   - 151643 ('<|endoftext|>')
load:   - 151645 ('<|im_end|>')
load:   - 151662 ('<|fim_pad|>')
load:   - 151663 ('<|repo_name|>')
load:   - 151664 ('<|file_sep|>')
load: special tokens cache size = 23
load: token to piece cache size = 0.9310 MB
print_info: arch                  = qwen2
print_info: vocab_only            = 0
print_info: no_alloc              = 0
print_info: n_ctx_train           = 32768
print_info: n_embd                = 5120
print_info: n_embd_inp            = 5120
print_info: n_layer               = 48
print_info: n_head                = 40
print_info: n_head_kv             = 8
print_info: n_rot                 = 128
print_info: n_swa                 = 0
print_info: is_swa_any            = 0
print_info: n_embd_head_k         = 128
print_info: n_embd_head_v         = 128
print_info: n_gqa                 = 5
print_info: n_embd_k_gqa          = 1024
print_info: n_embd_v_gqa          = 1024
print_info: f_norm_eps            = 0.0e+00
print_info: f_norm_rms_eps        = 1.0e-06
print_info: f_clamp_kqv           = 0.0e+00
print_info: f_max_alibi_bias      = 0.0e+00
print_info: f_logit_scale         = 0.0e+00
print_info: f_attn_scale          = 0.0e+00
print_info: n_ff                  = 13824
print_info: n_expert              = 0
print_info: n_expert_used         = 0
print_info: n_expert_groups       = 0
print_info: n_group_used          = 0
print_info: causal attn           = 1
print_info: pooling type          = -1
print_info: rope type             = 2
print_info: rope scaling          = linear
print_info: freq_base_train       = 1000000.0
print_info: freq_scale_train      = 1
print_info: n_ctx_orig_yarn       = 32768
print_info: rope_yarn_log_mul     = 0.0000
print_info: rope_finetuned        = unknown
print_info: model type            = 14B
print_info: model params          = 14.77 B
print_info: general.name          = Qwen2.5 14B Instruct
print_info: vocab type            = BPE
print_info: n_vocab               = 152064
print_info: n_merges              = 151387
print_info: BOS token             = 151643 '<|endoftext|>'
print_info: EOS token             = 151645 '<|im_end|>'
print_info: EOT token             = 151645 '<|im_end|>'
print_info: PAD token             = 151643 '<|endoftext|>'
print_info: LF token              = 198 'Ċ'
print_info: FIM PRE token         = 151659 '<|fim_prefix|>'
print_info: FIM SUF token         = 151661 '<|fim_suffix|>'
print_info: FIM MID token         = 151660 '<|fim_middle|>'
print_info: FIM PAD token         = 151662 '<|fim_pad|>'
print_info: FIM REP token         = 151663 '<|repo_name|>'
print_info: FIM SEP token         = 151664 '<|file_sep|>'
print_info: EOG token             = 128247 '</s>'
print_info: EOG token             = 151643 '<|endoftext|>'
print_info: EOG token             = 151645 '<|im_end|>'
print_info: EOG token             = 151662 '<|fim_pad|>'
print_info: EOG token             = 151663 '<|repo_name|>'
print_info: EOG token             = 151664 '<|file_sep|>'
print_info: max token length      = 256
load_tensors: loading model tensors, this can take a while... (mmap = true, direct_io = false)
load_tensors: offloading output layer to GPU
load_tensors: offloading 19 repeating layers to GPU
load_tensors: offloaded 20/49 layers to GPU
load_tensors:   CPU_Mapped model buffer size =  4944.60 MiB
load_tensors:        CUDA0 model buffer size =  3621.44 MiB
...........................................................................................
common_init_result: added </s> logit bias = -inf
common_init_result: added <|endoftext|> logit bias = -inf
common_init_result: added <|im_end|> logit bias = -inf
common_init_result: added <|fim_pad|> logit bias = -inf
common_init_result: added <|repo_name|> logit bias = -inf
common_init_result: added <|file_sep|> logit bias = -inf
llama_context: constructing llama_context
llama_context: n_seq_max     = 4
llama_context: n_ctx         = 4096
llama_context: n_ctx_seq     = 4096
llama_context: n_batch       = 2048
llama_context: n_ubatch      = 512
llama_context: causal_attn   = 1
llama_context: flash_attn    = auto
llama_context: kv_unified    = true
llama_context: freq_base     = 1000000.0
llama_context: freq_scale    = 1
llama_context: n_ctx_seq (4096) < n_ctx_train (32768) -- the full capacity of the model will not be utilized
llama_context:  CUDA_Host  output buffer size =     2.32 MiB
llama_kv_cache:        CPU KV buffer size =   464.00 MiB
llama_kv_cache:      CUDA0 KV buffer size =   304.00 MiB
llama_kv_cache: size =  768.00 MiB (  4096 cells,  48 layers,  4/1 seqs), K (f16):  384.00 MiB, V (f16):  384.00 MiB
llama_kv_cache: attn_rot_k = 0
llama_kv_cache: attn_rot_v = 0
sched_reserve: reserving ...
sched_reserve: Flash Attention was auto, set to enabled
sched_reserve: resolving fused Gated Delta Net support:
sched_reserve: fused Gated Delta Net (autoregressive) enabled
sched_reserve: fused Gated Delta Net (chunked) enabled
sched_reserve:      CUDA0 compute buffer size =   317.00 MiB
sched_reserve:  CUDA_Host compute buffer size =    28.01 MiB
sched_reserve: graph nodes  = 1639
sched_reserve: graph splits = 408 (with bs=512), 2 (with bs=1)
sched_reserve: reserve took 9.02 ms, sched copies = 1
common_init_from_params: warming up the model with an empty run - please wait ... (--no-warmup to disable)
srv    load_model: initializing slots, n_slots = 4
no implementations specified for speculative decoding
slot   load_model: id  0 | task -1 | speculative decoding context not initialized
slot   load_model: id  0 | task -1 | new slot, n_ctx = 4096
no implementations specified for speculative decoding
slot   load_model: id  1 | task -1 | speculative decoding context not initialized
slot   load_model: id  1 | task -1 | new slot, n_ctx = 4096
no implementations specified for speculative decoding
slot   load_model: id  2 | task -1 | speculative decoding context not initialized
slot   load_model: id  2 | task -1 | new slot, n_ctx = 4096
no implementations specified for speculative decoding
slot   load_model: id  3 | task -1 | speculative decoding context not initialized
slot   load_model: id  3 | task -1 | new slot, n_ctx = 4096
srv    load_model: prompt cache is enabled, size limit: 8192 MiB
srv    load_model: use `--cache-ram 0` to disable the prompt cache
srv    load_model: for more info see https://github.com/ggml-org/llama.cpp/pull/16391
srv          init: init: idle slots will be saved to prompt cache and cleared upon starting a new task
init: chat template, example_format: '<|im_start|>system
You are a helpful assistant<|im_end|>
<|im_start|>user
Hello<|im_end|>
<|im_start|>assistant
Hi there<|im_end|>
<|im_start|>user
How are you?<|im_end|>
<|im_start|>assistant
'
srv          init: init: chat template, thinking = 0
main: model loaded
main: server is listening on http://0.0.0.0:8080
main: starting the main loop...
srv  update_slots: all slots are idle

========== STOP QWEN ==========


========== START QWEN ==========
ggml_cuda_init: found 1 CUDA devices (Total VRAM: 6140 MiB):
  Device 0: NVIDIA GeForce RTX 4050 Laptop GPU, compute capability 8.9, VMM: yes, VRAM: 6140 MiB
load_backend: loaded CUDA backend from D:\repos\112\Simulator112\llama-b8665-bin-win-cuda-13.1-x64\ggml-cuda.dll
load_backend: loaded RPC backend from D:\repos\112\Simulator112\llama-b8665-bin-win-cuda-13.1-x64\ggml-rpc.dll
load_backend: loaded CPU backend from D:\repos\112\Simulator112\llama-b8665-bin-win-cuda-13.1-x64\ggml-cpu-haswell.dll
main: n_parallel is set to auto, using n_parallel = 4 and kv_unified = true
system info: n_threads = 6, n_threads_batch = 6, total_threads = 16

system_info: n_threads = 6 (n_threads_batch = 6) / 16 | CUDA : ARCHS = 750,800,860,890,1200,1210 | USE_GRAPHS = 1 | PEER_MAX_BATCH_SIZE = 128 | CPU : SSE3 = 1 | SSSE3 = 1 | AVX = 1 | AVX2 = 1 | F16C = 1 | FMA = 1 | BMI2 = 1 | LLAMAFILE = 1 | OPENMP = 1 | REPACK = 1 | 

Running without SSL
init: using 15 threads for HTTP server
start: binding port with default address family
main: loading model
srv    load_model: loading model '.\qwen2.5-14b-instruct-q4_k_m.gguf'
common_init_result: fitting params to device memory, for bugs during this step try to reproduce them with -fit off, or provide --verbose logs if the bug only occurs with -fit on
llama_params_fit_impl: projected to use 4242 MiB of device memory vs. 5080 MiB of free device memory
llama_params_fit_impl: cannot meet free memory target of 1024 MiB, need to reduce device memory by 186 MiB
llama_params_fit_impl: context size set by user to 4096 -> no change
llama_params_fit: failed to fit params to free device memory: n_gpu_layers already set by user to 20, abort
llama_params_fit: fitting params to free memory took 0.35 seconds
llama_model_load_from_file_impl: using device CUDA0 (NVIDIA GeForce RTX 4050 Laptop GPU) (0000:01:00.0) - 5080 MiB free
llama_model_loader: loaded meta data with 34 key-value pairs and 579 tensors from .\qwen2.5-14b-instruct-q4_k_m.gguf (version GGUF V3 (latest))
llama_model_loader: Dumping metadata keys/values. Note: KV overrides do not apply in this output.
llama_model_loader: - kv   0:                       general.architecture str              = qwen2
llama_model_loader: - kv   1:                               general.type str              = model
llama_model_loader: - kv   2:                               general.name str              = Qwen2.5 14B Instruct
llama_model_loader: - kv   3:                           general.finetune str              = Instruct
llama_model_loader: - kv   4:                           general.basename str              = Qwen2.5
llama_model_loader: - kv   5:                         general.size_label str              = 14B
llama_model_loader: - kv   6:                            general.license str              = apache-2.0
llama_model_loader: - kv   7:                       general.license.link str              = https://huggingface.co/Qwen/Qwen2.5-1...
llama_model_loader: - kv   8:                   general.base_model.count u32              = 1
llama_model_loader: - kv   9:                  general.base_model.0.name str              = Qwen2.5 14B
llama_model_loader: - kv  10:          general.base_model.0.organization str              = Qwen
llama_model_loader: - kv  11:              general.base_model.0.repo_url str              = https://huggingface.co/Qwen/Qwen2.5-14B
llama_model_loader: - kv  12:                               general.tags arr[str,2]       = ["chat", "text-generation"]
llama_model_loader: - kv  13:                          general.languages arr[str,1]       = ["en"]
llama_model_loader: - kv  14:                          qwen2.block_count u32              = 48
llama_model_loader: - kv  15:                       qwen2.context_length u32              = 32768
llama_model_loader: - kv  16:                     qwen2.embedding_length u32              = 5120
llama_model_loader: - kv  17:                  qwen2.feed_forward_length u32              = 13824
llama_model_loader: - kv  18:                 qwen2.attention.head_count u32              = 40
llama_model_loader: - kv  19:              qwen2.attention.head_count_kv u32              = 8
llama_model_loader: - kv  20:                       qwen2.rope.freq_base f32              = 1000000.000000
llama_model_loader: - kv  21:     qwen2.attention.layer_norm_rms_epsilon f32              = 0.000001
llama_model_loader: - kv  22:                          general.file_type u32              = 15
llama_model_loader: - kv  23:                       tokenizer.ggml.model str              = gpt2
llama_model_loader: - kv  24:                         tokenizer.ggml.pre str              = qwen2
llama_model_loader: - kv  25:                      tokenizer.ggml.tokens arr[str,152064]  = ["!", "\"", "#", "$", "%", "&", "'", ...
llama_model_loader: - kv  26:                  tokenizer.ggml.token_type arr[i32,152064]  = [1, 1, 1, 1, 1, 1, 1, 1, 1, 1, 1, 1, ...
llama_model_loader: - kv  27:                      tokenizer.ggml.merges arr[str,151387]  = ["Ġ Ġ", "ĠĠ ĠĠ", "i n", "Ġ t",...
llama_model_loader: - kv  28:                tokenizer.ggml.eos_token_id u32              = 151645
llama_model_loader: - kv  29:            tokenizer.ggml.padding_token_id u32              = 151643
llama_model_loader: - kv  30:                tokenizer.ggml.bos_token_id u32              = 151643
llama_model_loader: - kv  31:               tokenizer.ggml.add_bos_token bool             = false
llama_model_loader: - kv  32:                    tokenizer.chat_template str              = {%- if tools %}\n    {{- '<|im_start|>...
llama_model_loader: - kv  33:               general.quantization_version u32              = 2
llama_model_loader: - type  f32:  241 tensors
llama_model_loader: - type q4_K:  289 tensors
llama_model_loader: - type q6_K:   49 tensors
print_info: file format = GGUF V3 (latest)
print_info: file type   = Q4_K - Medium
print_info: file size   = 8.37 GiB (4.87 BPW) 
load: 0 unused tokens
load: control-looking token: 128247 '</s>' was not control-type; this is probably a bug in the model. its type will be overridden
load: printing all EOG tokens:
load:   - 128247 ('</s>')
load:   - 151643 ('<|endoftext|>')
load:   - 151645 ('<|im_end|>')
load:   - 151662 ('<|fim_pad|>')
load:   - 151663 ('<|repo_name|>')
load:   - 151664 ('<|file_sep|>')
load: special tokens cache size = 23
load: token to piece cache size = 0.9310 MB
print_info: arch                  = qwen2
print_info: vocab_only            = 0
print_info: no_alloc              = 0
print_info: n_ctx_train           = 32768
print_info: n_embd                = 5120
print_info: n_embd_inp            = 5120
print_info: n_layer               = 48
print_info: n_head                = 40
print_info: n_head_kv             = 8
print_info: n_rot                 = 128
print_info: n_swa                 = 0
print_info: is_swa_any            = 0
print_info: n_embd_head_k         = 128
print_info: n_embd_head_v         = 128
print_info: n_gqa                 = 5
print_info: n_embd_k_gqa          = 1024
print_info: n_embd_v_gqa          = 1024
print_info: f_norm_eps            = 0.0e+00
print_info: f_norm_rms_eps        = 1.0e-06
print_info: f_clamp_kqv           = 0.0e+00
print_info: f_max_alibi_bias      = 0.0e+00
print_info: f_logit_scale         = 0.0e+00
print_info: f_attn_scale          = 0.0e+00
print_info: n_ff                  = 13824
print_info: n_expert              = 0
print_info: n_expert_used         = 0
print_info: n_expert_groups       = 0
print_info: n_group_used          = 0
print_info: causal attn           = 1
print_info: pooling type          = -1
print_info: rope type             = 2
print_info: rope scaling          = linear
print_info: freq_base_train       = 1000000.0
print_info: freq_scale_train      = 1
print_info: n_ctx_orig_yarn       = 32768
print_info: rope_yarn_log_mul     = 0.0000
print_info: rope_finetuned        = unknown
print_info: model type            = 14B
print_info: model params          = 14.77 B
print_info: general.name          = Qwen2.5 14B Instruct
print_info: vocab type            = BPE
print_info: n_vocab               = 152064
print_info: n_merges              = 151387
print_info: BOS token             = 151643 '<|endoftext|>'
print_info: EOS token             = 151645 '<|im_end|>'
print_info: EOT token             = 151645 '<|im_end|>'
print_info: PAD token             = 151643 '<|endoftext|>'
print_info: LF token              = 198 'Ċ'
print_info: FIM PRE token         = 151659 '<|fim_prefix|>'
print_info: FIM SUF token         = 151661 '<|fim_suffix|>'
print_info: FIM MID token         = 151660 '<|fim_middle|>'
print_info: FIM PAD token         = 151662 '<|fim_pad|>'
print_info: FIM REP token         = 151663 '<|repo_name|>'
print_info: FIM SEP token         = 151664 '<|file_sep|>'
print_info: EOG token             = 128247 '</s>'
print_info: EOG token             = 151643 '<|endoftext|>'
print_info: EOG token             = 151645 '<|im_end|>'
print_info: EOG token             = 151662 '<|fim_pad|>'
print_info: EOG token             = 151663 '<|repo_name|>'
print_info: EOG token             = 151664 '<|file_sep|>'
print_info: max token length      = 256
load_tensors: loading model tensors, this can take a while... (mmap = true, direct_io = false)
load_tensors: offloading output layer to GPU
load_tensors: offloading 19 repeating layers to GPU
load_tensors: offloaded 20/49 layers to GPU
load_tensors:   CPU_Mapped model buffer size =  4944.60 MiB
load_tensors:        CUDA0 model buffer size =  3621.44 MiB
...........................................................................................
common_init_result: added </s> logit bias = -inf
common_init_result: added <|endoftext|> logit bias = -inf
common_init_result: added <|im_end|> logit bias = -inf
common_init_result: added <|fim_pad|> logit bias = -inf
common_init_result: added <|repo_name|> logit bias = -inf
common_init_result: added <|file_sep|> logit bias = -inf
llama_context: constructing llama_context
llama_context: n_seq_max     = 4
llama_context: n_ctx         = 4096
llama_context: n_ctx_seq     = 4096
llama_context: n_batch       = 2048
llama_context: n_ubatch      = 512
llama_context: causal_attn   = 1
llama_context: flash_attn    = auto
llama_context: kv_unified    = true
llama_context: freq_base     = 1000000.0
llama_context: freq_scale    = 1
llama_context: n_ctx_seq (4096) < n_ctx_train (32768) -- the full capacity of the model will not be utilized
llama_context:  CUDA_Host  output buffer size =     2.32 MiB
llama_kv_cache:        CPU KV buffer size =   464.00 MiB
llama_kv_cache:      CUDA0 KV buffer size =   304.00 MiB
llama_kv_cache: size =  768.00 MiB (  4096 cells,  48 layers,  4/1 seqs), K (f16):  384.00 MiB, V (f16):  384.00 MiB
llama_kv_cache: attn_rot_k = 0
llama_kv_cache: attn_rot_v = 0
sched_reserve: reserving ...
sched_reserve: Flash Attention was auto, set to enabled
sched_reserve: resolving fused Gated Delta Net support:
sched_reserve: fused Gated Delta Net (autoregressive) enabled
sched_reserve: fused Gated Delta Net (chunked) enabled
sched_reserve:      CUDA0 compute buffer size =   317.00 MiB
sched_reserve:  CUDA_Host compute buffer size =    28.01 MiB
sched_reserve: graph nodes  = 1639
sched_reserve: graph splits = 408 (with bs=512), 2 (with bs=1)
sched_reserve: reserve took 10.88 ms, sched copies = 1
common_init_from_params: warming up the model with an empty run - please wait ... (--no-warmup to disable)

========== STOP QWEN ==========


========== START QWEN ==========
ggml_cuda_init: found 1 CUDA devices (Total VRAM: 6140 MiB):
  Device 0: NVIDIA GeForce RTX 4050 Laptop GPU, compute capability 8.9, VMM: yes, VRAM: 6140 MiB
load_backend: loaded CUDA backend from D:\repos\112\Simulator112\llama-b8665-bin-win-cuda-13.1-x64\ggml-cuda.dll
load_backend: loaded RPC backend from D:\repos\112\Simulator112\llama-b8665-bin-win-cuda-13.1-x64\ggml-rpc.dll
load_backend: loaded CPU backend from D:\repos\112\Simulator112\llama-b8665-bin-win-cuda-13.1-x64\ggml-cpu-haswell.dll
main: n_parallel is set to auto, using n_parallel = 4 and kv_unified = true
system info: n_threads = 6, n_threads_batch = 6, total_threads = 16

system_info: n_threads = 6 (n_threads_batch = 6) / 16 | CUDA : ARCHS = 750,800,860,890,1200,1210 | USE_GRAPHS = 1 | PEER_MAX_BATCH_SIZE = 128 | CPU : SSE3 = 1 | SSSE3 = 1 | AVX = 1 | AVX2 = 1 | F16C = 1 | FMA = 1 | BMI2 = 1 | LLAMAFILE = 1 | OPENMP = 1 | REPACK = 1 | 

Running without SSL
init: using 15 threads for HTTP server
start: binding port with default address family
main: loading model
srv    load_model: loading model '.\qwen2.5-14b-instruct-q4_k_m.gguf'
common_init_result: fitting params to device memory, for bugs during this step try to reproduce them with -fit off, or provide --verbose logs if the bug only occurs with -fit on
llama_params_fit_impl: projected to use 4242 MiB of device memory vs. 5080 MiB of free device memory
llama_params_fit_impl: cannot meet free memory target of 1024 MiB, need to reduce device memory by 186 MiB
llama_params_fit_impl: context size set by user to 4096 -> no change
llama_params_fit: failed to fit params to free device memory: n_gpu_layers already set by user to 20, abort
llama_params_fit: fitting params to free memory took 0.37 seconds
llama_model_load_from_file_impl: using device CUDA0 (NVIDIA GeForce RTX 4050 Laptop GPU) (0000:01:00.0) - 5080 MiB free
llama_model_loader: loaded meta data with 34 key-value pairs and 579 tensors from .\qwen2.5-14b-instruct-q4_k_m.gguf (version GGUF V3 (latest))
llama_model_loader: Dumping metadata keys/values. Note: KV overrides do not apply in this output.
llama_model_loader: - kv   0:                       general.architecture str              = qwen2
llama_model_loader: - kv   1:                               general.type str              = model
llama_model_loader: - kv   2:                               general.name str              = Qwen2.5 14B Instruct
llama_model_loader: - kv   3:                           general.finetune str              = Instruct
llama_model_loader: - kv   4:                           general.basename str              = Qwen2.5
llama_model_loader: - kv   5:                         general.size_label str              = 14B
llama_model_loader: - kv   6:                            general.license str              = apache-2.0
llama_model_loader: - kv   7:                       general.license.link str              = https://huggingface.co/Qwen/Qwen2.5-1...
llama_model_loader: - kv   8:                   general.base_model.count u32              = 1
llama_model_loader: - kv   9:                  general.base_model.0.name str              = Qwen2.5 14B
llama_model_loader: - kv  10:          general.base_model.0.organization str              = Qwen
llama_model_loader: - kv  11:              general.base_model.0.repo_url str              = https://huggingface.co/Qwen/Qwen2.5-14B
llama_model_loader: - kv  12:                               general.tags arr[str,2]       = ["chat", "text-generation"]
llama_model_loader: - kv  13:                          general.languages arr[str,1]       = ["en"]
llama_model_loader: - kv  14:                          qwen2.block_count u32              = 48
llama_model_loader: - kv  15:                       qwen2.context_length u32              = 32768
llama_model_loader: - kv  16:                     qwen2.embedding_length u32              = 5120
llama_model_loader: - kv  17:                  qwen2.feed_forward_length u32              = 13824
llama_model_loader: - kv  18:                 qwen2.attention.head_count u32              = 40
llama_model_loader: - kv  19:              qwen2.attention.head_count_kv u32              = 8
llama_model_loader: - kv  20:                       qwen2.rope.freq_base f32              = 1000000.000000
llama_model_loader: - kv  21:     qwen2.attention.layer_norm_rms_epsilon f32              = 0.000001
llama_model_loader: - kv  22:                          general.file_type u32              = 15
llama_model_loader: - kv  23:                       tokenizer.ggml.model str              = gpt2
llama_model_loader: - kv  24:                         tokenizer.ggml.pre str              = qwen2
llama_model_loader: - kv  25:                      tokenizer.ggml.tokens arr[str,152064]  = ["!", "\"", "#", "$", "%", "&", "'", ...
llama_model_loader: - kv  26:                  tokenizer.ggml.token_type arr[i32,152064]  = [1, 1, 1, 1, 1, 1, 1, 1, 1, 1, 1, 1, ...
llama_model_loader: - kv  27:                      tokenizer.ggml.merges arr[str,151387]  = ["Ġ Ġ", "ĠĠ ĠĠ", "i n", "Ġ t",...
llama_model_loader: - kv  28:                tokenizer.ggml.eos_token_id u32              = 151645
llama_model_loader: - kv  29:            tokenizer.ggml.padding_token_id u32              = 151643
llama_model_loader: - kv  30:                tokenizer.ggml.bos_token_id u32              = 151643
llama_model_loader: - kv  31:               tokenizer.ggml.add_bos_token bool             = false
llama_model_loader: - kv  32:                    tokenizer.chat_template str              = {%- if tools %}\n    {{- '<|im_start|>...
llama_model_loader: - kv  33:               general.quantization_version u32              = 2
llama_model_loader: - type  f32:  241 tensors
llama_model_loader: - type q4_K:  289 tensors
llama_model_loader: - type q6_K:   49 tensors
print_info: file format = GGUF V3 (latest)
print_info: file type   = Q4_K - Medium
print_info: file size   = 8.37 GiB (4.87 BPW) 
load: 0 unused tokens
load: control-looking token: 128247 '</s>' was not control-type; this is probably a bug in the model. its type will be overridden
load: printing all EOG tokens:
load:   - 128247 ('</s>')
load:   - 151643 ('<|endoftext|>')
load:   - 151645 ('<|im_end|>')
load:   - 151662 ('<|fim_pad|>')
load:   - 151663 ('<|repo_name|>')
load:   - 151664 ('<|file_sep|>')
load: special tokens cache size = 23
load: token to piece cache size = 0.9310 MB
print_info: arch                  = qwen2
print_info: vocab_only            = 0
print_info: no_alloc              = 0
print_info: n_ctx_train           = 32768
print_info: n_embd                = 5120
print_info: n_embd_inp            = 5120
print_info: n_layer               = 48
print_info: n_head                = 40
print_info: n_head_kv             = 8
print_info: n_rot                 = 128
print_info: n_swa                 = 0
print_info: is_swa_any            = 0
print_info: n_embd_head_k         = 128
print_info: n_embd_head_v         = 128
print_info: n_gqa                 = 5
print_info: n_embd_k_gqa          = 1024
print_info: n_embd_v_gqa          = 1024
print_info: f_norm_eps            = 0.0e+00
print_info: f_norm_rms_eps        = 1.0e-06
print_info: f_clamp_kqv           = 0.0e+00
print_info: f_max_alibi_bias      = 0.0e+00
print_info: f_logit_scale         = 0.0e+00
print_info: f_attn_scale          = 0.0e+00
print_info: n_ff                  = 13824
print_info: n_expert              = 0
print_info: n_expert_used         = 0
print_info: n_expert_groups       = 0
print_info: n_group_used          = 0
print_info: causal attn           = 1
print_info: pooling type          = -1
print_info: rope type             = 2
print_info: rope scaling          = linear
print_info: freq_base_train       = 1000000.0
print_info: freq_scale_train      = 1
print_info: n_ctx_orig_yarn       = 32768
print_info: rope_yarn_log_mul     = 0.0000
print_info: rope_finetuned        = unknown
print_info: model type            = 14B
print_info: model params          = 14.77 B
print_info: general.name          = Qwen2.5 14B Instruct
print_info: vocab type            = BPE
print_info: n_vocab               = 152064
print_info: n_merges              = 151387
print_info: BOS token             = 151643 '<|endoftext|>'
print_info: EOS token             = 151645 '<|im_end|>'
print_info: EOT token             = 151645 '<|im_end|>'
print_info: PAD token             = 151643 '<|endoftext|>'
print_info: LF token              = 198 'Ċ'
print_info: FIM PRE token         = 151659 '<|fim_prefix|>'
print_info: FIM SUF token         = 151661 '<|fim_suffix|>'
print_info: FIM MID token         = 151660 '<|fim_middle|>'
print_info: FIM PAD token         = 151662 '<|fim_pad|>'
print_info: FIM REP token         = 151663 '<|repo_name|>'
print_info: FIM SEP token         = 151664 '<|file_sep|>'
print_info: EOG token             = 128247 '</s>'
print_info: EOG token             = 151643 '<|endoftext|>'
print_info: EOG token             = 151645 '<|im_end|>'
print_info: EOG token             = 151662 '<|fim_pad|>'
print_info: EOG token             = 151663 '<|repo_name|>'
print_info: EOG token             = 151664 '<|file_sep|>'
print_info: max token length      = 256
load_tensors: loading model tensors, this can take a while... (mmap = true, direct_io = false)
load_tensors: offloading output layer to GPU
load_tensors: offloading 19 repeating layers to GPU
load_tensors: offloaded 20/49 layers to GPU
load_tensors:   CPU_Mapped model buffer size =  4944.60 MiB
load_tensors:        CUDA0 model buffer size =  3621.44 MiB
...........................................................................................
common_init_result: added </s> logit bias = -inf
common_init_result: added <|endoftext|> logit bias = -inf
common_init_result: added <|im_end|> logit bias = -inf
common_init_result: added <|fim_pad|> logit bias = -inf
common_init_result: added <|repo_name|> logit bias = -inf
common_init_result: added <|file_sep|> logit bias = -inf
llama_context: constructing llama_context
llama_context: n_seq_max     = 4
llama_context: n_ctx         = 4096
llama_context: n_ctx_seq     = 4096
llama_context: n_batch       = 2048
llama_context: n_ubatch      = 512
llama_context: causal_attn   = 1
llama_context: flash_attn    = auto
llama_context: kv_unified    = true
llama_context: freq_base     = 1000000.0
llama_context: freq_scale    = 1
llama_context: n_ctx_seq (4096) < n_ctx_train (32768) -- the full capacity of the model will not be utilized
llama_context:  CUDA_Host  output buffer size =     2.32 MiB
llama_kv_cache:        CPU KV buffer size =   464.00 MiB
llama_kv_cache:      CUDA0 KV buffer size =   304.00 MiB
llama_kv_cache: size =  768.00 MiB (  4096 cells,  48 layers,  4/1 seqs), K (f16):  384.00 MiB, V (f16):  384.00 MiB
llama_kv_cache: attn_rot_k = 0
llama_kv_cache: attn_rot_v = 0
sched_reserve: reserving ...
sched_reserve: Flash Attention was auto, set to enabled
sched_reserve: resolving fused Gated Delta Net support:
sched_reserve: fused Gated Delta Net (autoregressive) enabled
sched_reserve: fused Gated Delta Net (chunked) enabled
sched_reserve:      CUDA0 compute buffer size =   317.00 MiB
sched_reserve:  CUDA_Host compute buffer size =    28.01 MiB
sched_reserve: graph nodes  = 1639
sched_reserve: graph splits = 408 (with bs=512), 2 (with bs=1)
sched_reserve: reserve took 12.69 ms, sched copies = 1
common_init_from_params: warming up the model with an empty run - please wait ... (--no-warmup to disable)
srv    load_model: initializing slots, n_slots = 4
no implementations specified for speculative decoding
slot   load_model: id  0 | task -1 | speculative decoding context not initialized
slot   load_model: id  0 | task -1 | new slot, n_ctx = 4096
no implementations specified for speculative decoding
slot   load_model: id  1 | task -1 | speculative decoding context not initialized
slot   load_model: id  1 | task -1 | new slot, n_ctx = 4096
no implementations specified for speculative decoding
slot   load_model: id  2 | task -1 | speculative decoding context not initialized
slot   load_model: id  2 | task -1 | new slot, n_ctx = 4096
no implementations specified for speculative decoding
slot   load_model: id  3 | task -1 | speculative decoding context not initialized
slot   load_model: id  3 | task -1 | new slot, n_ctx = 4096
srv    load_model: prompt cache is enabled, size limit: 8192 MiB
srv    load_model: use `--cache-ram 0` to disable the prompt cache
srv    load_model: for more info see https://github.com/ggml-org/llama.cpp/pull/16391
srv          init: init: idle slots will be saved to prompt cache and cleared upon starting a new task
init: chat template, example_format: '<|im_start|>system
You are a helpful assistant<|im_end|>
<|im_start|>user
Hello<|im_end|>
<|im_start|>assistant
Hi there<|im_end|>
<|im_start|>user
How are you?<|im_end|>
<|im_start|>assistant
'
srv          init: init: chat template, thinking = 0
main: model loaded
main: server is listening on http://0.0.0.0:8080
main: starting the main loop...
srv  update_slots: all slots are idle
srv  params_from_: Chat format: peg-native
slot get_availabl: id  3 | task -1 | selected slot by LRU, t_last = -1
srv  get_availabl: updating prompt cache
srv          load:  - looking for better prompt, base f_keep = -1.000, sim = 0.000
srv        update:  - cache state: 0 prompts, 0.000 MiB (limits: 8192.000 MiB, 4096 tokens, 8589934592 est)
srv  get_availabl: prompt cache update took 0.43 ms
slot launch_slot_: id  3 | task -1 | sampler chain: logits -> penalties -> ?dry -> ?top-n-sigma -> top-k -> ?typical -> top-p -> min-p -> ?xtc -> temp-ext -> dist 
slot launch_slot_: id  3 | task 0 | processing task, is_child = 0
slot update_slots: id  3 | task 0 | new prompt, n_ctx_slot = 4096, n_keep = 0, task.n_tokens = 425
slot update_slots: id  3 | task 0 | n_tokens = 0, memory_seq_rm [0, end)
slot init_sampler: id  3 | task 0 | init sampler, took 0.51 ms, tokens: text = 425, total = 425
slot update_slots: id  3 | task 0 | prompt processing done, n_tokens = 425, batch.n_tokens = 425
slot print_timing: id  3 | task 0 | 
prompt eval time =    1622.01 ms /   425 tokens (    3.82 ms per token,   262.02 tokens per second)
       eval time =   13861.43 ms /    76 tokens (  182.39 ms per token,     5.48 tokens per second)
      total time =   15483.45 ms /   501 tokens
slot      release: id  3 | task 0 | stop processing: n_tokens = 500, truncated = 0
srv  update_slots: all slots are idle
srv  log_server_r: done request: POST /v1/chat/completions 127.0.0.1 200
slot get_availabl: id  2 | task -1 | selected slot by LRU, t_last = -1
srv  get_availabl: updating prompt cache
srv          load:  - looking for better prompt, base f_keep = -1.000, sim = 0.000
srv        update:  - cache state: 0 prompts, 0.000 MiB (limits: 8192.000 MiB, 4096 tokens, 8589934592 est)
srv  get_availabl: prompt cache update took 0.02 ms
slot launch_slot_: id  2 | task -1 | sampler chain: logits -> penalties -> ?dry -> ?top-n-sigma -> top-k -> ?typical -> top-p -> min-p -> ?xtc -> temp-ext -> dist 
slot launch_slot_: id  2 | task 77 | processing task, is_child = 0
slot slot_save_an: id  3 | task -1 | saving idle slot to prompt cache
srv   prompt_save:  - saving prompt with length 500, total state size = 93.757 MiB
slot prompt_clear: id  3 | task -1 | clearing prompt with 500 tokens
srv        update:  - cache state: 1 prompts, 93.757 MiB (limits: 8192.000 MiB, 4096 tokens, 43687 est)
srv        update:    - prompt 0000019510FF43D0:     500 tokens, checkpoints:  0,    93.757 MiB
slot update_slots: id  2 | task 77 | new prompt, n_ctx_slot = 4096, n_keep = 0, task.n_tokens = 815
slot update_slots: id  2 | task 77 | n_tokens = 0, memory_seq_rm [0, end)
slot init_sampler: id  2 | task 77 | init sampler, took 0.13 ms, tokens: text = 815, total = 815
slot update_slots: id  2 | task 77 | prompt processing done, n_tokens = 815, batch.n_tokens = 815
srv  log_server_r: done request: POST /completion 127.0.0.1 200
slot print_timing: id  2 | task 77 | 
prompt eval time =    2311.48 ms /   815 tokens (    2.84 ms per token,   352.59 tokens per second)
       eval time =    5774.08 ms /    31 tokens (  186.26 ms per token,     5.37 tokens per second)
      total time =    8085.56 ms /   846 tokens
slot      release: id  2 | task 77 | stop processing: n_tokens = 845, truncated = 0
srv  update_slots: all slots are idle

========== STOP QWEN ==========


========== START QWEN ==========
ggml_cuda_init: found 1 CUDA devices (Total VRAM: 6140 MiB):
  Device 0: NVIDIA GeForce RTX 4050 Laptop GPU, compute capability 8.9, VMM: yes, VRAM: 6140 MiB
load_backend: loaded CUDA backend from D:\repos\112\Simulator112\llama-b8665-bin-win-cuda-13.1-x64\ggml-cuda.dll
load_backend: loaded RPC backend from D:\repos\112\Simulator112\llama-b8665-bin-win-cuda-13.1-x64\ggml-rpc.dll
load_backend: loaded CPU backend from D:\repos\112\Simulator112\llama-b8665-bin-win-cuda-13.1-x64\ggml-cpu-haswell.dll
main: n_parallel is set to auto, using n_parallel = 4 and kv_unified = true
system info: n_threads = 6, n_threads_batch = 6, total_threads = 16

system_info: n_threads = 6 (n_threads_batch = 6) / 16 | CUDA : ARCHS = 750,800,860,890,1200,1210 | USE_GRAPHS = 1 | PEER_MAX_BATCH_SIZE = 128 | CPU : SSE3 = 1 | SSSE3 = 1 | AVX = 1 | AVX2 = 1 | F16C = 1 | FMA = 1 | BMI2 = 1 | LLAMAFILE = 1 | OPENMP = 1 | REPACK = 1 | 

Running without SSL
init: using 15 threads for HTTP server
start: binding port with default address family
main: loading model
srv    load_model: loading model '.\qwen2.5-14b-instruct-q4_k_m.gguf'
common_init_result: fitting params to device memory, for bugs during this step try to reproduce them with -fit off, or provide --verbose logs if the bug only occurs with -fit on
llama_params_fit_impl: projected to use 4242 MiB of device memory vs. 5080 MiB of free device memory
llama_params_fit_impl: cannot meet free memory target of 1024 MiB, need to reduce device memory by 186 MiB
llama_params_fit_impl: context size set by user to 4096 -> no change
llama_params_fit: failed to fit params to free device memory: n_gpu_layers already set by user to 20, abort
llama_params_fit: fitting params to free memory took 0.40 seconds
llama_model_load_from_file_impl: using device CUDA0 (NVIDIA GeForce RTX 4050 Laptop GPU) (0000:01:00.0) - 5080 MiB free
llama_model_loader: loaded meta data with 34 key-value pairs and 579 tensors from .\qwen2.5-14b-instruct-q4_k_m.gguf (version GGUF V3 (latest))
llama_model_loader: Dumping metadata keys/values. Note: KV overrides do not apply in this output.
llama_model_loader: - kv   0:                       general.architecture str              = qwen2
llama_model_loader: - kv   1:                               general.type str              = model
llama_model_loader: - kv   2:                               general.name str              = Qwen2.5 14B Instruct
llama_model_loader: - kv   3:                           general.finetune str              = Instruct
llama_model_loader: - kv   4:                           general.basename str              = Qwen2.5
llama_model_loader: - kv   5:                         general.size_label str              = 14B
llama_model_loader: - kv   6:                            general.license str              = apache-2.0
llama_model_loader: - kv   7:                       general.license.link str              = https://huggingface.co/Qwen/Qwen2.5-1...
llama_model_loader: - kv   8:                   general.base_model.count u32              = 1
llama_model_loader: - kv   9:                  general.base_model.0.name str              = Qwen2.5 14B
llama_model_loader: - kv  10:          general.base_model.0.organization str              = Qwen
llama_model_loader: - kv  11:              general.base_model.0.repo_url str              = https://huggingface.co/Qwen/Qwen2.5-14B
llama_model_loader: - kv  12:                               general.tags arr[str,2]       = ["chat", "text-generation"]
llama_model_loader: - kv  13:                          general.languages arr[str,1]       = ["en"]
llama_model_loader: - kv  14:                          qwen2.block_count u32              = 48
llama_model_loader: - kv  15:                       qwen2.context_length u32              = 32768
llama_model_loader: - kv  16:                     qwen2.embedding_length u32              = 5120
llama_model_loader: - kv  17:                  qwen2.feed_forward_length u32              = 13824
llama_model_loader: - kv  18:                 qwen2.attention.head_count u32              = 40
llama_model_loader: - kv  19:              qwen2.attention.head_count_kv u32              = 8
llama_model_loader: - kv  20:                       qwen2.rope.freq_base f32              = 1000000.000000
llama_model_loader: - kv  21:     qwen2.attention.layer_norm_rms_epsilon f32              = 0.000001
llama_model_loader: - kv  22:                          general.file_type u32              = 15
llama_model_loader: - kv  23:                       tokenizer.ggml.model str              = gpt2
llama_model_loader: - kv  24:                         tokenizer.ggml.pre str              = qwen2
llama_model_loader: - kv  25:                      tokenizer.ggml.tokens arr[str,152064]  = ["!", "\"", "#", "$", "%", "&", "'", ...
llama_model_loader: - kv  26:                  tokenizer.ggml.token_type arr[i32,152064]  = [1, 1, 1, 1, 1, 1, 1, 1, 1, 1, 1, 1, ...
llama_model_loader: - kv  27:                      tokenizer.ggml.merges arr[str,151387]  = ["Ġ Ġ", "ĠĠ ĠĠ", "i n", "Ġ t",...
llama_model_loader: - kv  28:                tokenizer.ggml.eos_token_id u32              = 151645
llama_model_loader: - kv  29:            tokenizer.ggml.padding_token_id u32              = 151643
llama_model_loader: - kv  30:                tokenizer.ggml.bos_token_id u32              = 151643
llama_model_loader: - kv  31:               tokenizer.ggml.add_bos_token bool             = false
llama_model_loader: - kv  32:                    tokenizer.chat_template str              = {%- if tools %}\n    {{- '<|im_start|>...
llama_model_loader: - kv  33:               general.quantization_version u32              = 2
llama_model_loader: - type  f32:  241 tensors
llama_model_loader: - type q4_K:  289 tensors
llama_model_loader: - type q6_K:   49 tensors
print_info: file format = GGUF V3 (latest)
print_info: file type   = Q4_K - Medium
print_info: file size   = 8.37 GiB (4.87 BPW) 
load: 0 unused tokens
load: control-looking token: 128247 '</s>' was not control-type; this is probably a bug in the model. its type will be overridden
load: printing all EOG tokens:
load:   - 128247 ('</s>')
load:   - 151643 ('<|endoftext|>')
load:   - 151645 ('<|im_end|>')
load:   - 151662 ('<|fim_pad|>')
load:   - 151663 ('<|repo_name|>')
load:   - 151664 ('<|file_sep|>')
load: special tokens cache size = 23
load: token to piece cache size = 0.9310 MB
print_info: arch                  = qwen2
print_info: vocab_only            = 0
print_info: no_alloc              = 0
print_info: n_ctx_train           = 32768
print_info: n_embd                = 5120
print_info: n_embd_inp            = 5120
print_info: n_layer               = 48
print_info: n_head                = 40
print_info: n_head_kv             = 8
print_info: n_rot                 = 128
print_info: n_swa                 = 0
print_info: is_swa_any            = 0
print_info: n_embd_head_k         = 128
print_info: n_embd_head_v         = 128
print_info: n_gqa                 = 5
print_info: n_embd_k_gqa          = 1024
print_info: n_embd_v_gqa          = 1024
print_info: f_norm_eps            = 0.0e+00
print_info: f_norm_rms_eps        = 1.0e-06
print_info: f_clamp_kqv           = 0.0e+00
print_info: f_max_alibi_bias      = 0.0e+00
print_info: f_logit_scale         = 0.0e+00
print_info: f_attn_scale          = 0.0e+00
print_info: n_ff                  = 13824
print_info: n_expert              = 0
print_info: n_expert_used         = 0
print_info: n_expert_groups       = 0
print_info: n_group_used          = 0
print_info: causal attn           = 1
print_info: pooling type          = -1
print_info: rope type             = 2
print_info: rope scaling          = linear
print_info: freq_base_train       = 1000000.0
print_info: freq_scale_train      = 1
print_info: n_ctx_orig_yarn       = 32768
print_info: rope_yarn_log_mul     = 0.0000
print_info: rope_finetuned        = unknown
print_info: model type            = 14B
print_info: model params          = 14.77 B
print_info: general.name          = Qwen2.5 14B Instruct
print_info: vocab type            = BPE
print_info: n_vocab               = 152064
print_info: n_merges              = 151387
print_info: BOS token             = 151643 '<|endoftext|>'
print_info: EOS token             = 151645 '<|im_end|>'
print_info: EOT token             = 151645 '<|im_end|>'
print_info: PAD token             = 151643 '<|endoftext|>'
print_info: LF token              = 198 'Ċ'
print_info: FIM PRE token         = 151659 '<|fim_prefix|>'
print_info: FIM SUF token         = 151661 '<|fim_suffix|>'
print_info: FIM MID token         = 151660 '<|fim_middle|>'
print_info: FIM PAD token         = 151662 '<|fim_pad|>'
print_info: FIM REP token         = 151663 '<|repo_name|>'
print_info: FIM SEP token         = 151664 '<|file_sep|>'
print_info: EOG token             = 128247 '</s>'
print_info: EOG token             = 151643 '<|endoftext|>'
print_info: EOG token             = 151645 '<|im_end|>'
print_info: EOG token             = 151662 '<|fim_pad|>'
print_info: EOG token             = 151663 '<|repo_name|>'
print_info: EOG token             = 151664 '<|file_sep|>'
print_info: max token length      = 256
load_tensors: loading model tensors, this can take a while... (mmap = true, direct_io = false)
load_tensors: offloading output layer to GPU
load_tensors: offloading 19 repeating layers to GPU
load_tensors: offloaded 20/49 layers to GPU
load_tensors:   CPU_Mapped model buffer size =  4944.60 MiB
load_tensors:        CUDA0 model buffer size =  3621.44 MiB
...........................................................................................
common_init_result: added </s> logit bias = -inf
common_init_result: added <|endoftext|> logit bias = -inf
common_init_result: added <|im_end|> logit bias = -inf
common_init_result: added <|fim_pad|> logit bias = -inf
common_init_result: added <|repo_name|> logit bias = -inf
common_init_result: added <|file_sep|> logit bias = -inf
llama_context: constructing llama_context
llama_context: n_seq_max     = 4
llama_context: n_ctx         = 4096
llama_context: n_ctx_seq     = 4096
llama_context: n_batch       = 2048
llama_context: n_ubatch      = 512
llama_context: causal_attn   = 1
llama_context: flash_attn    = auto
llama_context: kv_unified    = true
llama_context: freq_base     = 1000000.0
llama_context: freq_scale    = 1
llama_context: n_ctx_seq (4096) < n_ctx_train (32768) -- the full capacity of the model will not be utilized
llama_context:  CUDA_Host  output buffer size =     2.32 MiB
llama_kv_cache:        CPU KV buffer size =   464.00 MiB
llama_kv_cache:      CUDA0 KV buffer size =   304.00 MiB
llama_kv_cache: size =  768.00 MiB (  4096 cells,  48 layers,  4/1 seqs), K (f16):  384.00 MiB, V (f16):  384.00 MiB
llama_kv_cache: attn_rot_k = 0
llama_kv_cache: attn_rot_v = 0
sched_reserve: reserving ...
sched_reserve: Flash Attention was auto, set to enabled
sched_reserve: resolving fused Gated Delta Net support:
sched_reserve: fused Gated Delta Net (autoregressive) enabled
sched_reserve: fused Gated Delta Net (chunked) enabled
sched_reserve:      CUDA0 compute buffer size =   317.00 MiB
sched_reserve:  CUDA_Host compute buffer size =    28.01 MiB
sched_reserve: graph nodes  = 1639
sched_reserve: graph splits = 408 (with bs=512), 2 (with bs=1)
sched_reserve: reserve took 16.03 ms, sched copies = 1
common_init_from_params: warming up the model with an empty run - please wait ... (--no-warmup to disable)
srv    load_model: initializing slots, n_slots = 4
no implementations specified for speculative decoding
slot   load_model: id  0 | task -1 | speculative decoding context not initialized
slot   load_model: id  0 | task -1 | new slot, n_ctx = 4096
no implementations specified for speculative decoding
slot   load_model: id  1 | task -1 | speculative decoding context not initialized
slot   load_model: id  1 | task -1 | new slot, n_ctx = 4096
no implementations specified for speculative decoding
slot   load_model: id  2 | task -1 | speculative decoding context not initialized
slot   load_model: id  2 | task -1 | new slot, n_ctx = 4096
no implementations specified for speculative decoding
slot   load_model: id  3 | task -1 | speculative decoding context not initialized
slot   load_model: id  3 | task -1 | new slot, n_ctx = 4096
srv    load_model: prompt cache is enabled, size limit: 8192 MiB
srv    load_model: use `--cache-ram 0` to disable the prompt cache
srv    load_model: for more info see https://github.com/ggml-org/llama.cpp/pull/16391
srv          init: init: idle slots will be saved to prompt cache and cleared upon starting a new task
init: chat template, example_format: '<|im_start|>system
You are a helpful assistant<|im_end|>
<|im_start|>user
Hello<|im_end|>
<|im_start|>assistant
Hi there<|im_end|>
<|im_start|>user
How are you?<|im_end|>
<|im_start|>assistant
'
srv          init: init: chat template, thinking = 0
main: model loaded
main: server is listening on http://0.0.0.0:8080
main: starting the main loop...
srv  update_slots: all slots are idle

========== STOP QWEN ==========


========== START QWEN ==========
ggml_cuda_init: found 1 CUDA devices (Total VRAM: 6140 MiB):
  Device 0: NVIDIA GeForce RTX 4050 Laptop GPU, compute capability 8.9, VMM: yes, VRAM: 6140 MiB
load_backend: loaded CUDA backend from D:\repos\112\Simulator112\llama-b8665-bin-win-cuda-13.1-x64\ggml-cuda.dll
load_backend: loaded RPC backend from D:\repos\112\Simulator112\llama-b8665-bin-win-cuda-13.1-x64\ggml-rpc.dll
load_backend: loaded CPU backend from D:\repos\112\Simulator112\llama-b8665-bin-win-cuda-13.1-x64\ggml-cpu-haswell.dll
main: n_parallel is set to auto, using n_parallel = 4 and kv_unified = true
system info: n_threads = 6, n_threads_batch = 6, total_threads = 16

system_info: n_threads = 6 (n_threads_batch = 6) / 16 | CUDA : ARCHS = 750,800,860,890,1200,1210 | USE_GRAPHS = 1 | PEER_MAX_BATCH_SIZE = 128 | CPU : SSE3 = 1 | SSSE3 = 1 | AVX = 1 | AVX2 = 1 | F16C = 1 | FMA = 1 | BMI2 = 1 | LLAMAFILE = 1 | OPENMP = 1 | REPACK = 1 | 

Running without SSL
init: using 15 threads for HTTP server
start: binding port with default address family
main: loading model
srv    load_model: loading model '.\qwen2.5-14b-instruct-q4_k_m.gguf'
common_init_result: fitting params to device memory, for bugs during this step try to reproduce them with -fit off, or provide --verbose logs if the bug only occurs with -fit on
llama_params_fit_impl: projected to use 4242 MiB of device memory vs. 5080 MiB of free device memory
llama_params_fit_impl: cannot meet free memory target of 1024 MiB, need to reduce device memory by 186 MiB
llama_params_fit_impl: context size set by user to 4096 -> no change
llama_params_fit: failed to fit params to free device memory: n_gpu_layers already set by user to 20, abort
llama_params_fit: fitting params to free memory took 0.74 seconds
llama_model_load_from_file_impl: using device CUDA0 (NVIDIA GeForce RTX 4050 Laptop GPU) (0000:01:00.0) - 5080 MiB free
llama_model_loader: loaded meta data with 34 key-value pairs and 579 tensors from .\qwen2.5-14b-instruct-q4_k_m.gguf (version GGUF V3 (latest))
llama_model_loader: Dumping metadata keys/values. Note: KV overrides do not apply in this output.
llama_model_loader: - kv   0:                       general.architecture str              = qwen2
llama_model_loader: - kv   1:                               general.type str              = model
llama_model_loader: - kv   2:                               general.name str              = Qwen2.5 14B Instruct
llama_model_loader: - kv   3:                           general.finetune str              = Instruct
llama_model_loader: - kv   4:                           general.basename str              = Qwen2.5
llama_model_loader: - kv   5:                         general.size_label str              = 14B
llama_model_loader: - kv   6:                            general.license str              = apache-2.0
llama_model_loader: - kv   7:                       general.license.link str              = https://huggingface.co/Qwen/Qwen2.5-1...
llama_model_loader: - kv   8:                   general.base_model.count u32              = 1
llama_model_loader: - kv   9:                  general.base_model.0.name str              = Qwen2.5 14B
llama_model_loader: - kv  10:          general.base_model.0.organization str              = Qwen
llama_model_loader: - kv  11:              general.base_model.0.repo_url str              = https://huggingface.co/Qwen/Qwen2.5-14B
llama_model_loader: - kv  12:                               general.tags arr[str,2]       = ["chat", "text-generation"]
llama_model_loader: - kv  13:                          general.languages arr[str,1]       = ["en"]
llama_model_loader: - kv  14:                          qwen2.block_count u32              = 48
llama_model_loader: - kv  15:                       qwen2.context_length u32              = 32768
llama_model_loader: - kv  16:                     qwen2.embedding_length u32              = 5120
llama_model_loader: - kv  17:                  qwen2.feed_forward_length u32              = 13824
llama_model_loader: - kv  18:                 qwen2.attention.head_count u32              = 40
llama_model_loader: - kv  19:              qwen2.attention.head_count_kv u32              = 8
llama_model_loader: - kv  20:                       qwen2.rope.freq_base f32              = 1000000.000000
llama_model_loader: - kv  21:     qwen2.attention.layer_norm_rms_epsilon f32              = 0.000001
llama_model_loader: - kv  22:                          general.file_type u32              = 15
llama_model_loader: - kv  23:                       tokenizer.ggml.model str              = gpt2
llama_model_loader: - kv  24:                         tokenizer.ggml.pre str              = qwen2
llama_model_loader: - kv  25:                      tokenizer.ggml.tokens arr[str,152064]  = ["!", "\"", "#", "$", "%", "&", "'", ...
llama_model_loader: - kv  26:                  tokenizer.ggml.token_type arr[i32,152064]  = [1, 1, 1, 1, 1, 1, 1, 1, 1, 1, 1, 1, ...
llama_model_loader: - kv  27:                      tokenizer.ggml.merges arr[str,151387]  = ["Ġ Ġ", "ĠĠ ĠĠ", "i n", "Ġ t",...
llama_model_loader: - kv  28:                tokenizer.ggml.eos_token_id u32              = 151645
llama_model_loader: - kv  29:            tokenizer.ggml.padding_token_id u32              = 151643
llama_model_loader: - kv  30:                tokenizer.ggml.bos_token_id u32              = 151643
llama_model_loader: - kv  31:               tokenizer.ggml.add_bos_token bool             = false
llama_model_loader: - kv  32:                    tokenizer.chat_template str              = {%- if tools %}\n    {{- '<|im_start|>...
llama_model_loader: - kv  33:               general.quantization_version u32              = 2
llama_model_loader: - type  f32:  241 tensors
llama_model_loader: - type q4_K:  289 tensors
llama_model_loader: - type q6_K:   49 tensors
print_info: file format = GGUF V3 (latest)
print_info: file type   = Q4_K - Medium
print_info: file size   = 8.37 GiB (4.87 BPW) 
load: 0 unused tokens
load: control-looking token: 128247 '</s>' was not control-type; this is probably a bug in the model. its type will be overridden
load: printing all EOG tokens:
load:   - 128247 ('</s>')
load:   - 151643 ('<|endoftext|>')
load:   - 151645 ('<|im_end|>')
load:   - 151662 ('<|fim_pad|>')
load:   - 151663 ('<|repo_name|>')
load:   - 151664 ('<|file_sep|>')
load: special tokens cache size = 23
load: token to piece cache size = 0.9310 MB
print_info: arch                  = qwen2
print_info: vocab_only            = 0
print_info: no_alloc              = 0
print_info: n_ctx_train           = 32768
print_info: n_embd                = 5120
print_info: n_embd_inp            = 5120
print_info: n_layer               = 48
print_info: n_head                = 40
print_info: n_head_kv             = 8
print_info: n_rot                 = 128
print_info: n_swa                 = 0
print_info: is_swa_any            = 0
print_info: n_embd_head_k         = 128
print_info: n_embd_head_v         = 128
print_info: n_gqa                 = 5
print_info: n_embd_k_gqa          = 1024
print_info: n_embd_v_gqa          = 1024
print_info: f_norm_eps            = 0.0e+00
print_info: f_norm_rms_eps        = 1.0e-06
print_info: f_clamp_kqv           = 0.0e+00
print_info: f_max_alibi_bias      = 0.0e+00
print_info: f_logit_scale         = 0.0e+00
print_info: f_attn_scale          = 0.0e+00
print_info: n_ff                  = 13824
print_info: n_expert              = 0
print_info: n_expert_used         = 0
print_info: n_expert_groups       = 0
print_info: n_group_used          = 0
print_info: causal attn           = 1
print_info: pooling type          = -1
print_info: rope type             = 2
print_info: rope scaling          = linear
print_info: freq_base_train       = 1000000.0
print_info: freq_scale_train      = 1
print_info: n_ctx_orig_yarn       = 32768
print_info: rope_yarn_log_mul     = 0.0000
print_info: rope_finetuned        = unknown
print_info: model type            = 14B
print_info: model params          = 14.77 B
print_info: general.name          = Qwen2.5 14B Instruct
print_info: vocab type            = BPE
print_info: n_vocab               = 152064
print_info: n_merges              = 151387
print_info: BOS token             = 151643 '<|endoftext|>'
print_info: EOS token             = 151645 '<|im_end|>'
print_info: EOT token             = 151645 '<|im_end|>'
print_info: PAD token             = 151643 '<|endoftext|>'
print_info: LF token              = 198 'Ċ'
print_info: FIM PRE token         = 151659 '<|fim_prefix|>'
print_info: FIM SUF token         = 151661 '<|fim_suffix|>'
print_info: FIM MID token         = 151660 '<|fim_middle|>'
print_info: FIM PAD token         = 151662 '<|fim_pad|>'
print_info: FIM REP token         = 151663 '<|repo_name|>'
print_info: FIM SEP token         = 151664 '<|file_sep|>'
print_info: EOG token             = 128247 '</s>'
print_info: EOG token             = 151643 '<|endoftext|>'
print_info: EOG token             = 151645 '<|im_end|>'
print_info: EOG token             = 151662 '<|fim_pad|>'
print_info: EOG token             = 151663 '<|repo_name|>'
print_info: EOG token             = 151664 '<|file_sep|>'
print_info: max token length      = 256
load_tensors: loading model tensors, this can take a while... (mmap = true, direct_io = false)
load_tensors: offloading output layer to GPU
load_tensors: offloading 19 repeating layers to GPU
load_tensors: offloaded 20/49 layers to GPU
load_tensors:   CPU_Mapped model buffer size =  4944.60 MiB
load_tensors:        CUDA0 model buffer size =  3621.44 MiB
...........................................................................................
common_init_result: added </s> logit bias = -inf
common_init_result: added <|endoftext|> logit bias = -inf
common_init_result: added <|im_end|> logit bias = -inf
common_init_result: added <|fim_pad|> logit bias = -inf
common_init_result: added <|repo_name|> logit bias = -inf
common_init_result: added <|file_sep|> logit bias = -inf
llama_context: constructing llama_context
llama_context: n_seq_max     = 4
llama_context: n_ctx         = 4096
llama_context: n_ctx_seq     = 4096
llama_context: n_batch       = 2048
llama_context: n_ubatch      = 512
llama_context: causal_attn   = 1
llama_context: flash_attn    = auto
llama_context: kv_unified    = true
llama_context: freq_base     = 1000000.0
llama_context: freq_scale    = 1
llama_context: n_ctx_seq (4096) < n_ctx_train (32768) -- the full capacity of the model will not be utilized
llama_context:  CUDA_Host  output buffer size =     2.32 MiB
llama_kv_cache:        CPU KV buffer size =   464.00 MiB
llama_kv_cache:      CUDA0 KV buffer size =   304.00 MiB
llama_kv_cache: size =  768.00 MiB (  4096 cells,  48 layers,  4/1 seqs), K (f16):  384.00 MiB, V (f16):  384.00 MiB
llama_kv_cache: attn_rot_k = 0
llama_kv_cache: attn_rot_v = 0
sched_reserve: reserving ...
sched_reserve: Flash Attention was auto, set to enabled
sched_reserve: resolving fused Gated Delta Net support:
sched_reserve: fused Gated Delta Net (autoregressive) enabled
sched_reserve: fused Gated Delta Net (chunked) enabled
sched_reserve:      CUDA0 compute buffer size =   317.00 MiB
sched_reserve:  CUDA_Host compute buffer size =    28.01 MiB
sched_reserve: graph nodes  = 1639
sched_reserve: graph splits = 408 (with bs=512), 2 (with bs=1)
sched_reserve: reserve took 9.00 ms, sched copies = 1
common_init_from_params: warming up the model with an empty run - please wait ... (--no-warmup to disable)

========== STOP QWEN ==========


========== START QWEN ==========
ggml_cuda_init: found 1 CUDA devices (Total VRAM: 6140 MiB):
  Device 0: NVIDIA GeForce RTX 4050 Laptop GPU, compute capability 8.9, VMM: yes, VRAM: 6140 MiB
load_backend: loaded CUDA backend from D:\repos\112\Simulator112\llama-b8665-bin-win-cuda-13.1-x64\ggml-cuda.dll
load_backend: loaded RPC backend from D:\repos\112\Simulator112\llama-b8665-bin-win-cuda-13.1-x64\ggml-rpc.dll
load_backend: loaded CPU backend from D:\repos\112\Simulator112\llama-b8665-bin-win-cuda-13.1-x64\ggml-cpu-haswell.dll
main: n_parallel is set to auto, using n_parallel = 4 and kv_unified = true
system info: n_threads = 6, n_threads_batch = 6, total_threads = 16

system_info: n_threads = 6 (n_threads_batch = 6) / 16 | CUDA : ARCHS = 750,800,860,890,1200,1210 | USE_GRAPHS = 1 | PEER_MAX_BATCH_SIZE = 128 | CPU : SSE3 = 1 | SSSE3 = 1 | AVX = 1 | AVX2 = 1 | F16C = 1 | FMA = 1 | BMI2 = 1 | LLAMAFILE = 1 | OPENMP = 1 | REPACK = 1 | 

Running without SSL
init: using 15 threads for HTTP server
start: binding port with default address family
main: loading model
srv    load_model: loading model '.\qwen2.5-14b-instruct-q4_k_m.gguf'
common_init_result: fitting params to device memory, for bugs during this step try to reproduce them with -fit off, or provide --verbose logs if the bug only occurs with -fit on
llama_params_fit_impl: projected to use 4242 MiB of device memory vs. 5080 MiB of free device memory
llama_params_fit_impl: cannot meet free memory target of 1024 MiB, need to reduce device memory by 186 MiB
llama_params_fit_impl: context size set by user to 4096 -> no change
llama_params_fit: failed to fit params to free device memory: n_gpu_layers already set by user to 20, abort
llama_params_fit: fitting params to free memory took 0.36 seconds
llama_model_load_from_file_impl: using device CUDA0 (NVIDIA GeForce RTX 4050 Laptop GPU) (0000:01:00.0) - 5080 MiB free
llama_model_loader: loaded meta data with 34 key-value pairs and 579 tensors from .\qwen2.5-14b-instruct-q4_k_m.gguf (version GGUF V3 (latest))
llama_model_loader: Dumping metadata keys/values. Note: KV overrides do not apply in this output.
llama_model_loader: - kv   0:                       general.architecture str              = qwen2
llama_model_loader: - kv   1:                               general.type str              = model
llama_model_loader: - kv   2:                               general.name str              = Qwen2.5 14B Instruct
llama_model_loader: - kv   3:                           general.finetune str              = Instruct
llama_model_loader: - kv   4:                           general.basename str              = Qwen2.5
llama_model_loader: - kv   5:                         general.size_label str              = 14B
llama_model_loader: - kv   6:                            general.license str              = apache-2.0
llama_model_loader: - kv   7:                       general.license.link str              = https://huggingface.co/Qwen/Qwen2.5-1...
llama_model_loader: - kv   8:                   general.base_model.count u32              = 1
llama_model_loader: - kv   9:                  general.base_model.0.name str              = Qwen2.5 14B
llama_model_loader: - kv  10:          general.base_model.0.organization str              = Qwen
llama_model_loader: - kv  11:              general.base_model.0.repo_url str              = https://huggingface.co/Qwen/Qwen2.5-14B
llama_model_loader: - kv  12:                               general.tags arr[str,2]       = ["chat", "text-generation"]
llama_model_loader: - kv  13:                          general.languages arr[str,1]       = ["en"]
llama_model_loader: - kv  14:                          qwen2.block_count u32              = 48
llama_model_loader: - kv  15:                       qwen2.context_length u32              = 32768
llama_model_loader: - kv  16:                     qwen2.embedding_length u32              = 5120
llama_model_loader: - kv  17:                  qwen2.feed_forward_length u32              = 13824
llama_model_loader: - kv  18:                 qwen2.attention.head_count u32              = 40
llama_model_loader: - kv  19:              qwen2.attention.head_count_kv u32              = 8
llama_model_loader: - kv  20:                       qwen2.rope.freq_base f32              = 1000000.000000
llama_model_loader: - kv  21:     qwen2.attention.layer_norm_rms_epsilon f32              = 0.000001
llama_model_loader: - kv  22:                          general.file_type u32              = 15
llama_model_loader: - kv  23:                       tokenizer.ggml.model str              = gpt2
llama_model_loader: - kv  24:                         tokenizer.ggml.pre str              = qwen2
llama_model_loader: - kv  25:                      tokenizer.ggml.tokens arr[str,152064]  = ["!", "\"", "#", "$", "%", "&", "'", ...
llama_model_loader: - kv  26:                  tokenizer.ggml.token_type arr[i32,152064]  = [1, 1, 1, 1, 1, 1, 1, 1, 1, 1, 1, 1, ...
llama_model_loader: - kv  27:                      tokenizer.ggml.merges arr[str,151387]  = ["Ġ Ġ", "ĠĠ ĠĠ", "i n", "Ġ t",...
llama_model_loader: - kv  28:                tokenizer.ggml.eos_token_id u32              = 151645
llama_model_loader: - kv  29:            tokenizer.ggml.padding_token_id u32              = 151643
llama_model_loader: - kv  30:                tokenizer.ggml.bos_token_id u32              = 151643
llama_model_loader: - kv  31:               tokenizer.ggml.add_bos_token bool             = false
llama_model_loader: - kv  32:                    tokenizer.chat_template str              = {%- if tools %}\n    {{- '<|im_start|>...
llama_model_loader: - kv  33:               general.quantization_version u32              = 2
llama_model_loader: - type  f32:  241 tensors
llama_model_loader: - type q4_K:  289 tensors
llama_model_loader: - type q6_K:   49 tensors
print_info: file format = GGUF V3 (latest)
print_info: file type   = Q4_K - Medium
print_info: file size   = 8.37 GiB (4.87 BPW) 
load: 0 unused tokens
load: control-looking token: 128247 '</s>' was not control-type; this is probably a bug in the model. its type will be overridden
load: printing all EOG tokens:
load:   - 128247 ('</s>')
load:   - 151643 ('<|endoftext|>')
load:   - 151645 ('<|im_end|>')
load:   - 151662 ('<|fim_pad|>')
load:   - 151663 ('<|repo_name|>')
load:   - 151664 ('<|file_sep|>')
load: special tokens cache size = 23
load: token to piece cache size = 0.9310 MB
print_info: arch                  = qwen2
print_info: vocab_only            = 0
print_info: no_alloc              = 0
print_info: n_ctx_train           = 32768
print_info: n_embd                = 5120
print_info: n_embd_inp            = 5120
print_info: n_layer               = 48
print_info: n_head                = 40
print_info: n_head_kv             = 8
print_info: n_rot                 = 128
print_info: n_swa                 = 0
print_info: is_swa_any            = 0
print_info: n_embd_head_k         = 128
print_info: n_embd_head_v         = 128
print_info: n_gqa                 = 5
print_info: n_embd_k_gqa          = 1024
print_info: n_embd_v_gqa          = 1024
print_info: f_norm_eps            = 0.0e+00
print_info: f_norm_rms_eps        = 1.0e-06
print_info: f_clamp_kqv           = 0.0e+00
print_info: f_max_alibi_bias      = 0.0e+00
print_info: f_logit_scale         = 0.0e+00
print_info: f_attn_scale          = 0.0e+00
print_info: n_ff                  = 13824
print_info: n_expert              = 0
print_info: n_expert_used         = 0
print_info: n_expert_groups       = 0
print_info: n_group_used          = 0
print_info: causal attn           = 1
print_info: pooling type          = -1
print_info: rope type             = 2
print_info: rope scaling          = linear
print_info: freq_base_train       = 1000000.0
print_info: freq_scale_train      = 1
print_info: n_ctx_orig_yarn       = 32768
print_info: rope_yarn_log_mul     = 0.0000
print_info: rope_finetuned        = unknown
print_info: model type            = 14B
print_info: model params          = 14.77 B
print_info: general.name          = Qwen2.5 14B Instruct
print_info: vocab type            = BPE
print_info: n_vocab               = 152064
print_info: n_merges              = 151387
print_info: BOS token             = 151643 '<|endoftext|>'
print_info: EOS token             = 151645 '<|im_end|>'
print_info: EOT token             = 151645 '<|im_end|>'
print_info: PAD token             = 151643 '<|endoftext|>'
print_info: LF token              = 198 'Ċ'
print_info: FIM PRE token         = 151659 '<|fim_prefix|>'
print_info: FIM SUF token         = 151661 '<|fim_suffix|>'
print_info: FIM MID token         = 151660 '<|fim_middle|>'
print_info: FIM PAD token         = 151662 '<|fim_pad|>'
print_info: FIM REP token         = 151663 '<|repo_name|>'
print_info: FIM SEP token         = 151664 '<|file_sep|>'
print_info: EOG token             = 128247 '</s>'
print_info: EOG token             = 151643 '<|endoftext|>'
print_info: EOG token             = 151645 '<|im_end|>'
print_info: EOG token             = 151662 '<|fim_pad|>'
print_info: EOG token             = 151663 '<|repo_name|>'
print_info: EOG token             = 151664 '<|file_sep|>'
print_info: max token length      = 256
load_tensors: loading model tensors, this can take a while... (mmap = true, direct_io = false)
load_tensors: offloading output layer to GPU
load_tensors: offloading 19 repeating layers to GPU
load_tensors: offloaded 20/49 layers to GPU
load_tensors:   CPU_Mapped model buffer size =  4944.60 MiB
load_tensors:        CUDA0 model buffer size =  3621.44 MiB
...........................................................................................
common_init_result: added </s> logit bias = -inf
common_init_result: added <|endoftext|> logit bias = -inf
common_init_result: added <|im_end|> logit bias = -inf
common_init_result: added <|fim_pad|> logit bias = -inf
common_init_result: added <|repo_name|> logit bias = -inf
common_init_result: added <|file_sep|> logit bias = -inf
llama_context: constructing llama_context
llama_context: n_seq_max     = 4
llama_context: n_ctx         = 4096
llama_context: n_ctx_seq     = 4096
llama_context: n_batch       = 2048
llama_context: n_ubatch      = 512
llama_context: causal_attn   = 1
llama_context: flash_attn    = auto
llama_context: kv_unified    = true
llama_context: freq_base     = 1000000.0
llama_context: freq_scale    = 1
llama_context: n_ctx_seq (4096) < n_ctx_train (32768) -- the full capacity of the model will not be utilized
llama_context:  CUDA_Host  output buffer size =     2.32 MiB
llama_kv_cache:        CPU KV buffer size =   464.00 MiB
llama_kv_cache:      CUDA0 KV buffer size =   304.00 MiB
llama_kv_cache: size =  768.00 MiB (  4096 cells,  48 layers,  4/1 seqs), K (f16):  384.00 MiB, V (f16):  384.00 MiB
llama_kv_cache: attn_rot_k = 0
llama_kv_cache: attn_rot_v = 0
sched_reserve: reserving ...
sched_reserve: Flash Attention was auto, set to enabled
sched_reserve: resolving fused Gated Delta Net support:
sched_reserve: fused Gated Delta Net (autoregressive) enabled
sched_reserve: fused Gated Delta Net (chunked) enabled
sched_reserve:      CUDA0 compute buffer size =   317.00 MiB
sched_reserve:  CUDA_Host compute buffer size =    28.01 MiB
sched_reserve: graph nodes  = 1639
sched_reserve: graph splits = 408 (with bs=512), 2 (with bs=1)
sched_reserve: reserve took 9.33 ms, sched copies = 1
common_init_from_params: warming up the model with an empty run - please wait ... (--no-warmup to disable)
srv    load_model: initializing slots, n_slots = 4
no implementations specified for speculative decoding
slot   load_model: id  0 | task -1 | speculative decoding context not initialized
slot   load_model: id  0 | task -1 | new slot, n_ctx = 4096
no implementations specified for speculative decoding
slot   load_model: id  1 | task -1 | speculative decoding context not initialized
slot   load_model: id  1 | task -1 | new slot, n_ctx = 4096
no implementations specified for speculative decoding
slot   load_model: id  2 | task -1 | speculative decoding context not initialized
slot   load_model: id  2 | task -1 | new slot, n_ctx = 4096
no implementations specified for speculative decoding
slot   load_model: id  3 | task -1 | speculative decoding context not initialized
slot   load_model: id  3 | task -1 | new slot, n_ctx = 4096
srv    load_model: prompt cache is enabled, size limit: 8192 MiB
srv    load_model: use `--cache-ram 0` to disable the prompt cache
srv    load_model: for more info see https://github.com/ggml-org/llama.cpp/pull/16391
srv          init: init: idle slots will be saved to prompt cache and cleared upon starting a new task
init: chat template, example_format: '<|im_start|>system
You are a helpful assistant<|im_end|>
<|im_start|>user
Hello<|im_end|>
<|im_start|>assistant
Hi there<|im_end|>
<|im_start|>user
How are you?<|im_end|>
<|im_start|>assistant
'
srv          init: init: chat template, thinking = 0
main: model loaded
main: server is listening on http://0.0.0.0:8080
main: starting the main loop...
srv  update_slots: all slots are idle
srv  params_from_: Chat format: peg-native
slot get_availabl: id  3 | task -1 | selected slot by LRU, t_last = -1
srv  get_availabl: updating prompt cache
srv          load:  - looking for better prompt, base f_keep = -1.000, sim = 0.000
srv        update:  - cache state: 0 prompts, 0.000 MiB (limits: 8192.000 MiB, 4096 tokens, 8589934592 est)
srv  get_availabl: prompt cache update took 0.70 ms
slot launch_slot_: id  3 | task -1 | sampler chain: logits -> penalties -> ?dry -> ?top-n-sigma -> top-k -> ?typical -> top-p -> min-p -> ?xtc -> temp-ext -> dist 
slot launch_slot_: id  3 | task 0 | processing task, is_child = 0
slot update_slots: id  3 | task 0 | new prompt, n_ctx_slot = 4096, n_keep = 0, task.n_tokens = 445
slot update_slots: id  3 | task 0 | n_tokens = 0, memory_seq_rm [0, end)
slot init_sampler: id  3 | task 0 | init sampler, took 0.56 ms, tokens: text = 445, total = 445
slot update_slots: id  3 | task 0 | prompt processing done, n_tokens = 445, batch.n_tokens = 445
slot print_timing: id  3 | task 0 | 
prompt eval time =    1785.51 ms /   445 tokens (    4.01 ms per token,   249.23 tokens per second)
       eval time =   15170.88 ms /    77 tokens (  197.02 ms per token,     5.08 tokens per second)
      total time =   16956.39 ms /   522 tokens
slot      release: id  3 | task 0 | stop processing: n_tokens = 521, truncated = 0
srv  update_slots: all slots are idle
srv  log_server_r: done request: POST /v1/chat/completions 127.0.0.1 200
slot get_availabl: id  2 | task -1 | selected slot by LRU, t_last = -1
srv  get_availabl: updating prompt cache
srv          load:  - looking for better prompt, base f_keep = -1.000, sim = 0.000
srv        update:  - cache state: 0 prompts, 0.000 MiB (limits: 8192.000 MiB, 4096 tokens, 8589934592 est)
srv  get_availabl: prompt cache update took 0.01 ms
slot launch_slot_: id  2 | task -1 | sampler chain: logits -> penalties -> ?dry -> ?top-n-sigma -> top-k -> ?typical -> top-p -> min-p -> ?xtc -> temp-ext -> dist 
slot launch_slot_: id  2 | task 78 | processing task, is_child = 0
slot slot_save_an: id  3 | task -1 | saving idle slot to prompt cache
srv   prompt_save:  - saving prompt with length 521, total state size = 97.695 MiB
slot prompt_clear: id  3 | task -1 | clearing prompt with 521 tokens
srv        update:  - cache state: 1 prompts, 97.695 MiB (limits: 8192.000 MiB, 4096 tokens, 43687 est)
srv        update:    - prompt 00000204EAE6CA80:     521 tokens, checkpoints:  0,    97.695 MiB
slot update_slots: id  2 | task 78 | new prompt, n_ctx_slot = 4096, n_keep = 0, task.n_tokens = 835
slot update_slots: id  2 | task 78 | n_tokens = 0, memory_seq_rm [0, end)
slot init_sampler: id  2 | task 78 | init sampler, took 0.34 ms, tokens: text = 835, total = 835
slot update_slots: id  2 | task 78 | prompt processing done, n_tokens = 835, batch.n_tokens = 835
srv  log_server_r: done request: POST /completion 127.0.0.1 200
slot print_timing: id  2 | task 78 | 
prompt eval time =    2325.64 ms /   835 tokens (    2.79 ms per token,   359.04 tokens per second)
       eval time =    3735.27 ms /    23 tokens (  162.40 ms per token,     6.16 tokens per second)
      total time =    6060.91 ms /   858 tokens
slot      release: id  2 | task 78 | stop processing: n_tokens = 857, truncated = 0
srv  update_slots: all slots are idle
srv  params_from_: Chat format: peg-native
slot get_availabl: id  1 | task -1 | selected slot by LRU, t_last = -1
srv  get_availabl: updating prompt cache
srv          load:  - looking for better prompt, base f_keep = -1.000, sim = 0.000
srv        update:  - cache state: 1 prompts, 97.695 MiB (limits: 8192.000 MiB, 4096 tokens, 43687 est)
srv        update:    - prompt 00000204EAE6CA80:     521 tokens, checkpoints:  0,    97.695 MiB
srv  get_availabl: prompt cache update took 0.03 ms
slot launch_slot_: id  1 | task -1 | sampler chain: logits -> penalties -> ?dry -> ?top-n-sigma -> top-k -> ?typical -> top-p -> min-p -> ?xtc -> temp-ext -> dist 
slot launch_slot_: id  1 | task 102 | processing task, is_child = 0
slot slot_save_an: id  2 | task -1 | saving idle slot to prompt cache
srv   prompt_save:  - saving prompt with length 857, total state size = 160.698 MiB
slot prompt_clear: id  2 | task -1 | clearing prompt with 857 tokens
srv        update:  - cache state: 2 prompts, 258.393 MiB (limits: 8192.000 MiB, 4096 tokens, 43687 est)
srv        update:    - prompt 00000204EAE6CA80:     521 tokens, checkpoints:  0,    97.695 MiB
srv        update:    - prompt 00000204EAE696E0:     857 tokens, checkpoints:  0,   160.698 MiB
slot update_slots: id  1 | task 102 | new prompt, n_ctx_slot = 4096, n_keep = 0, task.n_tokens = 435
slot update_slots: id  1 | task 102 | n_tokens = 0, memory_seq_rm [0, end)
slot init_sampler: id  1 | task 102 | init sampler, took 0.07 ms, tokens: text = 435, total = 435
slot update_slots: id  1 | task 102 | prompt processing done, n_tokens = 435, batch.n_tokens = 435
slot print_timing: id  1 | task 102 | 
prompt eval time =    1161.57 ms /   435 tokens (    2.67 ms per token,   374.49 tokens per second)
       eval time =   11682.17 ms /    67 tokens (  174.36 ms per token,     5.74 tokens per second)
      total time =   12843.73 ms /   502 tokens
slot      release: id  1 | task 102 | stop processing: n_tokens = 501, truncated = 0
srv  update_slots: all slots are idle
srv  log_server_r: done request: POST /v1/chat/completions 127.0.0.1 200
slot get_availabl: id  0 | task -1 | selected slot by LRU, t_last = -1
srv  get_availabl: updating prompt cache
srv          load:  - looking for better prompt, base f_keep = -1.000, sim = 0.000
srv          load:  - found better prompt with f_keep = 0.438, sim = 0.456
srv        update:  - cache state: 1 prompts, 97.695 MiB (limits: 8192.000 MiB, 4096 tokens, 43687 est)
srv        update:    - prompt 00000204EAE6CA80:     521 tokens, checkpoints:  0,    97.695 MiB
srv  get_availabl: prompt cache update took 37.93 ms
slot launch_slot_: id  0 | task -1 | sampler chain: logits -> penalties -> ?dry -> ?top-n-sigma -> top-k -> ?typical -> top-p -> min-p -> ?xtc -> temp-ext -> dist 
slot launch_slot_: id  0 | task 170 | processing task, is_child = 0
slot slot_save_an: id  1 | task -1 | saving idle slot to prompt cache
srv   prompt_save:  - saving prompt with length 501, total state size = 93.944 MiB
slot prompt_clear: id  1 | task -1 | clearing prompt with 501 tokens
srv        update:  - cache state: 2 prompts, 191.639 MiB (limits: 8192.000 MiB, 4096 tokens, 43687 est)
srv        update:    - prompt 00000204EAE6CA80:     521 tokens, checkpoints:  0,    97.695 MiB
srv        update:    - prompt 00000204EAE69E50:     501 tokens, checkpoints:  0,    93.944 MiB
slot update_slots: id  0 | task 170 | new prompt, n_ctx_slot = 4096, n_keep = 0, task.n_tokens = 822
slot update_slots: id  0 | task 170 | n_tokens = 375, memory_seq_rm [375, end)
slot init_sampler: id  0 | task 170 | init sampler, took 0.22 ms, tokens: text = 822, total = 822
slot update_slots: id  0 | task 170 | prompt processing done, n_tokens = 822, batch.n_tokens = 447
srv  log_server_r: done request: POST /completion 127.0.0.1 200
slot print_timing: id  0 | task 170 | 
prompt eval time =    1226.66 ms /   447 tokens (    2.74 ms per token,   364.40 tokens per second)
       eval time =    1972.52 ms /    13 tokens (  151.73 ms per token,     6.59 tokens per second)
      total time =    3199.18 ms /   460 tokens
slot      release: id  0 | task 170 | stop processing: n_tokens = 834, truncated = 0
srv  update_slots: all slots are idle

========== STOP QWEN ==========


========== START QWEN ==========
ggml_cuda_init: found 1 CUDA devices (Total VRAM: 6140 MiB):
  Device 0: NVIDIA GeForce RTX 4050 Laptop GPU, compute capability 8.9, VMM: yes, VRAM: 6140 MiB
load_backend: loaded CUDA backend from D:\repos\112\Simulator112\llama-b8665-bin-win-cuda-13.1-x64\ggml-cuda.dll
load_backend: loaded RPC backend from D:\repos\112\Simulator112\llama-b8665-bin-win-cuda-13.1-x64\ggml-rpc.dll
load_backend: loaded CPU backend from D:\repos\112\Simulator112\llama-b8665-bin-win-cuda-13.1-x64\ggml-cpu-haswell.dll
main: n_parallel is set to auto, using n_parallel = 4 and kv_unified = true
system info: n_threads = 6, n_threads_batch = 6, total_threads = 16

system_info: n_threads = 6 (n_threads_batch = 6) / 16 | CUDA : ARCHS = 750,800,860,890,1200,1210 | USE_GRAPHS = 1 | PEER_MAX_BATCH_SIZE = 128 | CPU : SSE3 = 1 | SSSE3 = 1 | AVX = 1 | AVX2 = 1 | F16C = 1 | FMA = 1 | BMI2 = 1 | LLAMAFILE = 1 | OPENMP = 1 | REPACK = 1 | 

Running without SSL
init: using 15 threads for HTTP server
start: binding port with default address family
main: loading model
srv    load_model: loading model '.\qwen2.5-14b-instruct-q4_k_m.gguf'
common_init_result: fitting params to device memory, for bugs during this step try to reproduce them with -fit off, or provide --verbose logs if the bug only occurs with -fit on
llama_params_fit_impl: projected to use 4242 MiB of device memory vs. 5080 MiB of free device memory
llama_params_fit_impl: cannot meet free memory target of 1024 MiB, need to reduce device memory by 186 MiB
llama_params_fit_impl: context size set by user to 4096 -> no change
llama_params_fit: failed to fit params to free device memory: n_gpu_layers already set by user to 20, abort
llama_params_fit: fitting params to free memory took 0.37 seconds
llama_model_load_from_file_impl: using device CUDA0 (NVIDIA GeForce RTX 4050 Laptop GPU) (0000:01:00.0) - 5080 MiB free
llama_model_loader: loaded meta data with 34 key-value pairs and 579 tensors from .\qwen2.5-14b-instruct-q4_k_m.gguf (version GGUF V3 (latest))
llama_model_loader: Dumping metadata keys/values. Note: KV overrides do not apply in this output.
llama_model_loader: - kv   0:                       general.architecture str              = qwen2
llama_model_loader: - kv   1:                               general.type str              = model
llama_model_loader: - kv   2:                               general.name str              = Qwen2.5 14B Instruct
llama_model_loader: - kv   3:                           general.finetune str              = Instruct
llama_model_loader: - kv   4:                           general.basename str              = Qwen2.5
llama_model_loader: - kv   5:                         general.size_label str              = 14B
llama_model_loader: - kv   6:                            general.license str              = apache-2.0
llama_model_loader: - kv   7:                       general.license.link str              = https://huggingface.co/Qwen/Qwen2.5-1...
llama_model_loader: - kv   8:                   general.base_model.count u32              = 1
llama_model_loader: - kv   9:                  general.base_model.0.name str              = Qwen2.5 14B
llama_model_loader: - kv  10:          general.base_model.0.organization str              = Qwen
llama_model_loader: - kv  11:              general.base_model.0.repo_url str              = https://huggingface.co/Qwen/Qwen2.5-14B
llama_model_loader: - kv  12:                               general.tags arr[str,2]       = ["chat", "text-generation"]
llama_model_loader: - kv  13:                          general.languages arr[str,1]       = ["en"]
llama_model_loader: - kv  14:                          qwen2.block_count u32              = 48
llama_model_loader: - kv  15:                       qwen2.context_length u32              = 32768
llama_model_loader: - kv  16:                     qwen2.embedding_length u32              = 5120
llama_model_loader: - kv  17:                  qwen2.feed_forward_length u32              = 13824
llama_model_loader: - kv  18:                 qwen2.attention.head_count u32              = 40
llama_model_loader: - kv  19:              qwen2.attention.head_count_kv u32              = 8
llama_model_loader: - kv  20:                       qwen2.rope.freq_base f32              = 1000000.000000
llama_model_loader: - kv  21:     qwen2.attention.layer_norm_rms_epsilon f32              = 0.000001
llama_model_loader: - kv  22:                          general.file_type u32              = 15
llama_model_loader: - kv  23:                       tokenizer.ggml.model str              = gpt2
llama_model_loader: - kv  24:                         tokenizer.ggml.pre str              = qwen2
llama_model_loader: - kv  25:                      tokenizer.ggml.tokens arr[str,152064]  = ["!", "\"", "#", "$", "%", "&", "'", ...
llama_model_loader: - kv  26:                  tokenizer.ggml.token_type arr[i32,152064]  = [1, 1, 1, 1, 1, 1, 1, 1, 1, 1, 1, 1, ...
llama_model_loader: - kv  27:                      tokenizer.ggml.merges arr[str,151387]  = ["Ġ Ġ", "ĠĠ ĠĠ", "i n", "Ġ t",...
llama_model_loader: - kv  28:                tokenizer.ggml.eos_token_id u32              = 151645
llama_model_loader: - kv  29:            tokenizer.ggml.padding_token_id u32              = 151643
llama_model_loader: - kv  30:                tokenizer.ggml.bos_token_id u32              = 151643
llama_model_loader: - kv  31:               tokenizer.ggml.add_bos_token bool             = false
llama_model_loader: - kv  32:                    tokenizer.chat_template str              = {%- if tools %}\n    {{- '<|im_start|>...
llama_model_loader: - kv  33:               general.quantization_version u32              = 2
llama_model_loader: - type  f32:  241 tensors
llama_model_loader: - type q4_K:  289 tensors
llama_model_loader: - type q6_K:   49 tensors
print_info: file format = GGUF V3 (latest)
print_info: file type   = Q4_K - Medium
print_info: file size   = 8.37 GiB (4.87 BPW) 
load: 0 unused tokens
load: control-looking token: 128247 '</s>' was not control-type; this is probably a bug in the model. its type will be overridden
load: printing all EOG tokens:
load:   - 128247 ('</s>')
load:   - 151643 ('<|endoftext|>')
load:   - 151645 ('<|im_end|>')
load:   - 151662 ('<|fim_pad|>')
load:   - 151663 ('<|repo_name|>')
load:   - 151664 ('<|file_sep|>')
load: special tokens cache size = 23
load: token to piece cache size = 0.9310 MB
print_info: arch                  = qwen2
print_info: vocab_only            = 0
print_info: no_alloc              = 0
print_info: n_ctx_train           = 32768
print_info: n_embd                = 5120
print_info: n_embd_inp            = 5120
print_info: n_layer               = 48
print_info: n_head                = 40
print_info: n_head_kv             = 8
print_info: n_rot                 = 128
print_info: n_swa                 = 0
print_info: is_swa_any            = 0
print_info: n_embd_head_k         = 128
print_info: n_embd_head_v         = 128
print_info: n_gqa                 = 5
print_info: n_embd_k_gqa          = 1024
print_info: n_embd_v_gqa          = 1024
print_info: f_norm_eps            = 0.0e+00
print_info: f_norm_rms_eps        = 1.0e-06
print_info: f_clamp_kqv           = 0.0e+00
print_info: f_max_alibi_bias      = 0.0e+00
print_info: f_logit_scale         = 0.0e+00
print_info: f_attn_scale          = 0.0e+00
print_info: n_ff                  = 13824
print_info: n_expert              = 0
print_info: n_expert_used         = 0
print_info: n_expert_groups       = 0
print_info: n_group_used          = 0
print_info: causal attn           = 1
print_info: pooling type          = -1
print_info: rope type             = 2
print_info: rope scaling          = linear
print_info: freq_base_train       = 1000000.0
print_info: freq_scale_train      = 1
print_info: n_ctx_orig_yarn       = 32768
print_info: rope_yarn_log_mul     = 0.0000
print_info: rope_finetuned        = unknown
print_info: model type            = 14B
print_info: model params          = 14.77 B
print_info: general.name          = Qwen2.5 14B Instruct
print_info: vocab type            = BPE
print_info: n_vocab               = 152064
print_info: n_merges              = 151387
print_info: BOS token             = 151643 '<|endoftext|>'
print_info: EOS token             = 151645 '<|im_end|>'
print_info: EOT token             = 151645 '<|im_end|>'
print_info: PAD token             = 151643 '<|endoftext|>'
print_info: LF token              = 198 'Ċ'
print_info: FIM PRE token         = 151659 '<|fim_prefix|>'
print_info: FIM SUF token         = 151661 '<|fim_suffix|>'
print_info: FIM MID token         = 151660 '<|fim_middle|>'
print_info: FIM PAD token         = 151662 '<|fim_pad|>'
print_info: FIM REP token         = 151663 '<|repo_name|>'
print_info: FIM SEP token         = 151664 '<|file_sep|>'
print_info: EOG token             = 128247 '</s>'
print_info: EOG token             = 151643 '<|endoftext|>'
print_info: EOG token             = 151645 '<|im_end|>'
print_info: EOG token             = 151662 '<|fim_pad|>'
print_info: EOG token             = 151663 '<|repo_name|>'
print_info: EOG token             = 151664 '<|file_sep|>'
print_info: max token length      = 256
load_tensors: loading model tensors, this can take a while... (mmap = true, direct_io = false)
load_tensors: offloading output layer to GPU
load_tensors: offloading 19 repeating layers to GPU
load_tensors: offloaded 20/49 layers to GPU
load_tensors:   CPU_Mapped model buffer size =  4944.60 MiB
load_tensors:        CUDA0 model buffer size =  3621.44 MiB
...........................................................................................
common_init_result: added </s> logit bias = -inf
common_init_result: added <|endoftext|> logit bias = -inf
common_init_result: added <|im_end|> logit bias = -inf
common_init_result: added <|fim_pad|> logit bias = -inf
common_init_result: added <|repo_name|> logit bias = -inf
common_init_result: added <|file_sep|> logit bias = -inf
llama_context: constructing llama_context
llama_context: n_seq_max     = 4
llama_context: n_ctx         = 4096
llama_context: n_ctx_seq     = 4096
llama_context: n_batch       = 2048
llama_context: n_ubatch      = 512
llama_context: causal_attn   = 1
llama_context: flash_attn    = auto
llama_context: kv_unified    = true
llama_context: freq_base     = 1000000.0
llama_context: freq_scale    = 1
llama_context: n_ctx_seq (4096) < n_ctx_train (32768) -- the full capacity of the model will not be utilized
llama_context:  CUDA_Host  output buffer size =     2.32 MiB
llama_kv_cache:        CPU KV buffer size =   464.00 MiB
llama_kv_cache:      CUDA0 KV buffer size =   304.00 MiB
llama_kv_cache: size =  768.00 MiB (  4096 cells,  48 layers,  4/1 seqs), K (f16):  384.00 MiB, V (f16):  384.00 MiB
llama_kv_cache: attn_rot_k = 0
llama_kv_cache: attn_rot_v = 0
sched_reserve: reserving ...
sched_reserve: Flash Attention was auto, set to enabled
sched_reserve: resolving fused Gated Delta Net support:
sched_reserve: fused Gated Delta Net (autoregressive) enabled
sched_reserve: fused Gated Delta Net (chunked) enabled
sched_reserve:      CUDA0 compute buffer size =   317.00 MiB
sched_reserve:  CUDA_Host compute buffer size =    28.01 MiB
sched_reserve: graph nodes  = 1639
sched_reserve: graph splits = 408 (with bs=512), 2 (with bs=1)
sched_reserve: reserve took 9.52 ms, sched copies = 1
common_init_from_params: warming up the model with an empty run - please wait ... (--no-warmup to disable)
srv    load_model: initializing slots, n_slots = 4
no implementations specified for speculative decoding
slot   load_model: id  0 | task -1 | speculative decoding context not initialized
slot   load_model: id  0 | task -1 | new slot, n_ctx = 4096
no implementations specified for speculative decoding
slot   load_model: id  1 | task -1 | speculative decoding context not initialized
slot   load_model: id  1 | task -1 | new slot, n_ctx = 4096
no implementations specified for speculative decoding
slot   load_model: id  2 | task -1 | speculative decoding context not initialized
slot   load_model: id  2 | task -1 | new slot, n_ctx = 4096
no implementations specified for speculative decoding
slot   load_model: id  3 | task -1 | speculative decoding context not initialized
slot   load_model: id  3 | task -1 | new slot, n_ctx = 4096
srv    load_model: prompt cache is enabled, size limit: 8192 MiB
srv    load_model: use `--cache-ram 0` to disable the prompt cache
srv    load_model: for more info see https://github.com/ggml-org/llama.cpp/pull/16391
srv          init: init: idle slots will be saved to prompt cache and cleared upon starting a new task
init: chat template, example_format: '<|im_start|>system
You are a helpful assistant<|im_end|>
<|im_start|>user
Hello<|im_end|>
<|im_start|>assistant
Hi there<|im_end|>
<|im_start|>user
How are you?<|im_end|>
<|im_start|>assistant
'
srv          init: init: chat template, thinking = 0
main: model loaded
main: server is listening on http://0.0.0.0:8080
main: starting the main loop...
srv  update_slots: all slots are idle

========== STOP QWEN ==========


========== START QWEN ==========
ggml_cuda_init: found 1 CUDA devices (Total VRAM: 6140 MiB):
  Device 0: NVIDIA GeForce RTX 4050 Laptop GPU, compute capability 8.9, VMM: yes, VRAM: 6140 MiB
load_backend: loaded CUDA backend from D:\repos\112\Simulator112\llama-b8665-bin-win-cuda-13.1-x64\ggml-cuda.dll
load_backend: loaded RPC backend from D:\repos\112\Simulator112\llama-b8665-bin-win-cuda-13.1-x64\ggml-rpc.dll
load_backend: loaded CPU backend from D:\repos\112\Simulator112\llama-b8665-bin-win-cuda-13.1-x64\ggml-cpu-haswell.dll
main: n_parallel is set to auto, using n_parallel = 4 and kv_unified = true
system info: n_threads = 6, n_threads_batch = 6, total_threads = 16

system_info: n_threads = 6 (n_threads_batch = 6) / 16 | CUDA : ARCHS = 750,800,860,890,1200,1210 | USE_GRAPHS = 1 | PEER_MAX_BATCH_SIZE = 128 | CPU : SSE3 = 1 | SSSE3 = 1 | AVX = 1 | AVX2 = 1 | F16C = 1 | FMA = 1 | BMI2 = 1 | LLAMAFILE = 1 | OPENMP = 1 | REPACK = 1 | 

Running without SSL
init: using 15 threads for HTTP server
start: binding port with default address family
main: loading model
srv    load_model: loading model '.\qwen2.5-14b-instruct-q4_k_m.gguf'
common_init_result: fitting params to device memory, for bugs during this step try to reproduce them with -fit off, or provide --verbose logs if the bug only occurs with -fit on
llama_params_fit_impl: projected to use 4242 MiB of device memory vs. 5080 MiB of free device memory
llama_params_fit_impl: cannot meet free memory target of 1024 MiB, need to reduce device memory by 186 MiB
llama_params_fit_impl: context size set by user to 4096 -> no change
llama_params_fit: failed to fit params to free device memory: n_gpu_layers already set by user to 20, abort
llama_params_fit: fitting params to free memory took 0.38 seconds
llama_model_load_from_file_impl: using device CUDA0 (NVIDIA GeForce RTX 4050 Laptop GPU) (0000:01:00.0) - 5080 MiB free
llama_model_loader: loaded meta data with 34 key-value pairs and 579 tensors from .\qwen2.5-14b-instruct-q4_k_m.gguf (version GGUF V3 (latest))
llama_model_loader: Dumping metadata keys/values. Note: KV overrides do not apply in this output.
llama_model_loader: - kv   0:                       general.architecture str              = qwen2
llama_model_loader: - kv   1:                               general.type str              = model
llama_model_loader: - kv   2:                               general.name str              = Qwen2.5 14B Instruct
llama_model_loader: - kv   3:                           general.finetune str              = Instruct
llama_model_loader: - kv   4:                           general.basename str              = Qwen2.5
llama_model_loader: - kv   5:                         general.size_label str              = 14B
llama_model_loader: - kv   6:                            general.license str              = apache-2.0
llama_model_loader: - kv   7:                       general.license.link str              = https://huggingface.co/Qwen/Qwen2.5-1...
llama_model_loader: - kv   8:                   general.base_model.count u32              = 1
llama_model_loader: - kv   9:                  general.base_model.0.name str              = Qwen2.5 14B
llama_model_loader: - kv  10:          general.base_model.0.organization str              = Qwen
llama_model_loader: - kv  11:              general.base_model.0.repo_url str              = https://huggingface.co/Qwen/Qwen2.5-14B
llama_model_loader: - kv  12:                               general.tags arr[str,2]       = ["chat", "text-generation"]
llama_model_loader: - kv  13:                          general.languages arr[str,1]       = ["en"]
llama_model_loader: - kv  14:                          qwen2.block_count u32              = 48
llama_model_loader: - kv  15:                       qwen2.context_length u32              = 32768
llama_model_loader: - kv  16:                     qwen2.embedding_length u32              = 5120
llama_model_loader: - kv  17:                  qwen2.feed_forward_length u32              = 13824
llama_model_loader: - kv  18:                 qwen2.attention.head_count u32              = 40
llama_model_loader: - kv  19:              qwen2.attention.head_count_kv u32              = 8
llama_model_loader: - kv  20:                       qwen2.rope.freq_base f32              = 1000000.000000
llama_model_loader: - kv  21:     qwen2.attention.layer_norm_rms_epsilon f32              = 0.000001
llama_model_loader: - kv  22:                          general.file_type u32              = 15
llama_model_loader: - kv  23:                       tokenizer.ggml.model str              = gpt2
llama_model_loader: - kv  24:                         tokenizer.ggml.pre str              = qwen2
llama_model_loader: - kv  25:                      tokenizer.ggml.tokens arr[str,152064]  = ["!", "\"", "#", "$", "%", "&", "'", ...
llama_model_loader: - kv  26:                  tokenizer.ggml.token_type arr[i32,152064]  = [1, 1, 1, 1, 1, 1, 1, 1, 1, 1, 1, 1, ...
llama_model_loader: - kv  27:                      tokenizer.ggml.merges arr[str,151387]  = ["Ġ Ġ", "ĠĠ ĠĠ", "i n", "Ġ t",...
llama_model_loader: - kv  28:                tokenizer.ggml.eos_token_id u32              = 151645
llama_model_loader: - kv  29:            tokenizer.ggml.padding_token_id u32              = 151643
llama_model_loader: - kv  30:                tokenizer.ggml.bos_token_id u32              = 151643
llama_model_loader: - kv  31:               tokenizer.ggml.add_bos_token bool             = false
llama_model_loader: - kv  32:                    tokenizer.chat_template str              = {%- if tools %}\n    {{- '<|im_start|>...
llama_model_loader: - kv  33:               general.quantization_version u32              = 2
llama_model_loader: - type  f32:  241 tensors
llama_model_loader: - type q4_K:  289 tensors
llama_model_loader: - type q6_K:   49 tensors
print_info: file format = GGUF V3 (latest)
print_info: file type   = Q4_K - Medium
print_info: file size   = 8.37 GiB (4.87 BPW) 
load: 0 unused tokens
load: control-looking token: 128247 '</s>' was not control-type; this is probably a bug in the model. its type will be overridden
load: printing all EOG tokens:
load:   - 128247 ('</s>')
load:   - 151643 ('<|endoftext|>')
load:   - 151645 ('<|im_end|>')
load:   - 151662 ('<|fim_pad|>')
load:   - 151663 ('<|repo_name|>')
load:   - 151664 ('<|file_sep|>')
load: special tokens cache size = 23
load: token to piece cache size = 0.9310 MB
print_info: arch                  = qwen2
print_info: vocab_only            = 0
print_info: no_alloc              = 0
print_info: n_ctx_train           = 32768
print_info: n_embd                = 5120
print_info: n_embd_inp            = 5120
print_info: n_layer               = 48
print_info: n_head                = 40
print_info: n_head_kv             = 8
print_info: n_rot                 = 128
print_info: n_swa                 = 0
print_info: is_swa_any            = 0
print_info: n_embd_head_k         = 128
print_info: n_embd_head_v         = 128
print_info: n_gqa                 = 5
print_info: n_embd_k_gqa          = 1024
print_info: n_embd_v_gqa          = 1024
print_info: f_norm_eps            = 0.0e+00
print_info: f_norm_rms_eps        = 1.0e-06
print_info: f_clamp_kqv           = 0.0e+00
print_info: f_max_alibi_bias      = 0.0e+00
print_info: f_logit_scale         = 0.0e+00
print_info: f_attn_scale          = 0.0e+00
print_info: n_ff                  = 13824
print_info: n_expert              = 0
print_info: n_expert_used         = 0
print_info: n_expert_groups       = 0
print_info: n_group_used          = 0
print_info: causal attn           = 1
print_info: pooling type          = -1
print_info: rope type             = 2
print_info: rope scaling          = linear
print_info: freq_base_train       = 1000000.0
print_info: freq_scale_train      = 1
print_info: n_ctx_orig_yarn       = 32768
print_info: rope_yarn_log_mul     = 0.0000
print_info: rope_finetuned        = unknown
print_info: model type            = 14B
print_info: model params          = 14.77 B
print_info: general.name          = Qwen2.5 14B Instruct
print_info: vocab type            = BPE
print_info: n_vocab               = 152064
print_info: n_merges              = 151387
print_info: BOS token             = 151643 '<|endoftext|>'
print_info: EOS token             = 151645 '<|im_end|>'
print_info: EOT token             = 151645 '<|im_end|>'
print_info: PAD token             = 151643 '<|endoftext|>'
print_info: LF token              = 198 'Ċ'
print_info: FIM PRE token         = 151659 '<|fim_prefix|>'
print_info: FIM SUF token         = 151661 '<|fim_suffix|>'
print_info: FIM MID token         = 151660 '<|fim_middle|>'
print_info: FIM PAD token         = 151662 '<|fim_pad|>'
print_info: FIM REP token         = 151663 '<|repo_name|>'
print_info: FIM SEP token         = 151664 '<|file_sep|>'
print_info: EOG token             = 128247 '</s>'
print_info: EOG token             = 151643 '<|endoftext|>'
print_info: EOG token             = 151645 '<|im_end|>'
print_info: EOG token             = 151662 '<|fim_pad|>'
print_info: EOG token             = 151663 '<|repo_name|>'
print_info: EOG token             = 151664 '<|file_sep|>'
print_info: max token length      = 256
load_tensors: loading model tensors, this can take a while... (mmap = true, direct_io = false)
load_tensors: offloading output layer to GPU
load_tensors: offloading 19 repeating layers to GPU
load_tensors: offloaded 20/49 layers to GPU
load_tensors:   CPU_Mapped model buffer size =  4944.60 MiB
load_tensors:        CUDA0 model buffer size =  3621.44 MiB
...........................................................................................
common_init_result: added </s> logit bias = -inf
common_init_result: added <|endoftext|> logit bias = -inf
common_init_result: added <|im_end|> logit bias = -inf
common_init_result: added <|fim_pad|> logit bias = -inf
common_init_result: added <|repo_name|> logit bias = -inf
common_init_result: added <|file_sep|> logit bias = -inf
llama_context: constructing llama_context
llama_context: n_seq_max     = 4
llama_context: n_ctx         = 4096
llama_context: n_ctx_seq     = 4096
llama_context: n_batch       = 2048
llama_context: n_ubatch      = 512
llama_context: causal_attn   = 1
llama_context: flash_attn    = auto
llama_context: kv_unified    = true
llama_context: freq_base     = 1000000.0
llama_context: freq_scale    = 1
llama_context: n_ctx_seq (4096) < n_ctx_train (32768) -- the full capacity of the model will not be utilized
llama_context:  CUDA_Host  output buffer size =     2.32 MiB
llama_kv_cache:        CPU KV buffer size =   464.00 MiB
llama_kv_cache:      CUDA0 KV buffer size =   304.00 MiB
llama_kv_cache: size =  768.00 MiB (  4096 cells,  48 layers,  4/1 seqs), K (f16):  384.00 MiB, V (f16):  384.00 MiB
llama_kv_cache: attn_rot_k = 0
llama_kv_cache: attn_rot_v = 0
sched_reserve: reserving ...
sched_reserve: Flash Attention was auto, set to enabled
sched_reserve: resolving fused Gated Delta Net support:
sched_reserve: fused Gated Delta Net (autoregressive) enabled
sched_reserve: fused Gated Delta Net (chunked) enabled
sched_reserve:      CUDA0 compute buffer size =   317.00 MiB
sched_reserve:  CUDA_Host compute buffer size =    28.01 MiB
sched_reserve: graph nodes  = 1639
sched_reserve: graph splits = 408 (with bs=512), 2 (with bs=1)
sched_reserve: reserve took 16.31 ms, sched copies = 1
common_init_from_params: warming up the model with an empty run - please wait ... (--no-warmup to disable)

========== STOP QWEN ==========


========== START QWEN ==========
ggml_cuda_init: found 1 CUDA devices (Total VRAM: 6140 MiB):
  Device 0: NVIDIA GeForce RTX 4050 Laptop GPU, compute capability 8.9, VMM: yes, VRAM: 6140 MiB
load_backend: loaded CUDA backend from D:\repos\112\Simulator112\llama-b8665-bin-win-cuda-13.1-x64\ggml-cuda.dll
load_backend: loaded RPC backend from D:\repos\112\Simulator112\llama-b8665-bin-win-cuda-13.1-x64\ggml-rpc.dll
load_backend: loaded CPU backend from D:\repos\112\Simulator112\llama-b8665-bin-win-cuda-13.1-x64\ggml-cpu-haswell.dll
main: n_parallel is set to auto, using n_parallel = 4 and kv_unified = true
system info: n_threads = 6, n_threads_batch = 6, total_threads = 16

system_info: n_threads = 6 (n_threads_batch = 6) / 16 | CUDA : ARCHS = 750,800,860,890,1200,1210 | USE_GRAPHS = 1 | PEER_MAX_BATCH_SIZE = 128 | CPU : SSE3 = 1 | SSSE3 = 1 | AVX = 1 | AVX2 = 1 | F16C = 1 | FMA = 1 | BMI2 = 1 | LLAMAFILE = 1 | OPENMP = 1 | REPACK = 1 | 

Running without SSL
init: using 15 threads for HTTP server
start: binding port with default address family
main: loading model
srv    load_model: loading model '.\qwen2.5-14b-instruct-q4_k_m.gguf'
common_init_result: fitting params to device memory, for bugs during this step try to reproduce them with -fit off, or provide --verbose logs if the bug only occurs with -fit on
llama_params_fit_impl: projected to use 4242 MiB of device memory vs. 5080 MiB of free device memory
llama_params_fit_impl: cannot meet free memory target of 1024 MiB, need to reduce device memory by 186 MiB
llama_params_fit_impl: context size set by user to 4096 -> no change
llama_params_fit: failed to fit params to free device memory: n_gpu_layers already set by user to 20, abort
llama_params_fit: fitting params to free memory took 0.38 seconds
llama_model_load_from_file_impl: using device CUDA0 (NVIDIA GeForce RTX 4050 Laptop GPU) (0000:01:00.0) - 5080 MiB free
llama_model_loader: loaded meta data with 34 key-value pairs and 579 tensors from .\qwen2.5-14b-instruct-q4_k_m.gguf (version GGUF V3 (latest))
llama_model_loader: Dumping metadata keys/values. Note: KV overrides do not apply in this output.
llama_model_loader: - kv   0:                       general.architecture str              = qwen2
llama_model_loader: - kv   1:                               general.type str              = model
llama_model_loader: - kv   2:                               general.name str              = Qwen2.5 14B Instruct
llama_model_loader: - kv   3:                           general.finetune str              = Instruct
llama_model_loader: - kv   4:                           general.basename str              = Qwen2.5
llama_model_loader: - kv   5:                         general.size_label str              = 14B
llama_model_loader: - kv   6:                            general.license str              = apache-2.0
llama_model_loader: - kv   7:                       general.license.link str              = https://huggingface.co/Qwen/Qwen2.5-1...
llama_model_loader: - kv   8:                   general.base_model.count u32              = 1
llama_model_loader: - kv   9:                  general.base_model.0.name str              = Qwen2.5 14B
llama_model_loader: - kv  10:          general.base_model.0.organization str              = Qwen
llama_model_loader: - kv  11:              general.base_model.0.repo_url str              = https://huggingface.co/Qwen/Qwen2.5-14B
llama_model_loader: - kv  12:                               general.tags arr[str,2]       = ["chat", "text-generation"]
llama_model_loader: - kv  13:                          general.languages arr[str,1]       = ["en"]
llama_model_loader: - kv  14:                          qwen2.block_count u32              = 48
llama_model_loader: - kv  15:                       qwen2.context_length u32              = 32768
llama_model_loader: - kv  16:                     qwen2.embedding_length u32              = 5120
llama_model_loader: - kv  17:                  qwen2.feed_forward_length u32              = 13824
llama_model_loader: - kv  18:                 qwen2.attention.head_count u32              = 40
llama_model_loader: - kv  19:              qwen2.attention.head_count_kv u32              = 8
llama_model_loader: - kv  20:                       qwen2.rope.freq_base f32              = 1000000.000000
llama_model_loader: - kv  21:     qwen2.attention.layer_norm_rms_epsilon f32              = 0.000001
llama_model_loader: - kv  22:                          general.file_type u32              = 15
llama_model_loader: - kv  23:                       tokenizer.ggml.model str              = gpt2
llama_model_loader: - kv  24:                         tokenizer.ggml.pre str              = qwen2
llama_model_loader: - kv  25:                      tokenizer.ggml.tokens arr[str,152064]  = ["!", "\"", "#", "$", "%", "&", "'", ...
llama_model_loader: - kv  26:                  tokenizer.ggml.token_type arr[i32,152064]  = [1, 1, 1, 1, 1, 1, 1, 1, 1, 1, 1, 1, ...
llama_model_loader: - kv  27:                      tokenizer.ggml.merges arr[str,151387]  = ["Ġ Ġ", "ĠĠ ĠĠ", "i n", "Ġ t",...
llama_model_loader: - kv  28:                tokenizer.ggml.eos_token_id u32              = 151645
llama_model_loader: - kv  29:            tokenizer.ggml.padding_token_id u32              = 151643
llama_model_loader: - kv  30:                tokenizer.ggml.bos_token_id u32              = 151643
llama_model_loader: - kv  31:               tokenizer.ggml.add_bos_token bool             = false
llama_model_loader: - kv  32:                    tokenizer.chat_template str              = {%- if tools %}\n    {{- '<|im_start|>...
llama_model_loader: - kv  33:               general.quantization_version u32              = 2
llama_model_loader: - type  f32:  241 tensors
llama_model_loader: - type q4_K:  289 tensors
llama_model_loader: - type q6_K:   49 tensors
print_info: file format = GGUF V3 (latest)
print_info: file type   = Q4_K - Medium
print_info: file size   = 8.37 GiB (4.87 BPW) 
load: 0 unused tokens
load: control-looking token: 128247 '</s>' was not control-type; this is probably a bug in the model. its type will be overridden
load: printing all EOG tokens:
load:   - 128247 ('</s>')
load:   - 151643 ('<|endoftext|>')
load:   - 151645 ('<|im_end|>')
load:   - 151662 ('<|fim_pad|>')
load:   - 151663 ('<|repo_name|>')
load:   - 151664 ('<|file_sep|>')
load: special tokens cache size = 23
load: token to piece cache size = 0.9310 MB
print_info: arch                  = qwen2
print_info: vocab_only            = 0
print_info: no_alloc              = 0
print_info: n_ctx_train           = 32768
print_info: n_embd                = 5120
print_info: n_embd_inp            = 5120
print_info: n_layer               = 48
print_info: n_head                = 40
print_info: n_head_kv             = 8
print_info: n_rot                 = 128
print_info: n_swa                 = 0
print_info: is_swa_any            = 0
print_info: n_embd_head_k         = 128
print_info: n_embd_head_v         = 128
print_info: n_gqa                 = 5
print_info: n_embd_k_gqa          = 1024
print_info: n_embd_v_gqa          = 1024
print_info: f_norm_eps            = 0.0e+00
print_info: f_norm_rms_eps        = 1.0e-06
print_info: f_clamp_kqv           = 0.0e+00
print_info: f_max_alibi_bias      = 0.0e+00
print_info: f_logit_scale         = 0.0e+00
print_info: f_attn_scale          = 0.0e+00
print_info: n_ff                  = 13824
print_info: n_expert              = 0
print_info: n_expert_used         = 0
print_info: n_expert_groups       = 0
print_info: n_group_used          = 0
print_info: causal attn           = 1
print_info: pooling type          = -1
print_info: rope type             = 2
print_info: rope scaling          = linear
print_info: freq_base_train       = 1000000.0
print_info: freq_scale_train      = 1
print_info: n_ctx_orig_yarn       = 32768
print_info: rope_yarn_log_mul     = 0.0000
print_info: rope_finetuned        = unknown
print_info: model type            = 14B
print_info: model params          = 14.77 B
print_info: general.name          = Qwen2.5 14B Instruct
print_info: vocab type            = BPE
print_info: n_vocab               = 152064
print_info: n_merges              = 151387
print_info: BOS token             = 151643 '<|endoftext|>'
print_info: EOS token             = 151645 '<|im_end|>'
print_info: EOT token             = 151645 '<|im_end|>'
print_info: PAD token             = 151643 '<|endoftext|>'
print_info: LF token              = 198 'Ċ'
print_info: FIM PRE token         = 151659 '<|fim_prefix|>'
print_info: FIM SUF token         = 151661 '<|fim_suffix|>'
print_info: FIM MID token         = 151660 '<|fim_middle|>'
print_info: FIM PAD token         = 151662 '<|fim_pad|>'
print_info: FIM REP token         = 151663 '<|repo_name|>'
print_info: FIM SEP token         = 151664 '<|file_sep|>'
print_info: EOG token             = 128247 '</s>'
print_info: EOG token             = 151643 '<|endoftext|>'
print_info: EOG token             = 151645 '<|im_end|>'
print_info: EOG token             = 151662 '<|fim_pad|>'
print_info: EOG token             = 151663 '<|repo_name|>'
print_info: EOG token             = 151664 '<|file_sep|>'
print_info: max token length      = 256
load_tensors: loading model tensors, this can take a while... (mmap = true, direct_io = false)
load_tensors: offloading output layer to GPU
load_tensors: offloading 19 repeating layers to GPU
load_tensors: offloaded 20/49 layers to GPU
load_tensors:   CPU_Mapped model buffer size =  4944.60 MiB
load_tensors:        CUDA0 model buffer size =  3621.44 MiB
...........................................................................................
common_init_result: added </s> logit bias = -inf
common_init_result: added <|endoftext|> logit bias = -inf
common_init_result: added <|im_end|> logit bias = -inf
common_init_result: added <|fim_pad|> logit bias = -inf
common_init_result: added <|repo_name|> logit bias = -inf
common_init_result: added <|file_sep|> logit bias = -inf
llama_context: constructing llama_context
llama_context: n_seq_max     = 4
llama_context: n_ctx         = 4096
llama_context: n_ctx_seq     = 4096
llama_context: n_batch       = 2048
llama_context: n_ubatch      = 512
llama_context: causal_attn   = 1
llama_context: flash_attn    = auto
llama_context: kv_unified    = true
llama_context: freq_base     = 1000000.0
llama_context: freq_scale    = 1
llama_context: n_ctx_seq (4096) < n_ctx_train (32768) -- the full capacity of the model will not be utilized
llama_context:  CUDA_Host  output buffer size =     2.32 MiB
llama_kv_cache:        CPU KV buffer size =   464.00 MiB
llama_kv_cache:      CUDA0 KV buffer size =   304.00 MiB
llama_kv_cache: size =  768.00 MiB (  4096 cells,  48 layers,  4/1 seqs), K (f16):  384.00 MiB, V (f16):  384.00 MiB
llama_kv_cache: attn_rot_k = 0
llama_kv_cache: attn_rot_v = 0
sched_reserve: reserving ...
sched_reserve: Flash Attention was auto, set to enabled
sched_reserve: resolving fused Gated Delta Net support:
sched_reserve: fused Gated Delta Net (autoregressive) enabled
sched_reserve: fused Gated Delta Net (chunked) enabled
sched_reserve:      CUDA0 compute buffer size =   317.00 MiB
sched_reserve:  CUDA_Host compute buffer size =    28.01 MiB
sched_reserve: graph nodes  = 1639
sched_reserve: graph splits = 408 (with bs=512), 2 (with bs=1)
sched_reserve: reserve took 31.69 ms, sched copies = 1
common_init_from_params: warming up the model with an empty run - please wait ... (--no-warmup to disable)
srv    load_model: initializing slots, n_slots = 4
no implementations specified for speculative decoding
slot   load_model: id  0 | task -1 | speculative decoding context not initialized
slot   load_model: id  0 | task -1 | new slot, n_ctx = 4096
no implementations specified for speculative decoding
slot   load_model: id  1 | task -1 | speculative decoding context not initialized
slot   load_model: id  1 | task -1 | new slot, n_ctx = 4096
no implementations specified for speculative decoding
slot   load_model: id  2 | task -1 | speculative decoding context not initialized
slot   load_model: id  2 | task -1 | new slot, n_ctx = 4096
no implementations specified for speculative decoding
slot   load_model: id  3 | task -1 | speculative decoding context not initialized
slot   load_model: id  3 | task -1 | new slot, n_ctx = 4096
srv    load_model: prompt cache is enabled, size limit: 8192 MiB
srv    load_model: use `--cache-ram 0` to disable the prompt cache
srv    load_model: for more info see https://github.com/ggml-org/llama.cpp/pull/16391
srv          init: init: idle slots will be saved to prompt cache and cleared upon starting a new task
init: chat template, example_format: '<|im_start|>system
You are a helpful assistant<|im_end|>
<|im_start|>user
Hello<|im_end|>
<|im_start|>assistant
Hi there<|im_end|>
<|im_start|>user
How are you?<|im_end|>
<|im_start|>assistant
'
srv          init: init: chat template, thinking = 0
main: model loaded
main: server is listening on http://0.0.0.0:8080
main: starting the main loop...
srv  update_slots: all slots are idle

========== STOP QWEN ==========


========== START QWEN ==========
ggml_cuda_init: found 1 CUDA devices (Total VRAM: 6140 MiB):
  Device 0: NVIDIA GeForce RTX 4050 Laptop GPU, compute capability 8.9, VMM: yes, VRAM: 6140 MiB
load_backend: loaded CUDA backend from D:\repos\112\Simulator112\llama-b8665-bin-win-cuda-13.1-x64\ggml-cuda.dll
load_backend: loaded RPC backend from D:\repos\112\Simulator112\llama-b8665-bin-win-cuda-13.1-x64\ggml-rpc.dll
load_backend: loaded CPU backend from D:\repos\112\Simulator112\llama-b8665-bin-win-cuda-13.1-x64\ggml-cpu-haswell.dll
main: n_parallel is set to auto, using n_parallel = 4 and kv_unified = true
system info: n_threads = 6, n_threads_batch = 6, total_threads = 16

system_info: n_threads = 6 (n_threads_batch = 6) / 16 | CUDA : ARCHS = 750,800,860,890,1200,1210 | USE_GRAPHS = 1 | PEER_MAX_BATCH_SIZE = 128 | CPU : SSE3 = 1 | SSSE3 = 1 | AVX = 1 | AVX2 = 1 | F16C = 1 | FMA = 1 | BMI2 = 1 | LLAMAFILE = 1 | OPENMP = 1 | REPACK = 1 | 

Running without SSL
init: using 15 threads for HTTP server
start: binding port with default address family
main: loading model
srv    load_model: loading model '.\qwen2.5-14b-instruct-q4_k_m.gguf'
common_init_result: fitting params to device memory, for bugs during this step try to reproduce them with -fit off, or provide --verbose logs if the bug only occurs with -fit on
llama_params_fit_impl: projected to use 4242 MiB of device memory vs. 5080 MiB of free device memory
llama_params_fit_impl: cannot meet free memory target of 1024 MiB, need to reduce device memory by 186 MiB
llama_params_fit_impl: context size set by user to 4096 -> no change
llama_params_fit: failed to fit params to free device memory: n_gpu_layers already set by user to 20, abort
llama_params_fit: fitting params to free memory took 0.42 seconds
llama_model_load_from_file_impl: using device CUDA0 (NVIDIA GeForce RTX 4050 Laptop GPU) (0000:01:00.0) - 5080 MiB free
llama_model_loader: loaded meta data with 34 key-value pairs and 579 tensors from .\qwen2.5-14b-instruct-q4_k_m.gguf (version GGUF V3 (latest))
llama_model_loader: Dumping metadata keys/values. Note: KV overrides do not apply in this output.
llama_model_loader: - kv   0:                       general.architecture str              = qwen2
llama_model_loader: - kv   1:                               general.type str              = model
llama_model_loader: - kv   2:                               general.name str              = Qwen2.5 14B Instruct
llama_model_loader: - kv   3:                           general.finetune str              = Instruct
llama_model_loader: - kv   4:                           general.basename str              = Qwen2.5
llama_model_loader: - kv   5:                         general.size_label str              = 14B
llama_model_loader: - kv   6:                            general.license str              = apache-2.0
llama_model_loader: - kv   7:                       general.license.link str              = https://huggingface.co/Qwen/Qwen2.5-1...
llama_model_loader: - kv   8:                   general.base_model.count u32              = 1
llama_model_loader: - kv   9:                  general.base_model.0.name str              = Qwen2.5 14B
llama_model_loader: - kv  10:          general.base_model.0.organization str              = Qwen
llama_model_loader: - kv  11:              general.base_model.0.repo_url str              = https://huggingface.co/Qwen/Qwen2.5-14B
llama_model_loader: - kv  12:                               general.tags arr[str,2]       = ["chat", "text-generation"]
llama_model_loader: - kv  13:                          general.languages arr[str,1]       = ["en"]
llama_model_loader: - kv  14:                          qwen2.block_count u32              = 48
llama_model_loader: - kv  15:                       qwen2.context_length u32              = 32768
llama_model_loader: - kv  16:                     qwen2.embedding_length u32              = 5120
llama_model_loader: - kv  17:                  qwen2.feed_forward_length u32              = 13824
llama_model_loader: - kv  18:                 qwen2.attention.head_count u32              = 40
llama_model_loader: - kv  19:              qwen2.attention.head_count_kv u32              = 8
llama_model_loader: - kv  20:                       qwen2.rope.freq_base f32              = 1000000.000000
llama_model_loader: - kv  21:     qwen2.attention.layer_norm_rms_epsilon f32              = 0.000001
llama_model_loader: - kv  22:                          general.file_type u32              = 15
llama_model_loader: - kv  23:                       tokenizer.ggml.model str              = gpt2
llama_model_loader: - kv  24:                         tokenizer.ggml.pre str              = qwen2
llama_model_loader: - kv  25:                      tokenizer.ggml.tokens arr[str,152064]  = ["!", "\"", "#", "$", "%", "&", "'", ...
llama_model_loader: - kv  26:                  tokenizer.ggml.token_type arr[i32,152064]  = [1, 1, 1, 1, 1, 1, 1, 1, 1, 1, 1, 1, ...
llama_model_loader: - kv  27:                      tokenizer.ggml.merges arr[str,151387]  = ["Ġ Ġ", "ĠĠ ĠĠ", "i n", "Ġ t",...
llama_model_loader: - kv  28:                tokenizer.ggml.eos_token_id u32              = 151645
llama_model_loader: - kv  29:            tokenizer.ggml.padding_token_id u32              = 151643
llama_model_loader: - kv  30:                tokenizer.ggml.bos_token_id u32              = 151643
llama_model_loader: - kv  31:               tokenizer.ggml.add_bos_token bool             = false
llama_model_loader: - kv  32:                    tokenizer.chat_template str              = {%- if tools %}\n    {{- '<|im_start|>...
llama_model_loader: - kv  33:               general.quantization_version u32              = 2
llama_model_loader: - type  f32:  241 tensors
llama_model_loader: - type q4_K:  289 tensors
llama_model_loader: - type q6_K:   49 tensors
print_info: file format = GGUF V3 (latest)
print_info: file type   = Q4_K - Medium
print_info: file size   = 8.37 GiB (4.87 BPW) 
load: 0 unused tokens
load: control-looking token: 128247 '</s>' was not control-type; this is probably a bug in the model. its type will be overridden
load: printing all EOG tokens:
load:   - 128247 ('</s>')
load:   - 151643 ('<|endoftext|>')
load:   - 151645 ('<|im_end|>')
load:   - 151662 ('<|fim_pad|>')
load:   - 151663 ('<|repo_name|>')
load:   - 151664 ('<|file_sep|>')
load: special tokens cache size = 23
load: token to piece cache size = 0.9310 MB
print_info: arch                  = qwen2
print_info: vocab_only            = 0
print_info: no_alloc              = 0
print_info: n_ctx_train           = 32768
print_info: n_embd                = 5120
print_info: n_embd_inp            = 5120
print_info: n_layer               = 48
print_info: n_head                = 40
print_info: n_head_kv             = 8
print_info: n_rot                 = 128
print_info: n_swa                 = 0
print_info: is_swa_any            = 0
print_info: n_embd_head_k         = 128
print_info: n_embd_head_v         = 128
print_info: n_gqa                 = 5
print_info: n_embd_k_gqa          = 1024
print_info: n_embd_v_gqa          = 1024
print_info: f_norm_eps            = 0.0e+00
print_info: f_norm_rms_eps        = 1.0e-06
print_info: f_clamp_kqv           = 0.0e+00
print_info: f_max_alibi_bias      = 0.0e+00
print_info: f_logit_scale         = 0.0e+00
print_info: f_attn_scale          = 0.0e+00
print_info: n_ff                  = 13824
print_info: n_expert              = 0
print_info: n_expert_used         = 0
print_info: n_expert_groups       = 0
print_info: n_group_used          = 0
print_info: causal attn           = 1
print_info: pooling type          = -1
print_info: rope type             = 2
print_info: rope scaling          = linear
print_info: freq_base_train       = 1000000.0
print_info: freq_scale_train      = 1
print_info: n_ctx_orig_yarn       = 32768
print_info: rope_yarn_log_mul     = 0.0000
print_info: rope_finetuned        = unknown
print_info: model type            = 14B
print_info: model params          = 14.77 B
print_info: general.name          = Qwen2.5 14B Instruct
print_info: vocab type            = BPE
print_info: n_vocab               = 152064
print_info: n_merges              = 151387
print_info: BOS token             = 151643 '<|endoftext|>'
print_info: EOS token             = 151645 '<|im_end|>'
print_info: EOT token             = 151645 '<|im_end|>'
print_info: PAD token             = 151643 '<|endoftext|>'
print_info: LF token              = 198 'Ċ'
print_info: FIM PRE token         = 151659 '<|fim_prefix|>'
print_info: FIM SUF token         = 151661 '<|fim_suffix|>'
print_info: FIM MID token         = 151660 '<|fim_middle|>'
print_info: FIM PAD token         = 151662 '<|fim_pad|>'
print_info: FIM REP token         = 151663 '<|repo_name|>'
print_info: FIM SEP token         = 151664 '<|file_sep|>'
print_info: EOG token             = 128247 '</s>'
print_info: EOG token             = 151643 '<|endoftext|>'
print_info: EOG token             = 151645 '<|im_end|>'
print_info: EOG token             = 151662 '<|fim_pad|>'
print_info: EOG token             = 151663 '<|repo_name|>'
print_info: EOG token             = 151664 '<|file_sep|>'
print_info: max token length      = 256
load_tensors: loading model tensors, this can take a while... (mmap = true, direct_io = false)
load_tensors: offloading output layer to GPU
load_tensors: offloading 19 repeating layers to GPU
load_tensors: offloaded 20/49 layers to GPU
load_tensors:   CPU_Mapped model buffer size =  4944.60 MiB
load_tensors:        CUDA0 model buffer size =  3621.44 MiB
...........................................................................................
common_init_result: added </s> logit bias = -inf
common_init_result: added <|endoftext|> logit bias = -inf
common_init_result: added <|im_end|> logit bias = -inf
common_init_result: added <|fim_pad|> logit bias = -inf
common_init_result: added <|repo_name|> logit bias = -inf
common_init_result: added <|file_sep|> logit bias = -inf
llama_context: constructing llama_context
llama_context: n_seq_max     = 4
llama_context: n_ctx         = 4096
llama_context: n_ctx_seq     = 4096
llama_context: n_batch       = 2048
llama_context: n_ubatch      = 512
llama_context: causal_attn   = 1
llama_context: flash_attn    = auto
llama_context: kv_unified    = true
llama_context: freq_base     = 1000000.0
llama_context: freq_scale    = 1
llama_context: n_ctx_seq (4096) < n_ctx_train (32768) -- the full capacity of the model will not be utilized
llama_context:  CUDA_Host  output buffer size =     2.32 MiB
llama_kv_cache:        CPU KV buffer size =   464.00 MiB
llama_kv_cache:      CUDA0 KV buffer size =   304.00 MiB
llama_kv_cache: size =  768.00 MiB (  4096 cells,  48 layers,  4/1 seqs), K (f16):  384.00 MiB, V (f16):  384.00 MiB
llama_kv_cache: attn_rot_k = 0
llama_kv_cache: attn_rot_v = 0
sched_reserve: reserving ...
sched_reserve: Flash Attention was auto, set to enabled
sched_reserve: resolving fused Gated Delta Net support:
sched_reserve: fused Gated Delta Net (autoregressive) enabled
sched_reserve: fused Gated Delta Net (chunked) enabled
sched_reserve:      CUDA0 compute buffer size =   317.00 MiB
sched_reserve:  CUDA_Host compute buffer size =    28.01 MiB
sched_reserve: graph nodes  = 1639
sched_reserve: graph splits = 408 (with bs=512), 2 (with bs=1)
sched_reserve: reserve took 10.11 ms, sched copies = 1
common_init_from_params: warming up the model with an empty run - please wait ... (--no-warmup to disable)
srv    load_model: initializing slots, n_slots = 4
no implementations specified for speculative decoding
slot   load_model: id  0 | task -1 | speculative decoding context not initialized
slot   load_model: id  0 | task -1 | new slot, n_ctx = 4096
no implementations specified for speculative decoding
slot   load_model: id  1 | task -1 | speculative decoding context not initialized
slot   load_model: id  1 | task -1 | new slot, n_ctx = 4096
no implementations specified for speculative decoding
slot   load_model: id  2 | task -1 | speculative decoding context not initialized
slot   load_model: id  2 | task -1 | new slot, n_ctx = 4096
no implementations specified for speculative decoding
slot   load_model: id  3 | task -1 | speculative decoding context not initialized
slot   load_model: id  3 | task -1 | new slot, n_ctx = 4096
srv    load_model: prompt cache is enabled, size limit: 8192 MiB
srv    load_model: use `--cache-ram 0` to disable the prompt cache
srv    load_model: for more info see https://github.com/ggml-org/llama.cpp/pull/16391
srv          init: init: idle slots will be saved to prompt cache and cleared upon starting a new task
init: chat template, example_format: '<|im_start|>system
You are a helpful assistant<|im_end|>
<|im_start|>user
Hello<|im_end|>
<|im_start|>assistant
Hi there<|im_end|>
<|im_start|>user
How are you?<|im_end|>
<|im_start|>assistant
'
srv          init: init: chat template, thinking = 0
main: model loaded
main: server is listening on http://0.0.0.0:8080
main: starting the main loop...
srv  update_slots: all slots are idle

========== STOP QWEN ==========


========== START QWEN ==========
ggml_cuda_init: found 1 CUDA devices (Total VRAM: 6140 MiB):
  Device 0: NVIDIA GeForce RTX 4050 Laptop GPU, compute capability 8.9, VMM: yes, VRAM: 6140 MiB
load_backend: loaded CUDA backend from D:\repos\112\Simulator112\llama-b8665-bin-win-cuda-13.1-x64\ggml-cuda.dll
load_backend: loaded RPC backend from D:\repos\112\Simulator112\llama-b8665-bin-win-cuda-13.1-x64\ggml-rpc.dll
load_backend: loaded CPU backend from D:\repos\112\Simulator112\llama-b8665-bin-win-cuda-13.1-x64\ggml-cpu-haswell.dll
main: n_parallel is set to auto, using n_parallel = 4 and kv_unified = true
system info: n_threads = 6, n_threads_batch = 6, total_threads = 16

system_info: n_threads = 6 (n_threads_batch = 6) / 16 | CUDA : ARCHS = 750,800,860,890,1200,1210 | USE_GRAPHS = 1 | PEER_MAX_BATCH_SIZE = 128 | CPU : SSE3 = 1 | SSSE3 = 1 | AVX = 1 | AVX2 = 1 | F16C = 1 | FMA = 1 | BMI2 = 1 | LLAMAFILE = 1 | OPENMP = 1 | REPACK = 1 | 

Running without SSL
init: using 15 threads for HTTP server
start: binding port with default address family
main: loading model
srv    load_model: loading model '.\qwen2.5-14b-instruct-q4_k_m.gguf'
common_init_result: fitting params to device memory, for bugs during this step try to reproduce them with -fit off, or provide --verbose logs if the bug only occurs with -fit on
llama_params_fit_impl: projected to use 4242 MiB of device memory vs. 5080 MiB of free device memory
llama_params_fit_impl: cannot meet free memory target of 1024 MiB, need to reduce device memory by 186 MiB
llama_params_fit_impl: context size set by user to 4096 -> no change
llama_params_fit: failed to fit params to free device memory: n_gpu_layers already set by user to 20, abort
llama_params_fit: fitting params to free memory took 0.40 seconds
llama_model_load_from_file_impl: using device CUDA0 (NVIDIA GeForce RTX 4050 Laptop GPU) (0000:01:00.0) - 5080 MiB free
llama_model_loader: loaded meta data with 34 key-value pairs and 579 tensors from .\qwen2.5-14b-instruct-q4_k_m.gguf (version GGUF V3 (latest))
llama_model_loader: Dumping metadata keys/values. Note: KV overrides do not apply in this output.
llama_model_loader: - kv   0:                       general.architecture str              = qwen2
llama_model_loader: - kv   1:                               general.type str              = model
llama_model_loader: - kv   2:                               general.name str              = Qwen2.5 14B Instruct
llama_model_loader: - kv   3:                           general.finetune str              = Instruct
llama_model_loader: - kv   4:                           general.basename str              = Qwen2.5
llama_model_loader: - kv   5:                         general.size_label str              = 14B
llama_model_loader: - kv   6:                            general.license str              = apache-2.0
llama_model_loader: - kv   7:                       general.license.link str              = https://huggingface.co/Qwen/Qwen2.5-1...
llama_model_loader: - kv   8:                   general.base_model.count u32              = 1
llama_model_loader: - kv   9:                  general.base_model.0.name str              = Qwen2.5 14B
llama_model_loader: - kv  10:          general.base_model.0.organization str              = Qwen
llama_model_loader: - kv  11:              general.base_model.0.repo_url str              = https://huggingface.co/Qwen/Qwen2.5-14B
llama_model_loader: - kv  12:                               general.tags arr[str,2]       = ["chat", "text-generation"]
llama_model_loader: - kv  13:                          general.languages arr[str,1]       = ["en"]
llama_model_loader: - kv  14:                          qwen2.block_count u32              = 48
llama_model_loader: - kv  15:                       qwen2.context_length u32              = 32768
llama_model_loader: - kv  16:                     qwen2.embedding_length u32              = 5120
llama_model_loader: - kv  17:                  qwen2.feed_forward_length u32              = 13824
llama_model_loader: - kv  18:                 qwen2.attention.head_count u32              = 40
llama_model_loader: - kv  19:              qwen2.attention.head_count_kv u32              = 8
llama_model_loader: - kv  20:                       qwen2.rope.freq_base f32              = 1000000.000000
llama_model_loader: - kv  21:     qwen2.attention.layer_norm_rms_epsilon f32              = 0.000001
llama_model_loader: - kv  22:                          general.file_type u32              = 15
llama_model_loader: - kv  23:                       tokenizer.ggml.model str              = gpt2
llama_model_loader: - kv  24:                         tokenizer.ggml.pre str              = qwen2
llama_model_loader: - kv  25:                      tokenizer.ggml.tokens arr[str,152064]  = ["!", "\"", "#", "$", "%", "&", "'", ...
llama_model_loader: - kv  26:                  tokenizer.ggml.token_type arr[i32,152064]  = [1, 1, 1, 1, 1, 1, 1, 1, 1, 1, 1, 1, ...
llama_model_loader: - kv  27:                      tokenizer.ggml.merges arr[str,151387]  = ["Ġ Ġ", "ĠĠ ĠĠ", "i n", "Ġ t",...
llama_model_loader: - kv  28:                tokenizer.ggml.eos_token_id u32              = 151645
llama_model_loader: - kv  29:            tokenizer.ggml.padding_token_id u32              = 151643
llama_model_loader: - kv  30:                tokenizer.ggml.bos_token_id u32              = 151643
llama_model_loader: - kv  31:               tokenizer.ggml.add_bos_token bool             = false
llama_model_loader: - kv  32:                    tokenizer.chat_template str              = {%- if tools %}\n    {{- '<|im_start|>...
llama_model_loader: - kv  33:               general.quantization_version u32              = 2
llama_model_loader: - type  f32:  241 tensors
llama_model_loader: - type q4_K:  289 tensors
llama_model_loader: - type q6_K:   49 tensors
print_info: file format = GGUF V3 (latest)
print_info: file type   = Q4_K - Medium
print_info: file size   = 8.37 GiB (4.87 BPW) 
load: 0 unused tokens
load: control-looking token: 128247 '</s>' was not control-type; this is probably a bug in the model. its type will be overridden
load: printing all EOG tokens:
load:   - 128247 ('</s>')
load:   - 151643 ('<|endoftext|>')
load:   - 151645 ('<|im_end|>')
load:   - 151662 ('<|fim_pad|>')
load:   - 151663 ('<|repo_name|>')
load:   - 151664 ('<|file_sep|>')
load: special tokens cache size = 23
load: token to piece cache size = 0.9310 MB
print_info: arch                  = qwen2
print_info: vocab_only            = 0
print_info: no_alloc              = 0
print_info: n_ctx_train           = 32768
print_info: n_embd                = 5120
print_info: n_embd_inp            = 5120
print_info: n_layer               = 48
print_info: n_head                = 40
print_info: n_head_kv             = 8
print_info: n_rot                 = 128
print_info: n_swa                 = 0
print_info: is_swa_any            = 0
print_info: n_embd_head_k         = 128
print_info: n_embd_head_v         = 128
print_info: n_gqa                 = 5
print_info: n_embd_k_gqa          = 1024
print_info: n_embd_v_gqa          = 1024
print_info: f_norm_eps            = 0.0e+00
print_info: f_norm_rms_eps        = 1.0e-06
print_info: f_clamp_kqv           = 0.0e+00
print_info: f_max_alibi_bias      = 0.0e+00
print_info: f_logit_scale         = 0.0e+00
print_info: f_attn_scale          = 0.0e+00
print_info: n_ff                  = 13824
print_info: n_expert              = 0
print_info: n_expert_used         = 0
print_info: n_expert_groups       = 0
print_info: n_group_used          = 0
print_info: causal attn           = 1
print_info: pooling type          = -1
print_info: rope type             = 2
print_info: rope scaling          = linear
print_info: freq_base_train       = 1000000.0
print_info: freq_scale_train      = 1
print_info: n_ctx_orig_yarn       = 32768
print_info: rope_yarn_log_mul     = 0.0000
print_info: rope_finetuned        = unknown
print_info: model type            = 14B
print_info: model params          = 14.77 B
print_info: general.name          = Qwen2.5 14B Instruct
print_info: vocab type            = BPE
print_info: n_vocab               = 152064
print_info: n_merges              = 151387
print_info: BOS token             = 151643 '<|endoftext|>'
print_info: EOS token             = 151645 '<|im_end|>'
print_info: EOT token             = 151645 '<|im_end|>'
print_info: PAD token             = 151643 '<|endoftext|>'
print_info: LF token              = 198 'Ċ'
print_info: FIM PRE token         = 151659 '<|fim_prefix|>'
print_info: FIM SUF token         = 151661 '<|fim_suffix|>'
print_info: FIM MID token         = 151660 '<|fim_middle|>'
print_info: FIM PAD token         = 151662 '<|fim_pad|>'
print_info: FIM REP token         = 151663 '<|repo_name|>'
print_info: FIM SEP token         = 151664 '<|file_sep|>'
print_info: EOG token             = 128247 '</s>'
print_info: EOG token             = 151643 '<|endoftext|>'
print_info: EOG token             = 151645 '<|im_end|>'
print_info: EOG token             = 151662 '<|fim_pad|>'
print_info: EOG token             = 151663 '<|repo_name|>'
print_info: EOG token             = 151664 '<|file_sep|>'
print_info: max token length      = 256
load_tensors: loading model tensors, this can take a while... (mmap = true, direct_io = false)
load_tensors: offloading output layer to GPU
load_tensors: offloading 19 repeating layers to GPU
load_tensors: offloaded 20/49 layers to GPU
load_tensors:   CPU_Mapped model buffer size =  4944.60 MiB
load_tensors:        CUDA0 model buffer size =  3621.44 MiB
...........................................................................................
common_init_result: added </s> logit bias = -inf
common_init_result: added <|endoftext|> logit bias = -inf
common_init_result: added <|im_end|> logit bias = -inf
common_init_result: added <|fim_pad|> logit bias = -inf
common_init_result: added <|repo_name|> logit bias = -inf
common_init_result: added <|file_sep|> logit bias = -inf
llama_context: constructing llama_context
llama_context: n_seq_max     = 4
llama_context: n_ctx         = 4096
llama_context: n_ctx_seq     = 4096
llama_context: n_batch       = 2048
llama_context: n_ubatch      = 512
llama_context: causal_attn   = 1
llama_context: flash_attn    = auto
llama_context: kv_unified    = true
llama_context: freq_base     = 1000000.0
llama_context: freq_scale    = 1
llama_context: n_ctx_seq (4096) < n_ctx_train (32768) -- the full capacity of the model will not be utilized
llama_context:  CUDA_Host  output buffer size =     2.32 MiB
llama_kv_cache:        CPU KV buffer size =   464.00 MiB
llama_kv_cache:      CUDA0 KV buffer size =   304.00 MiB
llama_kv_cache: size =  768.00 MiB (  4096 cells,  48 layers,  4/1 seqs), K (f16):  384.00 MiB, V (f16):  384.00 MiB
llama_kv_cache: attn_rot_k = 0
llama_kv_cache: attn_rot_v = 0
sched_reserve: reserving ...
sched_reserve: Flash Attention was auto, set to enabled
sched_reserve: resolving fused Gated Delta Net support:
sched_reserve: fused Gated Delta Net (autoregressive) enabled
sched_reserve: fused Gated Delta Net (chunked) enabled
sched_reserve:      CUDA0 compute buffer size =   317.00 MiB
sched_reserve:  CUDA_Host compute buffer size =    28.01 MiB
sched_reserve: graph nodes  = 1639
sched_reserve: graph splits = 408 (with bs=512), 2 (with bs=1)
sched_reserve: reserve took 8.90 ms, sched copies = 1
common_init_from_params: warming up the model with an empty run - please wait ... (--no-warmup to disable)
srv    load_model: initializing slots, n_slots = 4
no implementations specified for speculative decoding
slot   load_model: id  0 | task -1 | speculative decoding context not initialized
slot   load_model: id  0 | task -1 | new slot, n_ctx = 4096
no implementations specified for speculative decoding
slot   load_model: id  1 | task -1 | speculative decoding context not initialized
slot   load_model: id  1 | task -1 | new slot, n_ctx = 4096
no implementations specified for speculative decoding
slot   load_model: id  2 | task -1 | speculative decoding context not initialized
slot   load_model: id  2 | task -1 | new slot, n_ctx = 4096
no implementations specified for speculative decoding
slot   load_model: id  3 | task -1 | speculative decoding context not initialized
slot   load_model: id  3 | task -1 | new slot, n_ctx = 4096
srv    load_model: prompt cache is enabled, size limit: 8192 MiB
srv    load_model: use `--cache-ram 0` to disable the prompt cache
srv    load_model: for more info see https://github.com/ggml-org/llama.cpp/pull/16391
srv          init: init: idle slots will be saved to prompt cache and cleared upon starting a new task
init: chat template, example_format: '<|im_start|>system
You are a helpful assistant<|im_end|>
<|im_start|>user
Hello<|im_end|>
<|im_start|>assistant
Hi there<|im_end|>
<|im_start|>user
How are you?<|im_end|>
<|im_start|>assistant
'
srv          init: init: chat template, thinking = 0
main: model loaded
main: server is listening on http://0.0.0.0:8080
main: starting the main loop...
srv  update_slots: all slots are idle

========== STOP QWEN ==========


========== START QWEN ==========
ggml_cuda_init: found 1 CUDA devices (Total VRAM: 6140 MiB):
  Device 0: NVIDIA GeForce RTX 4050 Laptop GPU, compute capability 8.9, VMM: yes, VRAM: 6140 MiB
load_backend: loaded CUDA backend from D:\repos\112\Simulator112\llama-b8665-bin-win-cuda-13.1-x64\ggml-cuda.dll
load_backend: loaded RPC backend from D:\repos\112\Simulator112\llama-b8665-bin-win-cuda-13.1-x64\ggml-rpc.dll
load_backend: loaded CPU backend from D:\repos\112\Simulator112\llama-b8665-bin-win-cuda-13.1-x64\ggml-cpu-haswell.dll
main: n_parallel is set to auto, using n_parallel = 4 and kv_unified = true
system info: n_threads = 6, n_threads_batch = 6, total_threads = 16

system_info: n_threads = 6 (n_threads_batch = 6) / 16 | CUDA : ARCHS = 750,800,860,890,1200,1210 | USE_GRAPHS = 1 | PEER_MAX_BATCH_SIZE = 128 | CPU : SSE3 = 1 | SSSE3 = 1 | AVX = 1 | AVX2 = 1 | F16C = 1 | FMA = 1 | BMI2 = 1 | LLAMAFILE = 1 | OPENMP = 1 | REPACK = 1 | 

Running without SSL
init: using 15 threads for HTTP server
start: binding port with default address family
main: loading model
srv    load_model: loading model '.\qwen2.5-14b-instruct-q4_k_m.gguf'
common_init_result: fitting params to device memory, for bugs during this step try to reproduce them with -fit off, or provide --verbose logs if the bug only occurs with -fit on
llama_params_fit_impl: projected to use 4242 MiB of device memory vs. 5080 MiB of free device memory
llama_params_fit_impl: cannot meet free memory target of 1024 MiB, need to reduce device memory by 186 MiB
llama_params_fit_impl: context size set by user to 4096 -> no change
llama_params_fit: failed to fit params to free device memory: n_gpu_layers already set by user to 20, abort
llama_params_fit: fitting params to free memory took 0.41 seconds
llama_model_load_from_file_impl: using device CUDA0 (NVIDIA GeForce RTX 4050 Laptop GPU) (0000:01:00.0) - 5080 MiB free
llama_model_loader: loaded meta data with 34 key-value pairs and 579 tensors from .\qwen2.5-14b-instruct-q4_k_m.gguf (version GGUF V3 (latest))
llama_model_loader: Dumping metadata keys/values. Note: KV overrides do not apply in this output.
llama_model_loader: - kv   0:                       general.architecture str              = qwen2
llama_model_loader: - kv   1:                               general.type str              = model
llama_model_loader: - kv   2:                               general.name str              = Qwen2.5 14B Instruct
llama_model_loader: - kv   3:                           general.finetune str              = Instruct
llama_model_loader: - kv   4:                           general.basename str              = Qwen2.5
llama_model_loader: - kv   5:                         general.size_label str              = 14B
llama_model_loader: - kv   6:                            general.license str              = apache-2.0
llama_model_loader: - kv   7:                       general.license.link str              = https://huggingface.co/Qwen/Qwen2.5-1...
llama_model_loader: - kv   8:                   general.base_model.count u32              = 1
llama_model_loader: - kv   9:                  general.base_model.0.name str              = Qwen2.5 14B
llama_model_loader: - kv  10:          general.base_model.0.organization str              = Qwen
llama_model_loader: - kv  11:              general.base_model.0.repo_url str              = https://huggingface.co/Qwen/Qwen2.5-14B
llama_model_loader: - kv  12:                               general.tags arr[str,2]       = ["chat", "text-generation"]
llama_model_loader: - kv  13:                          general.languages arr[str,1]       = ["en"]
llama_model_loader: - kv  14:                          qwen2.block_count u32              = 48
llama_model_loader: - kv  15:                       qwen2.context_length u32              = 32768
llama_model_loader: - kv  16:                     qwen2.embedding_length u32              = 5120
llama_model_loader: - kv  17:                  qwen2.feed_forward_length u32              = 13824
llama_model_loader: - kv  18:                 qwen2.attention.head_count u32              = 40
llama_model_loader: - kv  19:              qwen2.attention.head_count_kv u32              = 8
llama_model_loader: - kv  20:                       qwen2.rope.freq_base f32              = 1000000.000000
llama_model_loader: - kv  21:     qwen2.attention.layer_norm_rms_epsilon f32              = 0.000001
llama_model_loader: - kv  22:                          general.file_type u32              = 15
llama_model_loader: - kv  23:                       tokenizer.ggml.model str              = gpt2
llama_model_loader: - kv  24:                         tokenizer.ggml.pre str              = qwen2
llama_model_loader: - kv  25:                      tokenizer.ggml.tokens arr[str,152064]  = ["!", "\"", "#", "$", "%", "&", "'", ...
llama_model_loader: - kv  26:                  tokenizer.ggml.token_type arr[i32,152064]  = [1, 1, 1, 1, 1, 1, 1, 1, 1, 1, 1, 1, ...
llama_model_loader: - kv  27:                      tokenizer.ggml.merges arr[str,151387]  = ["Ġ Ġ", "ĠĠ ĠĠ", "i n", "Ġ t",...
llama_model_loader: - kv  28:                tokenizer.ggml.eos_token_id u32              = 151645
llama_model_loader: - kv  29:            tokenizer.ggml.padding_token_id u32              = 151643
llama_model_loader: - kv  30:                tokenizer.ggml.bos_token_id u32              = 151643
llama_model_loader: - kv  31:               tokenizer.ggml.add_bos_token bool             = false
llama_model_loader: - kv  32:                    tokenizer.chat_template str              = {%- if tools %}\n    {{- '<|im_start|>...
llama_model_loader: - kv  33:               general.quantization_version u32              = 2
llama_model_loader: - type  f32:  241 tensors
llama_model_loader: - type q4_K:  289 tensors
llama_model_loader: - type q6_K:   49 tensors
print_info: file format = GGUF V3 (latest)
print_info: file type   = Q4_K - Medium
print_info: file size   = 8.37 GiB (4.87 BPW) 
load: 0 unused tokens
load: control-looking token: 128247 '</s>' was not control-type; this is probably a bug in the model. its type will be overridden
load: printing all EOG tokens:
load:   - 128247 ('</s>')
load:   - 151643 ('<|endoftext|>')
load:   - 151645 ('<|im_end|>')
load:   - 151662 ('<|fim_pad|>')
load:   - 151663 ('<|repo_name|>')
load:   - 151664 ('<|file_sep|>')
load: special tokens cache size = 23
load: token to piece cache size = 0.9310 MB
print_info: arch                  = qwen2
print_info: vocab_only            = 0
print_info: no_alloc              = 0
print_info: n_ctx_train           = 32768
print_info: n_embd                = 5120
print_info: n_embd_inp            = 5120
print_info: n_layer               = 48
print_info: n_head                = 40
print_info: n_head_kv             = 8
print_info: n_rot                 = 128
print_info: n_swa                 = 0
print_info: is_swa_any            = 0
print_info: n_embd_head_k         = 128
print_info: n_embd_head_v         = 128
print_info: n_gqa                 = 5
print_info: n_embd_k_gqa          = 1024
print_info: n_embd_v_gqa          = 1024
print_info: f_norm_eps            = 0.0e+00
print_info: f_norm_rms_eps        = 1.0e-06
print_info: f_clamp_kqv           = 0.0e+00
print_info: f_max_alibi_bias      = 0.0e+00
print_info: f_logit_scale         = 0.0e+00
print_info: f_attn_scale          = 0.0e+00
print_info: n_ff                  = 13824
print_info: n_expert              = 0
print_info: n_expert_used         = 0
print_info: n_expert_groups       = 0
print_info: n_group_used          = 0
print_info: causal attn           = 1
print_info: pooling type          = -1
print_info: rope type             = 2
print_info: rope scaling          = linear
print_info: freq_base_train       = 1000000.0
print_info: freq_scale_train      = 1
print_info: n_ctx_orig_yarn       = 32768
print_info: rope_yarn_log_mul     = 0.0000
print_info: rope_finetuned        = unknown
print_info: model type            = 14B
print_info: model params          = 14.77 B
print_info: general.name          = Qwen2.5 14B Instruct
print_info: vocab type            = BPE
print_info: n_vocab               = 152064
print_info: n_merges              = 151387
print_info: BOS token             = 151643 '<|endoftext|>'
print_info: EOS token             = 151645 '<|im_end|>'
print_info: EOT token             = 151645 '<|im_end|>'
print_info: PAD token             = 151643 '<|endoftext|>'
print_info: LF token              = 198 'Ċ'
print_info: FIM PRE token         = 151659 '<|fim_prefix|>'
print_info: FIM SUF token         = 151661 '<|fim_suffix|>'
print_info: FIM MID token         = 151660 '<|fim_middle|>'
print_info: FIM PAD token         = 151662 '<|fim_pad|>'
print_info: FIM REP token         = 151663 '<|repo_name|>'
print_info: FIM SEP token         = 151664 '<|file_sep|>'
print_info: EOG token             = 128247 '</s>'
print_info: EOG token             = 151643 '<|endoftext|>'
print_info: EOG token             = 151645 '<|im_end|>'
print_info: EOG token             = 151662 '<|fim_pad|>'
print_info: EOG token             = 151663 '<|repo_name|>'
print_info: EOG token             = 151664 '<|file_sep|>'
print_info: max token length      = 256
load_tensors: loading model tensors, this can take a while... (mmap = true, direct_io = false)
load_tensors: offloading output layer to GPU
load_tensors: offloading 19 repeating layers to GPU
load_tensors: offloaded 20/49 layers to GPU
load_tensors:   CPU_Mapped model buffer size =  4944.60 MiB
load_tensors:        CUDA0 model buffer size =  3621.44 MiB
...........................................................................................
common_init_result: added </s> logit bias = -inf
common_init_result: added <|endoftext|> logit bias = -inf
common_init_result: added <|im_end|> logit bias = -inf
common_init_result: added <|fim_pad|> logit bias = -inf
common_init_result: added <|repo_name|> logit bias = -inf
common_init_result: added <|file_sep|> logit bias = -inf
llama_context: constructing llama_context
llama_context: n_seq_max     = 4
llama_context: n_ctx         = 4096
llama_context: n_ctx_seq     = 4096
llama_context: n_batch       = 2048
llama_context: n_ubatch      = 512
llama_context: causal_attn   = 1
llama_context: flash_attn    = auto
llama_context: kv_unified    = true
llama_context: freq_base     = 1000000.0
llama_context: freq_scale    = 1
llama_context: n_ctx_seq (4096) < n_ctx_train (32768) -- the full capacity of the model will not be utilized
llama_context:  CUDA_Host  output buffer size =     2.32 MiB
llama_kv_cache:        CPU KV buffer size =   464.00 MiB
llama_kv_cache:      CUDA0 KV buffer size =   304.00 MiB
llama_kv_cache: size =  768.00 MiB (  4096 cells,  48 layers,  4/1 seqs), K (f16):  384.00 MiB, V (f16):  384.00 MiB
llama_kv_cache: attn_rot_k = 0
llama_kv_cache: attn_rot_v = 0
sched_reserve: reserving ...
sched_reserve: Flash Attention was auto, set to enabled
sched_reserve: resolving fused Gated Delta Net support:
sched_reserve: fused Gated Delta Net (autoregressive) enabled
sched_reserve: fused Gated Delta Net (chunked) enabled
sched_reserve:      CUDA0 compute buffer size =   317.00 MiB
sched_reserve:  CUDA_Host compute buffer size =    28.01 MiB
sched_reserve: graph nodes  = 1639
sched_reserve: graph splits = 408 (with bs=512), 2 (with bs=1)
sched_reserve: reserve took 10.04 ms, sched copies = 1
common_init_from_params: warming up the model with an empty run - please wait ... (--no-warmup to disable)
srv    load_model: initializing slots, n_slots = 4
no implementations specified for speculative decoding
slot   load_model: id  0 | task -1 | speculative decoding context not initialized
slot   load_model: id  0 | task -1 | new slot, n_ctx = 4096
no implementations specified for speculative decoding
slot   load_model: id  1 | task -1 | speculative decoding context not initialized
slot   load_model: id  1 | task -1 | new slot, n_ctx = 4096
no implementations specified for speculative decoding
slot   load_model: id  2 | task -1 | speculative decoding context not initialized
slot   load_model: id  2 | task -1 | new slot, n_ctx = 4096
no implementations specified for speculative decoding
slot   load_model: id  3 | task -1 | speculative decoding context not initialized
slot   load_model: id  3 | task -1 | new slot, n_ctx = 4096
srv    load_model: prompt cache is enabled, size limit: 8192 MiB
srv    load_model: use `--cache-ram 0` to disable the prompt cache
srv    load_model: for more info see https://github.com/ggml-org/llama.cpp/pull/16391
srv          init: init: idle slots will be saved to prompt cache and cleared upon starting a new task
init: chat template, example_format: '<|im_start|>system
You are a helpful assistant<|im_end|>
<|im_start|>user
Hello<|im_end|>
<|im_start|>assistant
Hi there<|im_end|>
<|im_start|>user
How are you?<|im_end|>
<|im_start|>assistant
'
srv          init: init: chat template, thinking = 0
main: model loaded
main: server is listening on http://0.0.0.0:8080
main: starting the main loop...
srv  update_slots: all slots are idle
srv  params_from_: Chat format: peg-native
slot get_availabl: id  3 | task -1 | selected slot by LRU, t_last = -1
srv  get_availabl: updating prompt cache
srv          load:  - looking for better prompt, base f_keep = -1.000, sim = 0.000
srv        update:  - cache state: 0 prompts, 0.000 MiB (limits: 8192.000 MiB, 4096 tokens, 8589934592 est)
srv  get_availabl: prompt cache update took 0.42 ms
slot launch_slot_: id  3 | task -1 | sampler chain: logits -> penalties -> ?dry -> ?top-n-sigma -> top-k -> ?typical -> top-p -> min-p -> ?xtc -> temp-ext -> dist 
slot launch_slot_: id  3 | task 0 | processing task, is_child = 0
slot update_slots: id  3 | task 0 | new prompt, n_ctx_slot = 4096, n_keep = 0, task.n_tokens = 434
slot update_slots: id  3 | task 0 | n_tokens = 0, memory_seq_rm [0, end)
slot init_sampler: id  3 | task 0 | init sampler, took 0.50 ms, tokens: text = 434, total = 434
slot update_slots: id  3 | task 0 | prompt processing done, n_tokens = 434, batch.n_tokens = 434
slot print_timing: id  3 | task 0 | 
prompt eval time =    1463.95 ms /   434 tokens (    3.37 ms per token,   296.46 tokens per second)
       eval time =   17531.72 ms /    90 tokens (  194.80 ms per token,     5.13 tokens per second)
      total time =   18995.67 ms /   524 tokens
slot      release: id  3 | task 0 | stop processing: n_tokens = 523, truncated = 0
srv  update_slots: all slots are idle
srv  log_server_r: done request: POST /v1/chat/completions 127.0.0.1 200
slot get_availabl: id  2 | task -1 | selected slot by LRU, t_last = -1
srv  get_availabl: updating prompt cache
srv          load:  - looking for better prompt, base f_keep = -1.000, sim = 0.000
srv        update:  - cache state: 0 prompts, 0.000 MiB (limits: 8192.000 MiB, 4096 tokens, 8589934592 est)
srv  get_availabl: prompt cache update took 0.01 ms
slot launch_slot_: id  2 | task -1 | sampler chain: logits -> penalties -> ?dry -> ?top-n-sigma -> top-k -> ?typical -> top-p -> min-p -> ?xtc -> temp-ext -> dist 
slot launch_slot_: id  2 | task 91 | processing task, is_child = 0
slot slot_save_an: id  3 | task -1 | saving idle slot to prompt cache
srv   prompt_save:  - saving prompt with length 523, total state size = 98.070 MiB
slot prompt_clear: id  3 | task -1 | clearing prompt with 523 tokens
srv        update:  - cache state: 1 prompts, 98.070 MiB (limits: 8192.000 MiB, 4096 tokens, 43687 est)
srv        update:    - prompt 00000226B6671C20:     523 tokens, checkpoints:  0,    98.070 MiB
slot update_slots: id  2 | task 91 | new prompt, n_ctx_slot = 4096, n_keep = 0, task.n_tokens = 823
slot update_slots: id  2 | task 91 | n_tokens = 0, memory_seq_rm [0, end)
slot init_sampler: id  2 | task 91 | init sampler, took 0.13 ms, tokens: text = 823, total = 823
slot update_slots: id  2 | task 91 | prompt processing done, n_tokens = 823, batch.n_tokens = 823
srv  log_server_r: done request: POST /completion 127.0.0.1 200
slot print_timing: id  2 | task 91 | 
prompt eval time =    2202.34 ms /   823 tokens (    2.68 ms per token,   373.69 tokens per second)
       eval time =    2019.59 ms /    13 tokens (  155.35 ms per token,     6.44 tokens per second)
      total time =    4221.93 ms /   836 tokens
slot      release: id  2 | task 91 | stop processing: n_tokens = 835, truncated = 0
srv  update_slots: all slots are idle
srv  params_from_: Chat format: peg-native
slot get_availabl: id  1 | task -1 | selected slot by LRU, t_last = -1
srv  get_availabl: updating prompt cache
srv          load:  - looking for better prompt, base f_keep = -1.000, sim = 0.000
srv        update:  - cache state: 1 prompts, 98.070 MiB (limits: 8192.000 MiB, 4096 tokens, 43687 est)
srv        update:    - prompt 00000226B6671C20:     523 tokens, checkpoints:  0,    98.070 MiB
srv  get_availabl: prompt cache update took 0.01 ms
slot launch_slot_: id  1 | task -1 | sampler chain: logits -> penalties -> ?dry -> ?top-n-sigma -> top-k -> ?typical -> top-p -> min-p -> ?xtc -> temp-ext -> dist 
slot launch_slot_: id  1 | task 105 | processing task, is_child = 0
slot slot_save_an: id  2 | task -1 | saving idle slot to prompt cache
srv   prompt_save:  - saving prompt with length 835, total state size = 156.573 MiB
slot prompt_clear: id  2 | task -1 | clearing prompt with 835 tokens
srv        update:  - cache state: 2 prompts, 254.643 MiB (limits: 8192.000 MiB, 4096 tokens, 43687 est)
srv        update:    - prompt 00000226B6671C20:     523 tokens, checkpoints:  0,    98.070 MiB
srv        update:    - prompt 00000226B666FA00:     835 tokens, checkpoints:  0,   156.573 MiB
slot update_slots: id  1 | task 105 | new prompt, n_ctx_slot = 4096, n_keep = 0, task.n_tokens = 429
slot update_slots: id  1 | task 105 | n_tokens = 0, memory_seq_rm [0, end)
slot init_sampler: id  1 | task 105 | init sampler, took 0.13 ms, tokens: text = 429, total = 429
slot update_slots: id  1 | task 105 | prompt processing done, n_tokens = 429, batch.n_tokens = 429
slot print_timing: id  1 | task 105 | 
prompt eval time =    1054.07 ms /   429 tokens (    2.46 ms per token,   406.99 tokens per second)
       eval time =   13830.15 ms /    75 tokens (  184.40 ms per token,     5.42 tokens per second)
      total time =   14884.22 ms /   504 tokens
slot      release: id  1 | task 105 | stop processing: n_tokens = 503, truncated = 0
srv  update_slots: all slots are idle
srv  log_server_r: done request: POST /v1/chat/completions 127.0.0.1 200
slot get_availabl: id  0 | task -1 | selected slot by LRU, t_last = -1
srv  get_availabl: updating prompt cache
srv          load:  - looking for better prompt, base f_keep = -1.000, sim = 0.000
srv          load:  - found better prompt with f_keep = 0.966, sim = 0.987
srv        update:  - cache state: 1 prompts, 98.070 MiB (limits: 8192.000 MiB, 4096 tokens, 43687 est)
srv        update:    - prompt 00000226B6671C20:     523 tokens, checkpoints:  0,    98.070 MiB
srv  get_availabl: prompt cache update took 38.58 ms
slot launch_slot_: id  0 | task -1 | sampler chain: logits -> penalties -> ?dry -> ?top-n-sigma -> top-k -> ?typical -> top-p -> min-p -> ?xtc -> temp-ext -> dist 
slot launch_slot_: id  0 | task 181 | processing task, is_child = 0
slot slot_save_an: id  1 | task -1 | saving idle slot to prompt cache
srv   prompt_save:  - saving prompt with length 503, total state size = 94.319 MiB
slot prompt_clear: id  1 | task -1 | clearing prompt with 503 tokens
srv        update:  - cache state: 2 prompts, 192.389 MiB (limits: 8192.000 MiB, 4096 tokens, 43687 est)
srv        update:    - prompt 00000226B6671C20:     523 tokens, checkpoints:  0,    98.070 MiB
srv        update:    - prompt 00000226B666E8F0:     503 tokens, checkpoints:  0,    94.319 MiB
slot update_slots: id  0 | task 181 | new prompt, n_ctx_slot = 4096, n_keep = 0, task.n_tokens = 818
slot update_slots: id  0 | task 181 | n_tokens = 807, memory_seq_rm [807, end)
slot init_sampler: id  0 | task 181 | init sampler, took 0.16 ms, tokens: text = 818, total = 818
slot update_slots: id  0 | task 181 | prompt processing done, n_tokens = 818, batch.n_tokens = 11
srv  log_server_r: done request: POST /completion 127.0.0.1 200
slot print_timing: id  0 | task 181 | 
prompt eval time =    1019.18 ms /    11 tokens (   92.65 ms per token,    10.79 tokens per second)
       eval time =    5937.44 ms /    26 tokens (  228.36 ms per token,     4.38 tokens per second)
      total time =    6956.62 ms /    37 tokens
slot      release: id  0 | task 181 | stop processing: n_tokens = 843, truncated = 0
srv  update_slots: all slots are idle

========== STOP QWEN ==========


========== START QWEN ==========
ggml_cuda_init: found 1 CUDA devices (Total VRAM: 6140 MiB):
  Device 0: NVIDIA GeForce RTX 4050 Laptop GPU, compute capability 8.9, VMM: yes, VRAM: 6140 MiB
load_backend: loaded CUDA backend from D:\repos\112\Simulator112\llama-b8665-bin-win-cuda-13.1-x64\ggml-cuda.dll
load_backend: loaded RPC backend from D:\repos\112\Simulator112\llama-b8665-bin-win-cuda-13.1-x64\ggml-rpc.dll
load_backend: loaded CPU backend from D:\repos\112\Simulator112\llama-b8665-bin-win-cuda-13.1-x64\ggml-cpu-haswell.dll
main: n_parallel is set to auto, using n_parallel = 4 and kv_unified = true
system info: n_threads = 6, n_threads_batch = 6, total_threads = 16

system_info: n_threads = 6 (n_threads_batch = 6) / 16 | CUDA : ARCHS = 750,800,860,890,1200,1210 | USE_GRAPHS = 1 | PEER_MAX_BATCH_SIZE = 128 | CPU : SSE3 = 1 | SSSE3 = 1 | AVX = 1 | AVX2 = 1 | F16C = 1 | FMA = 1 | BMI2 = 1 | LLAMAFILE = 1 | OPENMP = 1 | REPACK = 1 | 

Running without SSL
init: using 15 threads for HTTP server
start: binding port with default address family
main: loading model
srv    load_model: loading model '.\qwen2.5-14b-instruct-q4_k_m.gguf'
common_init_result: fitting params to device memory, for bugs during this step try to reproduce them with -fit off, or provide --verbose logs if the bug only occurs with -fit on
llama_params_fit_impl: projected to use 4242 MiB of device memory vs. 5080 MiB of free device memory
llama_params_fit_impl: cannot meet free memory target of 1024 MiB, need to reduce device memory by 186 MiB
llama_params_fit_impl: context size set by user to 4096 -> no change
llama_params_fit: failed to fit params to free device memory: n_gpu_layers already set by user to 20, abort
llama_params_fit: fitting params to free memory took 0.32 seconds
llama_model_load_from_file_impl: using device CUDA0 (NVIDIA GeForce RTX 4050 Laptop GPU) (0000:01:00.0) - 5080 MiB free
llama_model_loader: loaded meta data with 34 key-value pairs and 579 tensors from .\qwen2.5-14b-instruct-q4_k_m.gguf (version GGUF V3 (latest))
llama_model_loader: Dumping metadata keys/values. Note: KV overrides do not apply in this output.
llama_model_loader: - kv   0:                       general.architecture str              = qwen2
llama_model_loader: - kv   1:                               general.type str              = model
llama_model_loader: - kv   2:                               general.name str              = Qwen2.5 14B Instruct
llama_model_loader: - kv   3:                           general.finetune str              = Instruct
llama_model_loader: - kv   4:                           general.basename str              = Qwen2.5
llama_model_loader: - kv   5:                         general.size_label str              = 14B
llama_model_loader: - kv   6:                            general.license str              = apache-2.0
llama_model_loader: - kv   7:                       general.license.link str              = https://huggingface.co/Qwen/Qwen2.5-1...
llama_model_loader: - kv   8:                   general.base_model.count u32              = 1
llama_model_loader: - kv   9:                  general.base_model.0.name str              = Qwen2.5 14B
llama_model_loader: - kv  10:          general.base_model.0.organization str              = Qwen
llama_model_loader: - kv  11:              general.base_model.0.repo_url str              = https://huggingface.co/Qwen/Qwen2.5-14B
llama_model_loader: - kv  12:                               general.tags arr[str,2]       = ["chat", "text-generation"]
llama_model_loader: - kv  13:                          general.languages arr[str,1]       = ["en"]
llama_model_loader: - kv  14:                          qwen2.block_count u32              = 48
llama_model_loader: - kv  15:                       qwen2.context_length u32              = 32768
llama_model_loader: - kv  16:                     qwen2.embedding_length u32              = 5120
llama_model_loader: - kv  17:                  qwen2.feed_forward_length u32              = 13824
llama_model_loader: - kv  18:                 qwen2.attention.head_count u32              = 40
llama_model_loader: - kv  19:              qwen2.attention.head_count_kv u32              = 8
llama_model_loader: - kv  20:                       qwen2.rope.freq_base f32              = 1000000.000000
llama_model_loader: - kv  21:     qwen2.attention.layer_norm_rms_epsilon f32              = 0.000001
llama_model_loader: - kv  22:                          general.file_type u32              = 15
llama_model_loader: - kv  23:                       tokenizer.ggml.model str              = gpt2
llama_model_loader: - kv  24:                         tokenizer.ggml.pre str              = qwen2
llama_model_loader: - kv  25:                      tokenizer.ggml.tokens arr[str,152064]  = ["!", "\"", "#", "$", "%", "&", "'", ...
llama_model_loader: - kv  26:                  tokenizer.ggml.token_type arr[i32,152064]  = [1, 1, 1, 1, 1, 1, 1, 1, 1, 1, 1, 1, ...
llama_model_loader: - kv  27:                      tokenizer.ggml.merges arr[str,151387]  = ["Ġ Ġ", "ĠĠ ĠĠ", "i n", "Ġ t",...
llama_model_loader: - kv  28:                tokenizer.ggml.eos_token_id u32              = 151645
llama_model_loader: - kv  29:            tokenizer.ggml.padding_token_id u32              = 151643
llama_model_loader: - kv  30:                tokenizer.ggml.bos_token_id u32              = 151643
llama_model_loader: - kv  31:               tokenizer.ggml.add_bos_token bool             = false
llama_model_loader: - kv  32:                    tokenizer.chat_template str              = {%- if tools %}\n    {{- '<|im_start|>...
llama_model_loader: - kv  33:               general.quantization_version u32              = 2
llama_model_loader: - type  f32:  241 tensors
llama_model_loader: - type q4_K:  289 tensors
llama_model_loader: - type q6_K:   49 tensors
print_info: file format = GGUF V3 (latest)
print_info: file type   = Q4_K - Medium
print_info: file size   = 8.37 GiB (4.87 BPW) 
load: 0 unused tokens
load: control-looking token: 128247 '</s>' was not control-type; this is probably a bug in the model. its type will be overridden
load: printing all EOG tokens:
load:   - 128247 ('</s>')
load:   - 151643 ('<|endoftext|>')
load:   - 151645 ('<|im_end|>')
load:   - 151662 ('<|fim_pad|>')
load:   - 151663 ('<|repo_name|>')
load:   - 151664 ('<|file_sep|>')
load: special tokens cache size = 23
load: token to piece cache size = 0.9310 MB
print_info: arch                  = qwen2
print_info: vocab_only            = 0
print_info: no_alloc              = 0
print_info: n_ctx_train           = 32768
print_info: n_embd                = 5120
print_info: n_embd_inp            = 5120
print_info: n_layer               = 48
print_info: n_head                = 40
print_info: n_head_kv             = 8
print_info: n_rot                 = 128
print_info: n_swa                 = 0
print_info: is_swa_any            = 0
print_info: n_embd_head_k         = 128
print_info: n_embd_head_v         = 128
print_info: n_gqa                 = 5
print_info: n_embd_k_gqa          = 1024
print_info: n_embd_v_gqa          = 1024
print_info: f_norm_eps            = 0.0e+00
print_info: f_norm_rms_eps        = 1.0e-06
print_info: f_clamp_kqv           = 0.0e+00
print_info: f_max_alibi_bias      = 0.0e+00
print_info: f_logit_scale         = 0.0e+00
print_info: f_attn_scale          = 0.0e+00
print_info: n_ff                  = 13824
print_info: n_expert              = 0
print_info: n_expert_used         = 0
print_info: n_expert_groups       = 0
print_info: n_group_used          = 0
print_info: causal attn           = 1
print_info: pooling type          = -1
print_info: rope type             = 2
print_info: rope scaling          = linear
print_info: freq_base_train       = 1000000.0
print_info: freq_scale_train      = 1
print_info: n_ctx_orig_yarn       = 32768
print_info: rope_yarn_log_mul     = 0.0000
print_info: rope_finetuned        = unknown
print_info: model type            = 14B
print_info: model params          = 14.77 B
print_info: general.name          = Qwen2.5 14B Instruct
print_info: vocab type            = BPE
print_info: n_vocab               = 152064
print_info: n_merges              = 151387
print_info: BOS token             = 151643 '<|endoftext|>'
print_info: EOS token             = 151645 '<|im_end|>'
print_info: EOT token             = 151645 '<|im_end|>'
print_info: PAD token             = 151643 '<|endoftext|>'
print_info: LF token              = 198 'Ċ'
print_info: FIM PRE token         = 151659 '<|fim_prefix|>'
print_info: FIM SUF token         = 151661 '<|fim_suffix|>'
print_info: FIM MID token         = 151660 '<|fim_middle|>'
print_info: FIM PAD token         = 151662 '<|fim_pad|>'
print_info: FIM REP token         = 151663 '<|repo_name|>'
print_info: FIM SEP token         = 151664 '<|file_sep|>'
print_info: EOG token             = 128247 '</s>'
print_info: EOG token             = 151643 '<|endoftext|>'
print_info: EOG token             = 151645 '<|im_end|>'
print_info: EOG token             = 151662 '<|fim_pad|>'
print_info: EOG token             = 151663 '<|repo_name|>'
print_info: EOG token             = 151664 '<|file_sep|>'
print_info: max token length      = 256
load_tensors: loading model tensors, this can take a while... (mmap = true, direct_io = false)
load_tensors: offloading output layer to GPU
load_tensors: offloading 19 repeating layers to GPU
load_tensors: offloaded 20/49 layers to GPU
load_tensors:   CPU_Mapped model buffer size =  4944.60 MiB
load_tensors:        CUDA0 model buffer size =  3621.44 MiB
...........................................................................................
common_init_result: added </s> logit bias = -inf
common_init_result: added <|endoftext|> logit bias = -inf
common_init_result: added <|im_end|> logit bias = -inf
common_init_result: added <|fim_pad|> logit bias = -inf
common_init_result: added <|repo_name|> logit bias = -inf
common_init_result: added <|file_sep|> logit bias = -inf
llama_context: constructing llama_context
llama_context: n_seq_max     = 4
llama_context: n_ctx         = 4096
llama_context: n_ctx_seq     = 4096
llama_context: n_batch       = 2048
llama_context: n_ubatch      = 512
llama_context: causal_attn   = 1
llama_context: flash_attn    = auto
llama_context: kv_unified    = true
llama_context: freq_base     = 1000000.0
llama_context: freq_scale    = 1
llama_context: n_ctx_seq (4096) < n_ctx_train (32768) -- the full capacity of the model will not be utilized
llama_context:  CUDA_Host  output buffer size =     2.32 MiB
llama_kv_cache:        CPU KV buffer size =   464.00 MiB
llama_kv_cache:      CUDA0 KV buffer size =   304.00 MiB
llama_kv_cache: size =  768.00 MiB (  4096 cells,  48 layers,  4/1 seqs), K (f16):  384.00 MiB, V (f16):  384.00 MiB
llama_kv_cache: attn_rot_k = 0
llama_kv_cache: attn_rot_v = 0
sched_reserve: reserving ...
sched_reserve: Flash Attention was auto, set to enabled
sched_reserve: resolving fused Gated Delta Net support:
sched_reserve: fused Gated Delta Net (autoregressive) enabled
sched_reserve: fused Gated Delta Net (chunked) enabled
sched_reserve:      CUDA0 compute buffer size =   317.00 MiB
sched_reserve:  CUDA_Host compute buffer size =    28.01 MiB
sched_reserve: graph nodes  = 1639
sched_reserve: graph splits = 408 (with bs=512), 2 (with bs=1)
sched_reserve: reserve took 9.50 ms, sched copies = 1
common_init_from_params: warming up the model with an empty run - please wait ... (--no-warmup to disable)
srv    load_model: initializing slots, n_slots = 4
no implementations specified for speculative decoding
slot   load_model: id  0 | task -1 | speculative decoding context not initialized
slot   load_model: id  0 | task -1 | new slot, n_ctx = 4096
no implementations specified for speculative decoding
slot   load_model: id  1 | task -1 | speculative decoding context not initialized
slot   load_model: id  1 | task -1 | new slot, n_ctx = 4096
no implementations specified for speculative decoding
slot   load_model: id  2 | task -1 | speculative decoding context not initialized
slot   load_model: id  2 | task -1 | new slot, n_ctx = 4096
no implementations specified for speculative decoding
slot   load_model: id  3 | task -1 | speculative decoding context not initialized
slot   load_model: id  3 | task -1 | new slot, n_ctx = 4096
srv    load_model: prompt cache is enabled, size limit: 8192 MiB
srv    load_model: use `--cache-ram 0` to disable the prompt cache
srv    load_model: for more info see https://github.com/ggml-org/llama.cpp/pull/16391
srv          init: init: idle slots will be saved to prompt cache and cleared upon starting a new task
init: chat template, example_format: '<|im_start|>system
You are a helpful assistant<|im_end|>
<|im_start|>user
Hello<|im_end|>
<|im_start|>assistant
Hi there<|im_end|>
<|im_start|>user
How are you?<|im_end|>
<|im_start|>assistant
'
srv          init: init: chat template, thinking = 0
main: model loaded
main: server is listening on http://0.0.0.0:8080
main: starting the main loop...
srv  update_slots: all slots are idle

========== STOP QWEN ==========


========== START QWEN ==========
ggml_cuda_init: found 1 CUDA devices (Total VRAM: 6140 MiB):
  Device 0: NVIDIA GeForce RTX 4050 Laptop GPU, compute capability 8.9, VMM: yes, VRAM: 6140 MiB
load_backend: loaded CUDA backend from D:\repos\112\Simulator112\llama-b8665-bin-win-cuda-13.1-x64\ggml-cuda.dll
load_backend: loaded RPC backend from D:\repos\112\Simulator112\llama-b8665-bin-win-cuda-13.1-x64\ggml-rpc.dll
load_backend: loaded CPU backend from D:\repos\112\Simulator112\llama-b8665-bin-win-cuda-13.1-x64\ggml-cpu-haswell.dll
main: n_parallel is set to auto, using n_parallel = 4 and kv_unified = true
system info: n_threads = 6, n_threads_batch = 6, total_threads = 16

system_info: n_threads = 6 (n_threads_batch = 6) / 16 | CUDA : ARCHS = 750,800,860,890,1200,1210 | USE_GRAPHS = 1 | PEER_MAX_BATCH_SIZE = 128 | CPU : SSE3 = 1 | SSSE3 = 1 | AVX = 1 | AVX2 = 1 | F16C = 1 | FMA = 1 | BMI2 = 1 | LLAMAFILE = 1 | OPENMP = 1 | REPACK = 1 | 

Running without SSL
init: using 15 threads for HTTP server
start: binding port with default address family
main: loading model
srv    load_model: loading model '.\qwen2.5-14b-instruct-q4_k_m.gguf'
common_init_result: fitting params to device memory, for bugs during this step try to reproduce them with -fit off, or provide --verbose logs if the bug only occurs with -fit on
llama_params_fit_impl: projected to use 4242 MiB of device memory vs. 5080 MiB of free device memory
llama_params_fit_impl: cannot meet free memory target of 1024 MiB, need to reduce device memory by 186 MiB
llama_params_fit_impl: context size set by user to 4096 -> no change
llama_params_fit: failed to fit params to free device memory: n_gpu_layers already set by user to 20, abort
llama_params_fit: fitting params to free memory took 0.33 seconds
llama_model_load_from_file_impl: using device CUDA0 (NVIDIA GeForce RTX 4050 Laptop GPU) (0000:01:00.0) - 5080 MiB free
llama_model_loader: loaded meta data with 34 key-value pairs and 579 tensors from .\qwen2.5-14b-instruct-q4_k_m.gguf (version GGUF V3 (latest))
llama_model_loader: Dumping metadata keys/values. Note: KV overrides do not apply in this output.
llama_model_loader: - kv   0:                       general.architecture str              = qwen2
llama_model_loader: - kv   1:                               general.type str              = model
llama_model_loader: - kv   2:                               general.name str              = Qwen2.5 14B Instruct
llama_model_loader: - kv   3:                           general.finetune str              = Instruct
llama_model_loader: - kv   4:                           general.basename str              = Qwen2.5
llama_model_loader: - kv   5:                         general.size_label str              = 14B
llama_model_loader: - kv   6:                            general.license str              = apache-2.0
llama_model_loader: - kv   7:                       general.license.link str              = https://huggingface.co/Qwen/Qwen2.5-1...
llama_model_loader: - kv   8:                   general.base_model.count u32              = 1
llama_model_loader: - kv   9:                  general.base_model.0.name str              = Qwen2.5 14B
llama_model_loader: - kv  10:          general.base_model.0.organization str              = Qwen
llama_model_loader: - kv  11:              general.base_model.0.repo_url str              = https://huggingface.co/Qwen/Qwen2.5-14B
llama_model_loader: - kv  12:                               general.tags arr[str,2]       = ["chat", "text-generation"]
llama_model_loader: - kv  13:                          general.languages arr[str,1]       = ["en"]
llama_model_loader: - kv  14:                          qwen2.block_count u32              = 48
llama_model_loader: - kv  15:                       qwen2.context_length u32              = 32768
llama_model_loader: - kv  16:                     qwen2.embedding_length u32              = 5120
llama_model_loader: - kv  17:                  qwen2.feed_forward_length u32              = 13824
llama_model_loader: - kv  18:                 qwen2.attention.head_count u32              = 40
llama_model_loader: - kv  19:              qwen2.attention.head_count_kv u32              = 8
llama_model_loader: - kv  20:                       qwen2.rope.freq_base f32              = 1000000.000000
llama_model_loader: - kv  21:     qwen2.attention.layer_norm_rms_epsilon f32              = 0.000001
llama_model_loader: - kv  22:                          general.file_type u32              = 15
llama_model_loader: - kv  23:                       tokenizer.ggml.model str              = gpt2
llama_model_loader: - kv  24:                         tokenizer.ggml.pre str              = qwen2
llama_model_loader: - kv  25:                      tokenizer.ggml.tokens arr[str,152064]  = ["!", "\"", "#", "$", "%", "&", "'", ...
llama_model_loader: - kv  26:                  tokenizer.ggml.token_type arr[i32,152064]  = [1, 1, 1, 1, 1, 1, 1, 1, 1, 1, 1, 1, ...
llama_model_loader: - kv  27:                      tokenizer.ggml.merges arr[str,151387]  = ["Ġ Ġ", "ĠĠ ĠĠ", "i n", "Ġ t",...
llama_model_loader: - kv  28:                tokenizer.ggml.eos_token_id u32              = 151645
llama_model_loader: - kv  29:            tokenizer.ggml.padding_token_id u32              = 151643
llama_model_loader: - kv  30:                tokenizer.ggml.bos_token_id u32              = 151643
llama_model_loader: - kv  31:               tokenizer.ggml.add_bos_token bool             = false
llama_model_loader: - kv  32:                    tokenizer.chat_template str              = {%- if tools %}\n    {{- '<|im_start|>...
llama_model_loader: - kv  33:               general.quantization_version u32              = 2
llama_model_loader: - type  f32:  241 tensors
llama_model_loader: - type q4_K:  289 tensors
llama_model_loader: - type q6_K:   49 tensors
print_info: file format = GGUF V3 (latest)
print_info: file type   = Q4_K - Medium
print_info: file size   = 8.37 GiB (4.87 BPW) 
load: 0 unused tokens
load: control-looking token: 128247 '</s>' was not control-type; this is probably a bug in the model. its type will be overridden
load: printing all EOG tokens:
load:   - 128247 ('</s>')
load:   - 151643 ('<|endoftext|>')
load:   - 151645 ('<|im_end|>')
load:   - 151662 ('<|fim_pad|>')
load:   - 151663 ('<|repo_name|>')
load:   - 151664 ('<|file_sep|>')
load: special tokens cache size = 23
load: token to piece cache size = 0.9310 MB
print_info: arch                  = qwen2
print_info: vocab_only            = 0
print_info: no_alloc              = 0
print_info: n_ctx_train           = 32768
print_info: n_embd                = 5120
print_info: n_embd_inp            = 5120
print_info: n_layer               = 48
print_info: n_head                = 40
print_info: n_head_kv             = 8
print_info: n_rot                 = 128
print_info: n_swa                 = 0
print_info: is_swa_any            = 0
print_info: n_embd_head_k         = 128
print_info: n_embd_head_v         = 128
print_info: n_gqa                 = 5
print_info: n_embd_k_gqa          = 1024
print_info: n_embd_v_gqa          = 1024
print_info: f_norm_eps            = 0.0e+00
print_info: f_norm_rms_eps        = 1.0e-06
print_info: f_clamp_kqv           = 0.0e+00
print_info: f_max_alibi_bias      = 0.0e+00
print_info: f_logit_scale         = 0.0e+00
print_info: f_attn_scale          = 0.0e+00
print_info: n_ff                  = 13824
print_info: n_expert              = 0
print_info: n_expert_used         = 0
print_info: n_expert_groups       = 0
print_info: n_group_used          = 0
print_info: causal attn           = 1
print_info: pooling type          = -1
print_info: rope type             = 2
print_info: rope scaling          = linear
print_info: freq_base_train       = 1000000.0
print_info: freq_scale_train      = 1
print_info: n_ctx_orig_yarn       = 32768
print_info: rope_yarn_log_mul     = 0.0000
print_info: rope_finetuned        = unknown
print_info: model type            = 14B
print_info: model params          = 14.77 B
print_info: general.name          = Qwen2.5 14B Instruct
print_info: vocab type            = BPE
print_info: n_vocab               = 152064
print_info: n_merges              = 151387
print_info: BOS token             = 151643 '<|endoftext|>'
print_info: EOS token             = 151645 '<|im_end|>'
print_info: EOT token             = 151645 '<|im_end|>'
print_info: PAD token             = 151643 '<|endoftext|>'
print_info: LF token              = 198 'Ċ'
print_info: FIM PRE token         = 151659 '<|fim_prefix|>'
print_info: FIM SUF token         = 151661 '<|fim_suffix|>'
print_info: FIM MID token         = 151660 '<|fim_middle|>'
print_info: FIM PAD token         = 151662 '<|fim_pad|>'
print_info: FIM REP token         = 151663 '<|repo_name|>'
print_info: FIM SEP token         = 151664 '<|file_sep|>'
print_info: EOG token             = 128247 '</s>'
print_info: EOG token             = 151643 '<|endoftext|>'
print_info: EOG token             = 151645 '<|im_end|>'
print_info: EOG token             = 151662 '<|fim_pad|>'
print_info: EOG token             = 151663 '<|repo_name|>'
print_info: EOG token             = 151664 '<|file_sep|>'
print_info: max token length      = 256
load_tensors: loading model tensors, this can take a while... (mmap = true, direct_io = false)
load_tensors: offloading output layer to GPU
load_tensors: offloading 19 repeating layers to GPU
load_tensors: offloaded 20/49 layers to GPU
load_tensors:   CPU_Mapped model buffer size =  4944.60 MiB
load_tensors:        CUDA0 model buffer size =  3621.44 MiB
...........................................................................................
common_init_result: added </s> logit bias = -inf
common_init_result: added <|endoftext|> logit bias = -inf
common_init_result: added <|im_end|> logit bias = -inf
common_init_result: added <|fim_pad|> logit bias = -inf
common_init_result: added <|repo_name|> logit bias = -inf
common_init_result: added <|file_sep|> logit bias = -inf
llama_context: constructing llama_context
llama_context: n_seq_max     = 4
llama_context: n_ctx         = 4096
llama_context: n_ctx_seq     = 4096
llama_context: n_batch       = 2048
llama_context: n_ubatch      = 512
llama_context: causal_attn   = 1
llama_context: flash_attn    = auto
llama_context: kv_unified    = true
llama_context: freq_base     = 1000000.0
llama_context: freq_scale    = 1
llama_context: n_ctx_seq (4096) < n_ctx_train (32768) -- the full capacity of the model will not be utilized
llama_context:  CUDA_Host  output buffer size =     2.32 MiB
llama_kv_cache:        CPU KV buffer size =   464.00 MiB
llama_kv_cache:      CUDA0 KV buffer size =   304.00 MiB
llama_kv_cache: size =  768.00 MiB (  4096 cells,  48 layers,  4/1 seqs), K (f16):  384.00 MiB, V (f16):  384.00 MiB
llama_kv_cache: attn_rot_k = 0
llama_kv_cache: attn_rot_v = 0
sched_reserve: reserving ...
sched_reserve: Flash Attention was auto, set to enabled
sched_reserve: resolving fused Gated Delta Net support:
sched_reserve: fused Gated Delta Net (autoregressive) enabled
sched_reserve: fused Gated Delta Net (chunked) enabled
sched_reserve:      CUDA0 compute buffer size =   317.00 MiB
sched_reserve:  CUDA_Host compute buffer size =    28.01 MiB
sched_reserve: graph nodes  = 1639
sched_reserve: graph splits = 408 (with bs=512), 2 (with bs=1)
sched_reserve: reserve took 9.02 ms, sched copies = 1
common_init_from_params: warming up the model with an empty run - please wait ... (--no-warmup to disable)
srv    load_model: initializing slots, n_slots = 4
no implementations specified for speculative decoding
slot   load_model: id  0 | task -1 | speculative decoding context not initialized
slot   load_model: id  0 | task -1 | new slot, n_ctx = 4096
no implementations specified for speculative decoding
slot   load_model: id  1 | task -1 | speculative decoding context not initialized
slot   load_model: id  1 | task -1 | new slot, n_ctx = 4096
no implementations specified for speculative decoding
slot   load_model: id  2 | task -1 | speculative decoding context not initialized
slot   load_model: id  2 | task -1 | new slot, n_ctx = 4096
no implementations specified for speculative decoding
slot   load_model: id  3 | task -1 | speculative decoding context not initialized
slot   load_model: id  3 | task -1 | new slot, n_ctx = 4096
srv    load_model: prompt cache is enabled, size limit: 8192 MiB
srv    load_model: use `--cache-ram 0` to disable the prompt cache
srv    load_model: for more info see https://github.com/ggml-org/llama.cpp/pull/16391
srv          init: init: idle slots will be saved to prompt cache and cleared upon starting a new task
init: chat template, example_format: '<|im_start|>system
You are a helpful assistant<|im_end|>
<|im_start|>user
Hello<|im_end|>
<|im_start|>assistant
Hi there<|im_end|>
<|im_start|>user
How are you?<|im_end|>
<|im_start|>assistant
'
srv          init: init: chat template, thinking = 0
main: model loaded
main: server is listening on http://0.0.0.0:8080
main: starting the main loop...
srv  update_slots: all slots are idle

========== STOP QWEN ==========


========== START QWEN ==========
ggml_cuda_init: found 1 CUDA devices (Total VRAM: 6140 MiB):
  Device 0: NVIDIA GeForce RTX 4050 Laptop GPU, compute capability 8.9, VMM: yes, VRAM: 6140 MiB
load_backend: loaded CUDA backend from D:\repos\112\Simulator112\llama-b8665-bin-win-cuda-13.1-x64\ggml-cuda.dll
load_backend: loaded RPC backend from D:\repos\112\Simulator112\llama-b8665-bin-win-cuda-13.1-x64\ggml-rpc.dll
load_backend: loaded CPU backend from D:\repos\112\Simulator112\llama-b8665-bin-win-cuda-13.1-x64\ggml-cpu-haswell.dll
main: n_parallel is set to auto, using n_parallel = 4 and kv_unified = true
system info: n_threads = 6, n_threads_batch = 6, total_threads = 16

system_info: n_threads = 6 (n_threads_batch = 6) / 16 | CUDA : ARCHS = 750,800,860,890,1200,1210 | USE_GRAPHS = 1 | PEER_MAX_BATCH_SIZE = 128 | CPU : SSE3 = 1 | SSSE3 = 1 | AVX = 1 | AVX2 = 1 | F16C = 1 | FMA = 1 | BMI2 = 1 | LLAMAFILE = 1 | OPENMP = 1 | REPACK = 1 | 

Running without SSL
init: using 15 threads for HTTP server
start: binding port with default address family
main: loading model
srv    load_model: loading model '.\qwen2.5-14b-instruct-q4_k_m.gguf'
common_init_result: fitting params to device memory, for bugs during this step try to reproduce them with -fit off, or provide --verbose logs if the bug only occurs with -fit on
llama_params_fit_impl: projected to use 4242 MiB of device memory vs. 5080 MiB of free device memory
llama_params_fit_impl: cannot meet free memory target of 1024 MiB, need to reduce device memory by 186 MiB
llama_params_fit_impl: context size set by user to 4096 -> no change
llama_params_fit: failed to fit params to free device memory: n_gpu_layers already set by user to 20, abort
llama_params_fit: fitting params to free memory took 0.38 seconds
llama_model_load_from_file_impl: using device CUDA0 (NVIDIA GeForce RTX 4050 Laptop GPU) (0000:01:00.0) - 5080 MiB free
llama_model_loader: loaded meta data with 34 key-value pairs and 579 tensors from .\qwen2.5-14b-instruct-q4_k_m.gguf (version GGUF V3 (latest))
llama_model_loader: Dumping metadata keys/values. Note: KV overrides do not apply in this output.
llama_model_loader: - kv   0:                       general.architecture str              = qwen2
llama_model_loader: - kv   1:                               general.type str              = model
llama_model_loader: - kv   2:                               general.name str              = Qwen2.5 14B Instruct
llama_model_loader: - kv   3:                           general.finetune str              = Instruct
llama_model_loader: - kv   4:                           general.basename str              = Qwen2.5
llama_model_loader: - kv   5:                         general.size_label str              = 14B
llama_model_loader: - kv   6:                            general.license str              = apache-2.0
llama_model_loader: - kv   7:                       general.license.link str              = https://huggingface.co/Qwen/Qwen2.5-1...
llama_model_loader: - kv   8:                   general.base_model.count u32              = 1
llama_model_loader: - kv   9:                  general.base_model.0.name str              = Qwen2.5 14B
llama_model_loader: - kv  10:          general.base_model.0.organization str              = Qwen
llama_model_loader: - kv  11:              general.base_model.0.repo_url str              = https://huggingface.co/Qwen/Qwen2.5-14B
llama_model_loader: - kv  12:                               general.tags arr[str,2]       = ["chat", "text-generation"]
llama_model_loader: - kv  13:                          general.languages arr[str,1]       = ["en"]
llama_model_loader: - kv  14:                          qwen2.block_count u32              = 48
llama_model_loader: - kv  15:                       qwen2.context_length u32              = 32768
llama_model_loader: - kv  16:                     qwen2.embedding_length u32              = 5120
llama_model_loader: - kv  17:                  qwen2.feed_forward_length u32              = 13824
llama_model_loader: - kv  18:                 qwen2.attention.head_count u32              = 40
llama_model_loader: - kv  19:              qwen2.attention.head_count_kv u32              = 8
llama_model_loader: - kv  20:                       qwen2.rope.freq_base f32              = 1000000.000000
llama_model_loader: - kv  21:     qwen2.attention.layer_norm_rms_epsilon f32              = 0.000001
llama_model_loader: - kv  22:                          general.file_type u32              = 15
llama_model_loader: - kv  23:                       tokenizer.ggml.model str              = gpt2
llama_model_loader: - kv  24:                         tokenizer.ggml.pre str              = qwen2
llama_model_loader: - kv  25:                      tokenizer.ggml.tokens arr[str,152064]  = ["!", "\"", "#", "$", "%", "&", "'", ...
llama_model_loader: - kv  26:                  tokenizer.ggml.token_type arr[i32,152064]  = [1, 1, 1, 1, 1, 1, 1, 1, 1, 1, 1, 1, ...
llama_model_loader: - kv  27:                      tokenizer.ggml.merges arr[str,151387]  = ["Ġ Ġ", "ĠĠ ĠĠ", "i n", "Ġ t",...
llama_model_loader: - kv  28:                tokenizer.ggml.eos_token_id u32              = 151645
llama_model_loader: - kv  29:            tokenizer.ggml.padding_token_id u32              = 151643
llama_model_loader: - kv  30:                tokenizer.ggml.bos_token_id u32              = 151643
llama_model_loader: - kv  31:               tokenizer.ggml.add_bos_token bool             = false
llama_model_loader: - kv  32:                    tokenizer.chat_template str              = {%- if tools %}\n    {{- '<|im_start|>...
llama_model_loader: - kv  33:               general.quantization_version u32              = 2
llama_model_loader: - type  f32:  241 tensors
llama_model_loader: - type q4_K:  289 tensors
llama_model_loader: - type q6_K:   49 tensors
print_info: file format = GGUF V3 (latest)
print_info: file type   = Q4_K - Medium
print_info: file size   = 8.37 GiB (4.87 BPW) 
load: 0 unused tokens

========== STOP QWEN ==========


========== START QWEN ==========
ggml_cuda_init: found 1 CUDA devices (Total VRAM: 6140 MiB):
  Device 0: NVIDIA GeForce RTX 4050 Laptop GPU, compute capability 8.9, VMM: yes, VRAM: 6140 MiB
load_backend: loaded CUDA backend from D:\repos\112\Simulator112\llama-b8665-bin-win-cuda-13.1-x64\ggml-cuda.dll
load_backend: loaded RPC backend from D:\repos\112\Simulator112\llama-b8665-bin-win-cuda-13.1-x64\ggml-rpc.dll
load_backend: loaded CPU backend from D:\repos\112\Simulator112\llama-b8665-bin-win-cuda-13.1-x64\ggml-cpu-haswell.dll
main: n_parallel is set to auto, using n_parallel = 4 and kv_unified = true
system info: n_threads = 6, n_threads_batch = 6, total_threads = 16

system_info: n_threads = 6 (n_threads_batch = 6) / 16 | CUDA : ARCHS = 750,800,860,890,1200,1210 | USE_GRAPHS = 1 | PEER_MAX_BATCH_SIZE = 128 | CPU : SSE3 = 1 | SSSE3 = 1 | AVX = 1 | AVX2 = 1 | F16C = 1 | FMA = 1 | BMI2 = 1 | LLAMAFILE = 1 | OPENMP = 1 | REPACK = 1 | 

Running without SSL
init: using 15 threads for HTTP server
start: binding port with default address family
main: loading model
srv    load_model: loading model '.\qwen2.5-14b-instruct-q4_k_m.gguf'
common_init_result: fitting params to device memory, for bugs during this step try to reproduce them with -fit off, or provide --verbose logs if the bug only occurs with -fit on
llama_params_fit_impl: projected to use 4242 MiB of device memory vs. 5080 MiB of free device memory
llama_params_fit_impl: cannot meet free memory target of 1024 MiB, need to reduce device memory by 186 MiB
llama_params_fit_impl: context size set by user to 4096 -> no change
llama_params_fit: failed to fit params to free device memory: n_gpu_layers already set by user to 20, abort
llama_params_fit: fitting params to free memory took 0.32 seconds
llama_model_load_from_file_impl: using device CUDA0 (NVIDIA GeForce RTX 4050 Laptop GPU) (0000:01:00.0) - 5080 MiB free
llama_model_loader: loaded meta data with 34 key-value pairs and 579 tensors from .\qwen2.5-14b-instruct-q4_k_m.gguf (version GGUF V3 (latest))
llama_model_loader: Dumping metadata keys/values. Note: KV overrides do not apply in this output.
llama_model_loader: - kv   0:                       general.architecture str              = qwen2
llama_model_loader: - kv   1:                               general.type str              = model
llama_model_loader: - kv   2:                               general.name str              = Qwen2.5 14B Instruct
llama_model_loader: - kv   3:                           general.finetune str              = Instruct
llama_model_loader: - kv   4:                           general.basename str              = Qwen2.5
llama_model_loader: - kv   5:                         general.size_label str              = 14B
llama_model_loader: - kv   6:                            general.license str              = apache-2.0
llama_model_loader: - kv   7:                       general.license.link str              = https://huggingface.co/Qwen/Qwen2.5-1...
llama_model_loader: - kv   8:                   general.base_model.count u32              = 1
llama_model_loader: - kv   9:                  general.base_model.0.name str              = Qwen2.5 14B
llama_model_loader: - kv  10:          general.base_model.0.organization str              = Qwen
llama_model_loader: - kv  11:              general.base_model.0.repo_url str              = https://huggingface.co/Qwen/Qwen2.5-14B
llama_model_loader: - kv  12:                               general.tags arr[str,2]       = ["chat", "text-generation"]
llama_model_loader: - kv  13:                          general.languages arr[str,1]       = ["en"]
llama_model_loader: - kv  14:                          qwen2.block_count u32              = 48
llama_model_loader: - kv  15:                       qwen2.context_length u32              = 32768
llama_model_loader: - kv  16:                     qwen2.embedding_length u32              = 5120
llama_model_loader: - kv  17:                  qwen2.feed_forward_length u32              = 13824
llama_model_loader: - kv  18:                 qwen2.attention.head_count u32              = 40
llama_model_loader: - kv  19:              qwen2.attention.head_count_kv u32              = 8
llama_model_loader: - kv  20:                       qwen2.rope.freq_base f32              = 1000000.000000
llama_model_loader: - kv  21:     qwen2.attention.layer_norm_rms_epsilon f32              = 0.000001
llama_model_loader: - kv  22:                          general.file_type u32              = 15
llama_model_loader: - kv  23:                       tokenizer.ggml.model str              = gpt2
llama_model_loader: - kv  24:                         tokenizer.ggml.pre str              = qwen2
llama_model_loader: - kv  25:                      tokenizer.ggml.tokens arr[str,152064]  = ["!", "\"", "#", "$", "%", "&", "'", ...
llama_model_loader: - kv  26:                  tokenizer.ggml.token_type arr[i32,152064]  = [1, 1, 1, 1, 1, 1, 1, 1, 1, 1, 1, 1, ...
llama_model_loader: - kv  27:                      tokenizer.ggml.merges arr[str,151387]  = ["Ġ Ġ", "ĠĠ ĠĠ", "i n", "Ġ t",...
llama_model_loader: - kv  28:                tokenizer.ggml.eos_token_id u32              = 151645
llama_model_loader: - kv  29:            tokenizer.ggml.padding_token_id u32              = 151643
llama_model_loader: - kv  30:                tokenizer.ggml.bos_token_id u32              = 151643
llama_model_loader: - kv  31:               tokenizer.ggml.add_bos_token bool             = false
llama_model_loader: - kv  32:                    tokenizer.chat_template str              = {%- if tools %}\n    {{- '<|im_start|>...
llama_model_loader: - kv  33:               general.quantization_version u32              = 2
llama_model_loader: - type  f32:  241 tensors
llama_model_loader: - type q4_K:  289 tensors
llama_model_loader: - type q6_K:   49 tensors
print_info: file format = GGUF V3 (latest)
print_info: file type   = Q4_K - Medium
print_info: file size   = 8.37 GiB (4.87 BPW) 
load: 0 unused tokens
load: control-looking token: 128247 '</s>' was not control-type; this is probably a bug in the model. its type will be overridden
load: printing all EOG tokens:
load:   - 128247 ('</s>')
load:   - 151643 ('<|endoftext|>')
load:   - 151645 ('<|im_end|>')
load:   - 151662 ('<|fim_pad|>')
load:   - 151663 ('<|repo_name|>')
load:   - 151664 ('<|file_sep|>')
load: special tokens cache size = 23
load: token to piece cache size = 0.9310 MB
print_info: arch                  = qwen2
print_info: vocab_only            = 0
print_info: no_alloc              = 0
print_info: n_ctx_train           = 32768
print_info: n_embd                = 5120
print_info: n_embd_inp            = 5120
print_info: n_layer               = 48
print_info: n_head                = 40
print_info: n_head_kv             = 8
print_info: n_rot                 = 128
print_info: n_swa                 = 0
print_info: is_swa_any            = 0
print_info: n_embd_head_k         = 128
print_info: n_embd_head_v         = 128
print_info: n_gqa                 = 5
print_info: n_embd_k_gqa          = 1024
print_info: n_embd_v_gqa          = 1024
print_info: f_norm_eps            = 0.0e+00
print_info: f_norm_rms_eps        = 1.0e-06
print_info: f_clamp_kqv           = 0.0e+00
print_info: f_max_alibi_bias      = 0.0e+00
print_info: f_logit_scale         = 0.0e+00
print_info: f_attn_scale          = 0.0e+00
print_info: n_ff                  = 13824
print_info: n_expert              = 0
print_info: n_expert_used         = 0
print_info: n_expert_groups       = 0
print_info: n_group_used          = 0
print_info: causal attn           = 1
print_info: pooling type          = -1
print_info: rope type             = 2
print_info: rope scaling          = linear
print_info: freq_base_train       = 1000000.0
print_info: freq_scale_train      = 1
print_info: n_ctx_orig_yarn       = 32768
print_info: rope_yarn_log_mul     = 0.0000
print_info: rope_finetuned        = unknown
print_info: model type            = 14B
print_info: model params          = 14.77 B
print_info: general.name          = Qwen2.5 14B Instruct
print_info: vocab type            = BPE
print_info: n_vocab               = 152064
print_info: n_merges              = 151387
print_info: BOS token             = 151643 '<|endoftext|>'
print_info: EOS token             = 151645 '<|im_end|>'
print_info: EOT token             = 151645 '<|im_end|>'
print_info: PAD token             = 151643 '<|endoftext|>'
print_info: LF token              = 198 'Ċ'
print_info: FIM PRE token         = 151659 '<|fim_prefix|>'
print_info: FIM SUF token         = 151661 '<|fim_suffix|>'
print_info: FIM MID token         = 151660 '<|fim_middle|>'
print_info: FIM PAD token         = 151662 '<|fim_pad|>'
print_info: FIM REP token         = 151663 '<|repo_name|>'
print_info: FIM SEP token         = 151664 '<|file_sep|>'
print_info: EOG token             = 128247 '</s>'
print_info: EOG token             = 151643 '<|endoftext|>'
print_info: EOG token             = 151645 '<|im_end|>'
print_info: EOG token             = 151662 '<|fim_pad|>'
print_info: EOG token             = 151663 '<|repo_name|>'
print_info: EOG token             = 151664 '<|file_sep|>'
print_info: max token length      = 256
load_tensors: loading model tensors, this can take a while... (mmap = true, direct_io = false)
load_tensors: offloading output layer to GPU
load_tensors: offloading 19 repeating layers to GPU
load_tensors: offloaded 20/49 layers to GPU
load_tensors:   CPU_Mapped model buffer size =  4944.60 MiB
load_tensors:        CUDA0 model buffer size =  3621.44 MiB
...........................................................................................
common_init_result: added </s> logit bias = -inf
common_init_result: added <|endoftext|> logit bias = -inf
common_init_result: added <|im_end|> logit bias = -inf
common_init_result: added <|fim_pad|> logit bias = -inf
common_init_result: added <|repo_name|> logit bias = -inf
common_init_result: added <|file_sep|> logit bias = -inf
llama_context: constructing llama_context
llama_context: n_seq_max     = 4
llama_context: n_ctx         = 4096
llama_context: n_ctx_seq     = 4096
llama_context: n_batch       = 2048
llama_context: n_ubatch      = 512
llama_context: causal_attn   = 1
llama_context: flash_attn    = auto
llama_context: kv_unified    = true
llama_context: freq_base     = 1000000.0
llama_context: freq_scale    = 1
llama_context: n_ctx_seq (4096) < n_ctx_train (32768) -- the full capacity of the model will not be utilized
llama_context:  CUDA_Host  output buffer size =     2.32 MiB
llama_kv_cache:        CPU KV buffer size =   464.00 MiB
llama_kv_cache:      CUDA0 KV buffer size =   304.00 MiB
llama_kv_cache: size =  768.00 MiB (  4096 cells,  48 layers,  4/1 seqs), K (f16):  384.00 MiB, V (f16):  384.00 MiB
llama_kv_cache: attn_rot_k = 0
llama_kv_cache: attn_rot_v = 0
sched_reserve: reserving ...
sched_reserve: Flash Attention was auto, set to enabled
sched_reserve: resolving fused Gated Delta Net support:
sched_reserve: fused Gated Delta Net (autoregressive) enabled
sched_reserve: fused Gated Delta Net (chunked) enabled
sched_reserve:      CUDA0 compute buffer size =   317.00 MiB
sched_reserve:  CUDA_Host compute buffer size =    28.01 MiB
sched_reserve: graph nodes  = 1639
sched_reserve: graph splits = 408 (with bs=512), 2 (with bs=1)
sched_reserve: reserve took 9.80 ms, sched copies = 1
common_init_from_params: warming up the model with an empty run - please wait ... (--no-warmup to disable)
srv    load_model: initializing slots, n_slots = 4
no implementations specified for speculative decoding
slot   load_model: id  0 | task -1 | speculative decoding context not initialized
slot   load_model: id  0 | task -1 | new slot, n_ctx = 4096
no implementations specified for speculative decoding
slot   load_model: id  1 | task -1 | speculative decoding context not initialized
slot   load_model: id  1 | task -1 | new slot, n_ctx = 4096
no implementations specified for speculative decoding
slot   load_model: id  2 | task -1 | speculative decoding context not initialized
slot   load_model: id  2 | task -1 | new slot, n_ctx = 4096
no implementations specified for speculative decoding
slot   load_model: id  3 | task -1 | speculative decoding context not initialized
slot   load_model: id  3 | task -1 | new slot, n_ctx = 4096
srv    load_model: prompt cache is enabled, size limit: 8192 MiB
srv    load_model: use `--cache-ram 0` to disable the prompt cache
srv    load_model: for more info see https://github.com/ggml-org/llama.cpp/pull/16391
srv          init: init: idle slots will be saved to prompt cache and cleared upon starting a new task
init: chat template, example_format: '<|im_start|>system
You are a helpful assistant<|im_end|>
<|im_start|>user
Hello<|im_end|>
<|im_start|>assistant
Hi there<|im_end|>
<|im_start|>user
How are you?<|im_end|>
<|im_start|>assistant
'
srv          init: init: chat template, thinking = 0
main: model loaded
main: server is listening on http://0.0.0.0:8080
main: starting the main loop...
srv  update_slots: all slots are idle

========== STOP QWEN ==========


========== START QWEN ==========
ggml_cuda_init: found 1 CUDA devices (Total VRAM: 6140 MiB):
  Device 0: NVIDIA GeForce RTX 4050 Laptop GPU, compute capability 8.9, VMM: yes, VRAM: 6140 MiB
load_backend: loaded CUDA backend from D:\repos\112\Simulator112\llama-b8665-bin-win-cuda-13.1-x64\ggml-cuda.dll
load_backend: loaded RPC backend from D:\repos\112\Simulator112\llama-b8665-bin-win-cuda-13.1-x64\ggml-rpc.dll
load_backend: loaded CPU backend from D:\repos\112\Simulator112\llama-b8665-bin-win-cuda-13.1-x64\ggml-cpu-haswell.dll
main: n_parallel is set to auto, using n_parallel = 4 and kv_unified = true
system info: n_threads = 6, n_threads_batch = 6, total_threads = 16

system_info: n_threads = 6 (n_threads_batch = 6) / 16 | CUDA : ARCHS = 750,800,860,890,1200,1210 | USE_GRAPHS = 1 | PEER_MAX_BATCH_SIZE = 128 | CPU : SSE3 = 1 | SSSE3 = 1 | AVX = 1 | AVX2 = 1 | F16C = 1 | FMA = 1 | BMI2 = 1 | LLAMAFILE = 1 | OPENMP = 1 | REPACK = 1 | 

Running without SSL
init: using 15 threads for HTTP server
start: binding port with default address family
main: loading model
srv    load_model: loading model '.\qwen2.5-14b-instruct-q4_k_m.gguf'
common_init_result: fitting params to device memory, for bugs during this step try to reproduce them with -fit off, or provide --verbose logs if the bug only occurs with -fit on
llama_params_fit_impl: projected to use 4242 MiB of device memory vs. 5080 MiB of free device memory
llama_params_fit_impl: cannot meet free memory target of 1024 MiB, need to reduce device memory by 186 MiB
llama_params_fit_impl: context size set by user to 4096 -> no change
llama_params_fit: failed to fit params to free device memory: n_gpu_layers already set by user to 20, abort
llama_params_fit: fitting params to free memory took 0.33 seconds
llama_model_load_from_file_impl: using device CUDA0 (NVIDIA GeForce RTX 4050 Laptop GPU) (0000:01:00.0) - 5080 MiB free
llama_model_loader: loaded meta data with 34 key-value pairs and 579 tensors from .\qwen2.5-14b-instruct-q4_k_m.gguf (version GGUF V3 (latest))
llama_model_loader: Dumping metadata keys/values. Note: KV overrides do not apply in this output.
llama_model_loader: - kv   0:                       general.architecture str              = qwen2
llama_model_loader: - kv   1:                               general.type str              = model
llama_model_loader: - kv   2:                               general.name str              = Qwen2.5 14B Instruct
llama_model_loader: - kv   3:                           general.finetune str              = Instruct
llama_model_loader: - kv   4:                           general.basename str              = Qwen2.5
llama_model_loader: - kv   5:                         general.size_label str              = 14B
llama_model_loader: - kv   6:                            general.license str              = apache-2.0
llama_model_loader: - kv   7:                       general.license.link str              = https://huggingface.co/Qwen/Qwen2.5-1...
llama_model_loader: - kv   8:                   general.base_model.count u32              = 1
llama_model_loader: - kv   9:                  general.base_model.0.name str              = Qwen2.5 14B
llama_model_loader: - kv  10:          general.base_model.0.organization str              = Qwen
llama_model_loader: - kv  11:              general.base_model.0.repo_url str              = https://huggingface.co/Qwen/Qwen2.5-14B
llama_model_loader: - kv  12:                               general.tags arr[str,2]       = ["chat", "text-generation"]
llama_model_loader: - kv  13:                          general.languages arr[str,1]       = ["en"]
llama_model_loader: - kv  14:                          qwen2.block_count u32              = 48
llama_model_loader: - kv  15:                       qwen2.context_length u32              = 32768
llama_model_loader: - kv  16:                     qwen2.embedding_length u32              = 5120
llama_model_loader: - kv  17:                  qwen2.feed_forward_length u32              = 13824
llama_model_loader: - kv  18:                 qwen2.attention.head_count u32              = 40
llama_model_loader: - kv  19:              qwen2.attention.head_count_kv u32              = 8
llama_model_loader: - kv  20:                       qwen2.rope.freq_base f32              = 1000000.000000
llama_model_loader: - kv  21:     qwen2.attention.layer_norm_rms_epsilon f32              = 0.000001
llama_model_loader: - kv  22:                          general.file_type u32              = 15
llama_model_loader: - kv  23:                       tokenizer.ggml.model str              = gpt2
llama_model_loader: - kv  24:                         tokenizer.ggml.pre str              = qwen2
llama_model_loader: - kv  25:                      tokenizer.ggml.tokens arr[str,152064]  = ["!", "\"", "#", "$", "%", "&", "'", ...
llama_model_loader: - kv  26:                  tokenizer.ggml.token_type arr[i32,152064]  = [1, 1, 1, 1, 1, 1, 1, 1, 1, 1, 1, 1, ...
llama_model_loader: - kv  27:                      tokenizer.ggml.merges arr[str,151387]  = ["Ġ Ġ", "ĠĠ ĠĠ", "i n", "Ġ t",...
llama_model_loader: - kv  28:                tokenizer.ggml.eos_token_id u32              = 151645
llama_model_loader: - kv  29:            tokenizer.ggml.padding_token_id u32              = 151643
llama_model_loader: - kv  30:                tokenizer.ggml.bos_token_id u32              = 151643
llama_model_loader: - kv  31:               tokenizer.ggml.add_bos_token bool             = false
llama_model_loader: - kv  32:                    tokenizer.chat_template str              = {%- if tools %}\n    {{- '<|im_start|>...
llama_model_loader: - kv  33:               general.quantization_version u32              = 2
llama_model_loader: - type  f32:  241 tensors
llama_model_loader: - type q4_K:  289 tensors
llama_model_loader: - type q6_K:   49 tensors
print_info: file format = GGUF V3 (latest)
print_info: file type   = Q4_K - Medium
print_info: file size   = 8.37 GiB (4.87 BPW) 
load: 0 unused tokens
load: control-looking token: 128247 '</s>' was not control-type; this is probably a bug in the model. its type will be overridden
load: printing all EOG tokens:
load:   - 128247 ('</s>')
load:   - 151643 ('<|endoftext|>')
load:   - 151645 ('<|im_end|>')
load:   - 151662 ('<|fim_pad|>')
load:   - 151663 ('<|repo_name|>')
load:   - 151664 ('<|file_sep|>')
load: special tokens cache size = 23
load: token to piece cache size = 0.9310 MB
print_info: arch                  = qwen2
print_info: vocab_only            = 0
print_info: no_alloc              = 0
print_info: n_ctx_train           = 32768
print_info: n_embd                = 5120
print_info: n_embd_inp            = 5120
print_info: n_layer               = 48
print_info: n_head                = 40
print_info: n_head_kv             = 8
print_info: n_rot                 = 128
print_info: n_swa                 = 0
print_info: is_swa_any            = 0
print_info: n_embd_head_k         = 128
print_info: n_embd_head_v         = 128
print_info: n_gqa                 = 5
print_info: n_embd_k_gqa          = 1024
print_info: n_embd_v_gqa          = 1024
print_info: f_norm_eps            = 0.0e+00
print_info: f_norm_rms_eps        = 1.0e-06
print_info: f_clamp_kqv           = 0.0e+00
print_info: f_max_alibi_bias      = 0.0e+00
print_info: f_logit_scale         = 0.0e+00
print_info: f_attn_scale          = 0.0e+00
print_info: n_ff                  = 13824
print_info: n_expert              = 0
print_info: n_expert_used         = 0
print_info: n_expert_groups       = 0
print_info: n_group_used          = 0
print_info: causal attn           = 1
print_info: pooling type          = -1
print_info: rope type             = 2
print_info: rope scaling          = linear
print_info: freq_base_train       = 1000000.0
print_info: freq_scale_train      = 1
print_info: n_ctx_orig_yarn       = 32768
print_info: rope_yarn_log_mul     = 0.0000
print_info: rope_finetuned        = unknown
print_info: model type            = 14B
print_info: model params          = 14.77 B
print_info: general.name          = Qwen2.5 14B Instruct
print_info: vocab type            = BPE
print_info: n_vocab               = 152064
print_info: n_merges              = 151387
print_info: BOS token             = 151643 '<|endoftext|>'
print_info: EOS token             = 151645 '<|im_end|>'
print_info: EOT token             = 151645 '<|im_end|>'
print_info: PAD token             = 151643 '<|endoftext|>'
print_info: LF token              = 198 'Ċ'
print_info: FIM PRE token         = 151659 '<|fim_prefix|>'
print_info: FIM SUF token         = 151661 '<|fim_suffix|>'
print_info: FIM MID token         = 151660 '<|fim_middle|>'
print_info: FIM PAD token         = 151662 '<|fim_pad|>'
print_info: FIM REP token         = 151663 '<|repo_name|>'
print_info: FIM SEP token         = 151664 '<|file_sep|>'
print_info: EOG token             = 128247 '</s>'
print_info: EOG token             = 151643 '<|endoftext|>'
print_info: EOG token             = 151645 '<|im_end|>'
print_info: EOG token             = 151662 '<|fim_pad|>'
print_info: EOG token             = 151663 '<|repo_name|>'
print_info: EOG token             = 151664 '<|file_sep|>'
print_info: max token length      = 256
load_tensors: loading model tensors, this can take a while... (mmap = true, direct_io = false)
load_tensors: offloading output layer to GPU
load_tensors: offloading 19 repeating layers to GPU
load_tensors: offloaded 20/49 layers to GPU
load_tensors:   CPU_Mapped model buffer size =  4944.60 MiB
load_tensors:        CUDA0 model buffer size =  3621.44 MiB
...........................................................................................
common_init_result: added </s> logit bias = -inf
common_init_result: added <|endoftext|> logit bias = -inf
common_init_result: added <|im_end|> logit bias = -inf
common_init_result: added <|fim_pad|> logit bias = -inf
common_init_result: added <|repo_name|> logit bias = -inf
common_init_result: added <|file_sep|> logit bias = -inf
llama_context: constructing llama_context
llama_context: n_seq_max     = 4
llama_context: n_ctx         = 4096
llama_context: n_ctx_seq     = 4096
llama_context: n_batch       = 2048
llama_context: n_ubatch      = 512
llama_context: causal_attn   = 1
llama_context: flash_attn    = auto
llama_context: kv_unified    = true
llama_context: freq_base     = 1000000.0
llama_context: freq_scale    = 1
llama_context: n_ctx_seq (4096) < n_ctx_train (32768) -- the full capacity of the model will not be utilized
llama_context:  CUDA_Host  output buffer size =     2.32 MiB
llama_kv_cache:        CPU KV buffer size =   464.00 MiB
llama_kv_cache:      CUDA0 KV buffer size =   304.00 MiB
llama_kv_cache: size =  768.00 MiB (  4096 cells,  48 layers,  4/1 seqs), K (f16):  384.00 MiB, V (f16):  384.00 MiB
llama_kv_cache: attn_rot_k = 0
llama_kv_cache: attn_rot_v = 0
sched_reserve: reserving ...
sched_reserve: Flash Attention was auto, set to enabled
sched_reserve: resolving fused Gated Delta Net support:
sched_reserve: fused Gated Delta Net (autoregressive) enabled
sched_reserve: fused Gated Delta Net (chunked) enabled
sched_reserve:      CUDA0 compute buffer size =   317.00 MiB
sched_reserve:  CUDA_Host compute buffer size =    28.01 MiB
sched_reserve: graph nodes  = 1639
sched_reserve: graph splits = 408 (with bs=512), 2 (with bs=1)
sched_reserve: reserve took 10.75 ms, sched copies = 1
common_init_from_params: warming up the model with an empty run - please wait ... (--no-warmup to disable)
srv    load_model: initializing slots, n_slots = 4
no implementations specified for speculative decoding
slot   load_model: id  0 | task -1 | speculative decoding context not initialized
slot   load_model: id  0 | task -1 | new slot, n_ctx = 4096
no implementations specified for speculative decoding
slot   load_model: id  1 | task -1 | speculative decoding context not initialized
slot   load_model: id  1 | task -1 | new slot, n_ctx = 4096
no implementations specified for speculative decoding
slot   load_model: id  2 | task -1 | speculative decoding context not initialized
slot   load_model: id  2 | task -1 | new slot, n_ctx = 4096
no implementations specified for speculative decoding
slot   load_model: id  3 | task -1 | speculative decoding context not initialized
slot   load_model: id  3 | task -1 | new slot, n_ctx = 4096
srv    load_model: prompt cache is enabled, size limit: 8192 MiB
srv    load_model: use `--cache-ram 0` to disable the prompt cache
srv    load_model: for more info see https://github.com/ggml-org/llama.cpp/pull/16391
srv          init: init: idle slots will be saved to prompt cache and cleared upon starting a new task
init: chat template, example_format: '<|im_start|>system
You are a helpful assistant<|im_end|>
<|im_start|>user
Hello<|im_end|>
<|im_start|>assistant
Hi there<|im_end|>
<|im_start|>user
How are you?<|im_end|>
<|im_start|>assistant
'
srv          init: init: chat template, thinking = 0
main: model loaded
main: server is listening on http://0.0.0.0:8080
main: starting the main loop...
srv  update_slots: all slots are idle

========== STOP QWEN ==========
